date,MU,SK Hynix,Samsung,SNDK,NVDA,AMD,AVGO,MRVL,CRDO,INTC,QCOM,CBRS,AMAT,LRCX,KLAC,LITE,COHR,AAOI,VRT,BE,ENPH,CRWD,DDOG,PANW,WDAY,TEAM,NOW,HUBS,SHOP,ADBE,MDB,U,CDNS,AMZN,GOOG,TSLA,DELL,UBER,IONQ,NKE,LULU,AS
2025-06-13,115.32394409179688,234520.0,57289.55078125,42.5,141.7811737060547,116.16000366210938,246.7010955810547,67.00884246826172,73.48999786376953,20.139999389648438,151.52627563476562,,169.34768676757812,88.86885070800781,862.1135864257812,82.46499633789062,77.37000274658203,15.470000267028809,110.83299255371094,21.950000762939453,45.599998474121094,480.6199951171875,120.44999694824219,196.27000427246094,244.5399932861328,196.82000732421875,197.73199462890625,554.5900268554688,105.33999633789062,391.67999267578125,205.6300048828125,23.65999984741211,300.0,212.10000610351562,175.3791961669922,325.30999755859375,107.9190673828125,83.93000030517578,37.84000015258789,58.91335678100586,239.11000061035156,36.2400016784668
2025-06-16,119.55382537841797,246967.984375,56208.62109375,44.209999084472656,144.49754333496094,126.38999938964844,250.07376098632812,70.23013305664062,79.16999816894531,20.739999771118164,153.63189697265625,,175.26429748535156,92.73056030273438,886.6653442382812,85.77999877929688,80.76000213623047,17.09000015258789,116.3460693359375,22.90999984741211,45.93000030517578,479.3900146484375,121.93000030517578,198.11000061035156,245.64999389648438,200.32000732421875,201.0260009765625,549.5700073242188,108.37000274658203,401.7300109863281,202.5,24.399999618530273,300.80999755859375,216.10000610351562,177.43333435058594,329.1300048828125,112.03646087646484,85.12000274658203,38.43000030517578,60.246768951416016,241.2899932861328,37.119998931884766
2025-06-17,120.0526351928711,247963.84375,57093.0234375,44.09000015258789,143.9282989501953,127.0999984741211,247.36569213867188,69.80128479003906,79.70999908447266,20.799999237060547,151.27163696289062,,172.82220458984375,91.98602294921875,887.2813720703125,86.34500122070312,79.7699966430664,16.780000686645508,116.50592803955078,21.34000015258789,34.91999816894531,492.0299987792969,124.83999633789062,202.0500030517578,242.6999969482422,198.1999969482422,200.98199462890625,554.8499755859375,106.52999877929688,382.67999267578125,205.60000610351562,23.549999237060547,299.0,214.82000732421875,176.725341796875,316.3500061035156,114.19366455078125,84.76000213623047,38.040000915527344,58.397518157958984,235.1999969482422,36.060001373291016
2025-06-18,121.52910614013672,245474.234375,58763.55859375,46.619998931884766,145.2864990234375,126.79000091552734,249.24050903320312,74.74791717529297,85.58999633789062,21.489999771118164,150.45877075195312,,171.58131408691406,91.79692077636719,865.5811767578125,88.45999908447266,82.29000091552734,19.770000457763672,118.97371673583984,21.5,36.380001068115234,485.1600036621094,130.0399932861328,199.77999877929688,236.8800048828125,196.13999938964844,196.41600036621094,544.4600219726562,105.97000122070312,378.0400085449219,204.14999389648438,23.90999984741211,296.8399963378906,212.52000427246094,173.48458862304688,322.04998779296875,114.81422424316406,83.44000244140625,39.630001068115234,57.92060089111328,228.64999389648438,36.189998626708984
2025-06-20,123.30485534667969,255930.546875,58468.7578125,46.58000183105469,143.65866088867188,128.24000549316406,248.5644073486328,73.31180572509766,85.51000213623047,21.079999923706055,148.19647216796875,,168.22593688964844,90.05532836914062,844.5567626953125,89.66000366210938,81.19999694824219,23.450000762939453,118.4342041015625,21.75,35.849998474121094,476.29998779296875,127.5,199.24000549316406,238.19000244140625,189.52999877929688,194.28199768066406,534.510009765625,106.4000015258789,376.9200134277344,201.5,23.06999969482422,295.3999938964844,209.69000244140625,167.2523956298828,322.1600036621094,117.58214569091797,83.77999877929688,40.36000061035156,58.1931266784668,227.47000122070312,36.41999816894531
2025-06-23,121.78848266601562,258420.125,56994.75390625,46.95000076293945,143.97824096679688,129.5800018310547,252.32284545898438,70.58916473388672,84.56999969482422,21.190000534057617,149.9788818359375,,170.7077178955078,91.16995239257812,850.7965698242188,89.16000366210938,80.63999938964844,22.56999969482422,116.43598175048828,22.559999465942383,34.560001373291016,491.80999755859375,129.52000427246094,203.32000732421875,236.5800018310547,192.74000549316406,196.0800018310547,536.510009765625,109.9800033569336,380.1199951171875,203.24000549316406,23.299999237060547,293.55999755859375,208.47000122070312,165.5372772216797,348.67999267578125,116.25234985351562,85.23999786376953,41.13999938964844,59.156681060791016,225.55999755859375,37.119998931884766
2025-06-24,127.60456848144531,277341.0625,59451.42578125,47.34000015258789,147.70326232910156,138.42999267578125,262.2658386230469,75.00721740722656,91.91999816894531,22.549999237060547,152.49583435058594,,178.86785888671875,95.17063903808594,883.3367919921875,91.80999755859375,80.95999908447266,23.290000915527344,122.21083068847656,22.950000762939453,38.380001068115234,485.3800048828125,130.8300018310547,201.69000244140625,239.19000244140625,200.6699981689453,199.26400756835938,557.3200073242188,114.41999816894531,382.3399963378906,209.25,24.040000915527344,296.79998779296875,212.77000427246094,167.2623748779297,340.4700012207031,118.78386688232422,91.6500015258789,40.86000061035156,59.77958679199219,232.92999267578125,37.68000030517578
2025-06-25,126.94613647460938,284809.875,60237.55859375,47.25,154.104736328125,143.39999389648438,263.14080810546875,75.72528076171875,92.19999694824219,22.200000762939453,152.71128845214844,,181.73683166503906,95.55876922607422,887.7384643554688,91.7699966430664,85.62999725341797,26.229999542236328,121.53143310546875,21.600000381469727,38.11000061035156,494.0899963378906,130.24000549316406,204.3000030517578,233.4600067138672,198.36000061035156,201.03199768066406,543.3599853515625,113.88999938964844,387.54998779296875,206.75999450683594,24.149999618530273,297.5299987792969,211.99000549316406,171.00169372558594,327.54998779296875,118.65581512451172,90.9000015258789,38.11000061035156,59.20534896850586,231.52000427246094,37.310001373291016
2025-06-26,125.6991195678711,291780.75,59156.625,47.439998626708984,154.81381225585938,143.67999267578125,268.6293029785156,79.75438690185547,95.05000305175781,22.5,154.92465209960938,,182.1835479736328,96.37482452392578,897.15771484375,94.70999908447266,89.87999725341797,27.770000457763672,123.68950653076172,22.329999923706055,43.0,505.2200012207031,131.1199951171875,202.33999633789062,237.2100067138672,198.5,202.28799438476562,547.760009765625,113.06999969482422,384.95001220703125,209.1999969482422,23.399999618530273,303.69000244140625,217.1199951171875,173.93331909179688,325.7799987792969,124.0931396484375,93.12000274658203,41.119998931884766,60.86967086791992,231.5800018310547,37.849998474121094
2025-06-27,124.46208953857422,282818.1875,60112.6953125,47.150001525878906,157.54017639160156,143.80999755859375,267.81402587890625,76.95195770263672,93.48999786376953,22.690000534057617,155.2674102783203,,181.8758087158203,96.73310089111328,884.1714477539062,94.75,87.2300033569336,26.219999313354492,127.0465087890625,22.18000030517578,40.880001068115234,499.3299865722656,132.0800018310547,200.57000732421875,237.3699951171875,202.32000732421875,204.48399353027344,550.6300048828125,113.6500015258789,385.8299865722656,209.9199981689453,24.31999969482422,305.20001220703125,223.3000030517578,177.76239013671875,323.6300048828125,122.13294219970703,91.52999877929688,40.25,70.11595153808594,235.02000427246094,39.36000061035156
2025-06-30,122.95568084716797,290784.90625,59124.0,45.349998474121094,157.77984619140625,141.89999389648438,274.0780334472656,77.19131469726562,92.58999633789062,22.399999618530273,155.97254943847656,,181.73683166503906,96.87242126464844,890.0037841796875,95.05999755859375,89.20999908447266,25.690000534057617,128.29539489746094,23.920000076293945,39.650001525878906,509.30999755859375,134.3300018310547,204.63999938964844,240.0,203.08999633789062,205.61599731445312,556.6300048828125,115.3499984741211,386.8800048828125,209.99000549316406,24.200000762939453,308.1499938964844,219.38999938964844,176.8848876953125,317.6600036621094,120.76376342773438,93.30000305175781,42.970001220703125,69.14265441894531,237.5800018310547,38.7599983215332
2025-07-01,120.60132598876953,284311.96875,59519.4765625,44.959999084472656,153.09608459472656,136.11000061035156,263.2302551269531,76.03443908691406,87.58999633789062,22.850000381469727,156.10968017578125,,182.42178344726562,96.344970703125,893.0939331054688,91.48999786376953,86.63999938964844,25.350000381469727,122.43063354492188,22.1299991607666,40.90999984741211,492.07000732421875,132.3300018310547,197.5800018310547,239.22999572753906,207.7100067138672,202.3780059814453,557.8599853515625,112.66999816894531,392.1000061035156,206.0399932861328,24.010000228881836,309.4599914550781,220.4600067138672,176.40626525878906,300.7099914550781,119.90679168701172,92.12999725341797,40.099998474121094,71.4493637084961,245.1199951171875,37.66999816894531
2025-07-02,121.44929504394531,277838.9375,60112.6953125,46.209999084472656,157.0408477783203,138.52000427246094,268.36083984375,74.0498046875,89.37000274658203,21.8799991607666,158.9694061279297,,188.62628173828125,98.35527038574219,915.201416015625,91.23999786376953,88.36000061035156,26.690000534057617,124.21904754638672,22.559999465942383,40.970001220703125,496.1000061035156,135.00999450683594,196.97000122070312,237.74000549316406,206.77999877929688,201.95199584960938,546.02001953125,114.7699966430664,378.4700012207031,204.42999267578125,24.280000686645508,310.95001220703125,219.9199981689453,179.2481231689453,315.6499938964844,121.63058471679688,92.05000305175781,44.75,74.34976196289062,246.3000030517578,38.189998626708984
2025-07-03,121.99797821044922,277341.0625,63078.78125,46.40999984741211,159.12803649902344,137.91000366210938,273.6107482910156,74.97730255126953,93.61000061035156,22.489999771118164,158.86166381835938,,189.65870666503906,98.33535766601562,918.6591186523438,92.75,90.9000015258789,28.65999984741211,127.72589874267578,24.239999771118164,42.56999969482422,514.0999755859375,155.14999389648438,201.82000732421875,241.75999450683594,213.52999877929688,208.93800354003906,560.8599853515625,116.5199966430664,379.30999755859375,211.33999633789062,26.1299991607666,326.80999755859375,223.41000366210938,180.03590393066406,315.3500061035156,123.34452819824219,93.62999725341797,44.38999938964844,74.34976196289062,247.67999267578125,38.869998931884766
2025-07-07,119.74624633789062,269872.28125,61002.5234375,45.220001220703125,158.02951049804688,134.8000030517578,272.616455078125,71.35708618164062,92.7300033569336,22.0,154.8267059326172,,189.3906707763672,97.6685791015625,906.7757568359375,91.08000183105469,88.05000305175781,26.440000534057617,126.14730834960938,24.360000610351562,42.459999084472656,505.4599914550781,152.41000366210938,201.4199981689453,241.2100067138672,216.0500030517578,207.0019989013672,555.5800170898438,116.66000366210938,376.92999267578125,210.00999450683594,27.860000610351562,320.29998779296875,223.47000122070312,177.05441284179688,293.94000244140625,122.90126037597656,96.68000030517578,45.20000076293945,74.48603057861328,237.57000732421875,38.310001373291016
2025-07-08,124.2397232055664,280826.5,60705.91015625,46.16999816894531,159.78717041015625,137.82000732421875,270.25,71.75601196289062,93.36000061035156,23.59000015258789,156.15863037109375,,193.5700225830078,99.35047149658203,913.3334350585938,91.30999755859375,90.4000015258789,26.8799991607666,125.77764129638672,24.299999237060547,40.939998626708984,507.7099914550781,145.94000244140625,203.99000549316406,240.47000122070312,219.36000061035156,204.5959930419922,557.4199829101562,112.4800033569336,382.239990234375,208.89999389648438,29.399999618530273,323.2799987792969,219.36000061035156,174.6612548828125,297.80999755859375,122.5269546508789,97.4800033569336,44.970001220703125,71.94573974609375,238.5399932861328,37.81999969482422
2025-07-09,122.0628890991211,279830.6875,59717.21875,46.20000076293945,162.66334533691406,138.41000366210938,276.31524658203125,72.065185546875,97.58999633789062,23.440000534057617,156.0607147216797,,193.9670867919922,99.33055877685547,917.2681274414062,90.44000244140625,91.25,27.920000076293945,128.25543212890625,28.709999084472656,42.849998474121094,513.510009765625,142.75,206.05999755859375,240.1699981689453,220.88999938964844,202.74200439453125,560.5499877929688,114.31999969482422,373.3800048828125,217.1199951171875,29.350000381469727,322.9100036621094,222.5399932861328,177.1541290283203,295.8800048828125,124.73340606689453,96.63999938964844,45.560001373291016,71.59535217285156,235.88999938964844,38.5
2025-07-10,122.93162536621094,295764.0625,60310.4375,46.95000076293945,163.88172912597656,144.16000366210938,273.8294677734375,73.16221618652344,97.29000091552734,23.81999969482422,155.80606079101562,,196.58786010742188,100.5745620727539,922.6732788085938,92.62000274658203,93.72000122070312,28.25,120.61225891113281,25.850000381469727,42.970001220703125,487.1099853515625,137.49000549316406,192.07000732421875,229.3000030517578,200.0500030517578,193.6179962158203,553.77001953125,115.16000366210938,371.42999267578125,209.27000427246094,29.15999984741211,322.6600036621094,222.25999450683594,178.19114685058594,309.8699951171875,125.9942398071289,96.4000015258789,45.93000030517578,72.62704467773438,238.52000427246094,38.13999938964844
2025-07-11,124.34957122802734,293274.5,61892.34765625,46.09000015258789,164.7006378173828,146.4199981689453,272.8153076171875,72.57331848144531,98.5199966430664,23.43000030517578,154.209716796875,,196.48858642578125,101.24134826660156,918.6591186523438,92.98999786376953,93.30000305175781,28.399999618530273,123.1899642944336,25.399999618530273,41.86000061035156,478.45001220703125,137.3699951171875,187.38999938964844,223.3699951171875,187.00999450683594,187.75599670410156,524.27001953125,112.11000061035156,363.3500061035156,202.50999450683594,28.93000030517578,320.6000061035156,225.02000427246094,180.79371643066406,313.510009765625,124.93040466308594,95.38999938964844,41.810001373291016,70.690185546875,236.50999450683594,38.13999938964844
2025-07-14,118.43814849853516,298751.59375,61793.4765625,42.47999954223633,163.85177612304688,146.24000549316406,274.0283508300781,72.37368774414062,98.69999694824219,23.299999237060547,151.1051483154297,,195.66464233398438,99.1414794921875,915.9367065429688,92.23999786376953,94.5199966430664,29.4950008392334,124.60868835449219,25.959999084472656,41.97999954223633,476.17999267578125,138.8000030517578,190.72000122070312,224.75999450683594,191.61000061035156,192.3560028076172,538.5999755859375,116.73999786376953,366.989990234375,201.52999877929688,29.219999313354492,317.489990234375,225.69000244140625,182.28945922851562,316.8999938964844,123.78777313232422,93.88999938964844,42.40999984741211,70.32034301757812,228.88999938964844,39.0099983215332
2025-07-15,119.93596649169922,297257.84375,62979.9140625,42.720001220703125,170.4729461669922,155.61000061035156,279.337890625,72.27388763427734,102.58999633789062,22.920000076293945,151.1149444580078,,197.8386993408203,100.58450317382812,930.5326538085938,98.13999938964844,96.06999969482422,29.239999771118164,127.2563247680664,25.309999465942383,40.25,473.2799987792969,140.55999755859375,192.25,224.9199981689453,187.69000244140625,191.38400268554688,528.9099731445312,115.05000305175781,364.17999267578125,208.66000366210938,29.690000534057617,318.0400085449219,226.35000610351562,182.57864379882812,310.7799987792969,123.80748748779297,92.20999908447266,41.470001220703125,70.0672836303711,222.19000244140625,39.41999816894531
2025-07-16,116.26130676269531,294768.21875,63968.609375,41.36000061035156,171.14207458496094,160.0800018310547,279.2086181640625,70.71681213378906,101.19000244140625,22.690000534057617,150.8896942138672,,193.39132690429688,99.88787841796875,927.5120849609375,99.62999725341797,97.81999969482422,28.985000610351562,125.28807830810547,24.690000534057617,39.029998779296875,470.45001220703125,139.36000061035156,192.58999633789062,226.72999572753906,190.4499969482422,193.3939971923828,541.530029296875,120.0,361.7699890136719,209.63999938964844,33.939998626708984,314.5799865722656,223.19000244140625,183.24673461914062,321.6700134277344,121.71923828125,90.75,43.540000915527344,70.17434692382812,226.11000061035156,39.27000045776367
2025-07-17,113.09589385986328,268378.5,65946.0,41.52000045776367,172.76988220214844,160.41000366210938,284.8164978027344,71.8746337890625,98.44999694824219,22.799999237060547,149.4598388671875,,191.1179962158203,100.30586242675781,931.0791015625,102.63999938964844,100.27999877929688,29.420000076293945,131.00296020507812,24.309999465942383,38.7400016784668,469.8299865722656,143.14999389648438,196.27999877929688,230.88999938964844,190.6199951171875,191.8300018310547,528.5999755859375,126.75,366.45001220703125,218.52999877929688,36.52000045776367,320.8599853515625,223.8800048828125,184.174072265625,319.4100036621094,122.02458190917969,90.5,44.84000015258789,71.03084564208984,233.30999755859375,39.150001525878906
2025-07-18,114.22425842285156,267880.59375,66341.4765625,42.189998626708984,172.18067932128906,156.99000549316406,281.7242126464844,74.50967407226562,93.47000122070312,23.100000381469727,151.60462951660156,,189.05316162109375,100.17648315429688,925.1572875976562,102.22000122070312,99.5999984741211,28.6299991607666,128.94480895996094,24.989999771118164,39.58000183105469,475.9599914550781,145.02000427246094,195.77999877929688,233.05999755859375,194.86000061035156,192.67999267578125,542.4099731445312,127.06999969482422,365.7900085449219,221.2100067138672,36.75,315.57000732421875,226.1300048828125,185.4105682373047,329.6499938964844,129.27435302734375,90.58999633789062,46.5099983215332,70.53446960449219,229.77000427246094,38.470001220703125
2025-07-21,113.06594848632812,271366.0,67033.5625,41.61000061035156,171.1520538330078,157.0,286.56640625,72.92265319824219,95.73999786376953,23.260000228881836,155.6885528564453,,191.20733642578125,101.25128936767578,931.7548217773438,103.83999633789062,99.87999725341797,28.229999542236328,126.09735870361328,25.360000610351562,39.65999984741211,481.5799865722656,145.27000427246094,199.8800048828125,233.7100067138672,194.36000061035156,191.98199462890625,546.6400146484375,128.42999267578125,367.67999267578125,222.24000549316406,35.91999816894531,316.32000732421875,229.3000030517578,190.60569763183594,328.489990234375,127.02851867675781,91.16000366210938,44.43000030517578,72.04306030273438,223.2100067138672,38.18000030517578
2025-07-22,109.06175231933594,267382.71875,65253.91796875,41.36000061035156,166.80783081054688,154.72000122070312,277.00128173828125,71.85467529296875,92.93000030517578,23.239999771118164,154.72877502441406,,185.77719116210938,97.22074890136719,886.50634765625,99.62999725341797,97.0199966430664,26.350000381469727,125.17818450927734,25.93000030517578,42.5,471.2300109863281,144.88999938964844,196.72999572753906,239.11000061035156,198.44000244140625,192.4739990234375,549.719970703125,123.70999908447266,372.8699951171875,224.2949981689453,34.22999954223633,319.6000061035156,227.47000122070312,191.56297302246094,332.1099853515625,122.96846008300781,91.79000091552734,41.939998626708984,73.37648010253906,223.92999267578125,37.369998931884766
2025-07-23,109.67086791992188,267880.59375,65649.390625,43.0,170.5528564453125,158.64999389648438,282.0722351074219,73.13226318359375,98.41000366210938,23.489999771118164,156.57977294921875,,185.6481170654297,96.63358306884766,891.3451538085938,102.12999725341797,98.43000030517578,26.30500030517578,130.0738067626953,26.889999389648438,36.47999954223633,461.5199890136719,144.0,199.22000122070312,241.02999877929688,202.57000732421875,191.28599548339844,560.9000244140625,122.20999908447266,372.4599914550781,228.25,33.40999984741211,326.4599914550781,228.2899932861328,190.9646759033203,332.55999755859375,125.82681274414062,89.94000244140625,43.279998779296875,74.70014953613281,224.02999877929688,37.72999954223633
2025-07-24,111.56810760498047,268378.5,65253.91796875,42.060001373291016,173.5089111328125,162.1199951171875,287.0635681152344,73.90081024169922,101.16999816894531,22.6299991607666,155.56121826171875,,186.75003051757812,97.31031036376953,898.3897705078125,102.8499984741211,98.72000122070312,25.84000015258789,130.75320434570312,33.060001373291016,35.52000045776367,462.0299987792969,146.55999755859375,201.16000366210938,237.1999969482422,199.8300018310547,199.23599243164062,552.1599731445312,122.08000183105469,371.69000244140625,235.16000366210938,33.34000015258789,324.6400146484375,232.22999572753906,192.64987182617188,305.29998779296875,126.94444274902344,90.87000274658203,43.900001525878906,73.40567779541016,218.69000244140625,36.81999969482422
2025-07-25,111.09879302978516,264893.09375,65155.046875,42.47999954223633,173.26922607421875,166.47000122070312,288.5251770019531,74.07049560546875,101.22000122070312,20.700000762939453,155.13031005859375,,184.33773803710938,96.49425506591797,896.3131713867188,104.5199966430664,100.13999938964844,27.1299991607666,137.34730529785156,34.34000015258789,35.40999984741211,467.9200134277344,149.83999633789062,203.27000427246094,241.74000549316406,203.0,193.75799560546875,559.6599731445312,124.43000030517578,370.739990234375,241.3699951171875,32.77000045776367,332.19000244140625,231.44000244140625,193.52737426757812,316.05999755859375,129.78302001953125,91.29000091552734,43.16999816894531,74.23297119140625,219.42999267578125,37.65999984741211
2025-07-28,111.08881378173828,260909.75,69604.171875,41.88999938964844,176.51490783691406,173.66000366210938,292.6216735839844,75.76730346679688,107.94999694824219,20.68000030517578,157.72561645507812,,188.8843994140625,98.14627838134766,917.2383422851562,107.16999816894531,104.30000305175781,25.219999313354492,142.4227752685547,34.779998779296875,34.95000076293945,472.17999267578125,150.77000427246094,204.5,238.0399932861328,201.83999633789062,197.14999389648438,559.22998046875,126.83999633789062,369.4700012207031,244.41000366210938,33.4900016784668,333.760009765625,232.7899932861328,192.86923217773438,325.5899963378906,132.3940887451172,90.5999984741211,42.34000015258789,77.12364959716797,216.58999633789062,38.599998474121094
2025-07-29,111.79778289794922,261407.65625,69801.90625,42.93000030517578,175.2765350341797,177.44000244140625,295.72393798828125,76.19649505615234,109.37999725341797,20.40999984741211,158.73435974121094,,187.03794860839844,98.4647445678711,910.2235107421875,109.4800033569336,106.9800033569336,24.110000610351562,142.5726318359375,34.75,33.47999954223633,465.510009765625,150.27000427246094,193.83999633789062,239.6300048828125,200.05999755859375,198.63999938964844,548.3300170898438,124.8499984741211,370.70001220703125,240.8800048828125,32.540000915527344,366.260009765625,231.00999450683594,195.87066650390625,321.20001220703125,132.0479278564453,87.11000061035156,40.529998779296875,76.23795318603516,214.0399932861328,38.34000015258789
2025-07-30,114.5737533569336,262403.46875,71779.3046875,43.38999938964844,179.03155517578125,179.50999450683594,300.894287109375,81.58634185791016,116.01000213623047,20.34000015258789,155.7766876220703,,188.01080322265625,98.61402130126953,919.0665893554688,109.8499984741211,107.2300033569336,23.059999465942383,144.04132080078125,37.619998931884766,33.400001525878906,463.1499938964844,148.8800048828125,183.02999877929688,237.67999267578125,197.19000244140625,195.49600219726562,538.22998046875,123.01000213623047,364.0,244.36000061035156,32.970001220703125,371.0299987792969,230.19000244140625,196.87779235839844,319.0400085449219,132.07760620117188,87.63999938964844,39.880001068115234,74.63201904296875,206.47000122070312,38.849998474121094
2025-07-31,108.98186492919922,272361.875,70592.8671875,42.91999816894531,177.6334228515625,176.30999755859375,292.025146484375,80.21892547607422,111.55000305175781,19.799999237060547,143.7305908203125,,178.7487335205078,94.38443756103516,873.40087890625,110.08000183105469,107.5999984741211,22.8700008392334,145.47006225585938,37.38999938964844,32.36000061035156,454.57000732421875,139.97999572753906,173.60000610351562,229.3800048828125,191.77999877929688,188.62399291992188,519.6500244140625,122.20999908447266,357.69000244140625,237.88999938964844,33.36000061035156,364.57000732421875,234.11000061035156,192.3108367919922,308.2699890136719,131.23692321777344,87.75,39.869998931884766,72.69518280029297,200.52999877929688,37.540000915527344
2025-08-01,104.72804260253906,256926.375,68121.1328125,41.33000183105469,173.4889373779297,171.6999969482422,286.9939880371094,74.31004333496094,107.55999755859375,19.309999465942383,145.13107299804688,,178.67926025390625,95.90708923339844,880.962158203125,106.68000030517578,102.79000091552734,21.530000686645508,141.46363830566406,36.720001220703125,31.43000030517578,446.6600036621094,135.60000610351562,172.8800048828125,222.22000122070312,182.9600067138672,182.87399291992188,498.510009765625,118.5999984741211,347.79998779296875,220.97000122070312,31.829999923706055,356.9700012207031,214.75,189.40911865234375,302.6300048828125,125.92571258544922,86.91000366210938,38.119998931884766,72.62704467773438,193.3300018310547,36.5099983215332
2025-08-04,107.61384582519531,256926.375,68912.0859375,42.5099983215332,179.7605743408203,176.77999877929688,296.0221862792969,76.38613891601562,114.69999694824219,19.5,144.46510314941406,,181.4886474609375,97.93728637695312,909.7564697265625,111.12999725341797,106.73999786376953,22.190000534057617,140.0748748779297,36.099998474121094,31.690000534057617,454.8599853515625,139.1300048828125,171.0,225.1199951171875,185.69000244140625,184.60000610351562,502.20001220703125,125.20999908447266,338.8500061035156,226.55999755859375,34.0099983215332,364.8800048828125,211.64999389648438,195.19261169433594,309.260009765625,128.8038330078125,88.43000030517578,39.86000061035156,72.82170104980469,196.4499969482422,38.709999084472656
2025-08-05,108.9019775390625,262403.46875,69109.828125,41.93000030517578,178.0228729248047,174.30999755859375,291.259521484375,76.48594665527344,110.29000091552734,20.190000534057617,143.68162536621094,,177.84535217285156,96.21559143066406,877.7527465820312,108.1500015258789,105.5999984741211,21.415000915527344,138.6361541748047,37.61000061035156,31.90999984741211,441.75,132.94000244140625,169.08999633789062,224.97999572753906,185.44000244140625,181.0240020751953,492.1600036621094,127.0,338.739990234375,228.25,33.939998626708984,360.5,213.75,194.7638397216797,308.7200012207031,129.0511016845703,89.38999938964844,42.02000045776367,72.39344787597656,195.07000732421875,37.970001220703125
2025-08-06,108.62238311767578,257424.28125,68022.2578125,42.099998474121094,179.1813507080078,163.1199951171875,299.94970703125,75.17840576171875,117.33999633789062,20.40999984741211,142.82957458496094,,176.8427276611328,95.4791488647461,882.5916137695312,110.01000213623047,107.1500015258789,23.229999542236328,139.62527465820312,38.86000061035156,30.110000610351562,451.69000244140625,136.9600067138672,172.88999938964844,229.0800018310547,185.5,182.46200561523438,492.6199951171875,154.89999389648438,345.6199951171875,235.82000732421875,31.920000076293945,360.1600036621094,222.30999755859375,196.35926818847656,319.9100036621094,126.73674011230469,89.22000122070312,41.22999954223633,73.46407318115234,196.50999450683594,38.97999954223633
2025-08-07,111.70791625976562,260909.75,69703.046875,40.689998626708984,180.52957153320312,172.39999389648438,302.02777099609375,75.7074203491211,119.77999877929688,19.770000457763672,142.88833618164062,,181.81622314453125,98.6737289428711,906.2192993164062,111.12999725341797,113.81999969482422,22.329999923706055,139.26559448242188,36.79999923706055,31.790000915527344,425.0,136.3800048828125,168.10000610351562,220.97999572753906,171.0,174.82400512695312,461.8699951171875,151.07000732421875,338.2699890136719,227.86000061035156,33.56999969482422,354.3299865722656,223.1300048828125,196.71826171875,322.2699890136719,132.46331787109375,92.66999816894531,40.4900016784668,72.3642578125,191.13999938964844,37.83000183105469
2025-08-08,118.71773529052734,255432.625,70988.34375,44.34000015258789,182.4569854736328,172.75999450683594,303.23089599609375,77.1946029663086,120.41000366210938,19.950000762939453,144.51406860351562,,183.52371215820312,101.26124572753906,908.9417724609375,116.2699966430664,115.44000244140625,21.59000015258789,139.80511474609375,36.79999923706055,32.439998626708984,424.489990234375,130.91000366210938,167.05999755859375,222.07000732421875,168.05999755859375,174.5019989013672,449.7200012207031,149.61000061035156,341.04998779296875,209.17999267578125,33.25,352.05999755859375,222.69000244140625,201.51455688476562,329.6499938964844,136.10302734375,89.55999755859375,41.849998474121094,72.20852661132812,189.42999267578125,37.20000076293945
2025-08-11,123.54074096679688,265888.9375,70197.390625,43.369998931884766,181.81784057617188,172.27999877929688,302.1669616699219,77.13472747802734,118.56999969482422,20.649999618530273,144.91561889648438,,183.03729248046875,101.51004028320312,904.351318359375,115.02999877929688,113.5999984741211,20.860000610351562,139.70521545410156,37.650001525878906,32.56999969482422,426.42999267578125,128.8300018310547,168.1699981689453,213.69000244140625,159.27999877929688,171.2740020751953,420.7900085449219,147.5,333.6499938964844,201.0,33.189998626708984,349.0899963378906,221.3000030517578,201.0558624267578,339.0299987792969,136.80526733398438,90.58000183105469,44.939998626708984,72.04306030273438,186.44000244140625,36.66999816894531
2025-08-12,127.56490325927734,267880.59375,70296.265625,46.83000183105469,182.9163818359375,174.9499969482422,311.0460510253906,77.66372680664062,125.37999725341797,21.809999465942383,150.5567169189453,,187.07763671875,104.77428436279297,929.5391235351562,119.66000366210938,116.55999755859375,22.790000915527344,143.59173583984375,41.25,33.560001373291016,435.79998779296875,128.9600067138672,175.39999389648438,214.60000610351562,158.0,170.68600463867188,423.7799987792969,149.3000030517578,338.42999267578125,207.82000732421875,37.290000915527344,353.6099853515625,221.47000122070312,203.5786590576172,340.8399963378906,140.08889770507812,91.7300033569336,43.0,72.89956665039062,192.92999267578125,37.459999084472656
2025-08-13,124.08993530273438,276843.15625,71087.2109375,47.0099983215332,181.3484649658203,184.4199981689453,307.327392578125,79.1708984375,121.12999725341797,22.219999313354492,153.357666015625,,188.64613342285156,106.2272720336914,943.399658203125,120.2300033569336,114.01000213623047,23.020000457763672,137.27735900878906,44.08000183105469,34.220001220703125,432.1199951171875,128.7100067138672,176.86000061035156,223.07000732421875,163.99000549316406,172.66000366210938,437.75,150.08999633789062,351.07000732421875,207.42999267578125,37.939998626708984,349.1199951171875,224.55999755859375,202.45187377929688,339.3800048828125,137.61627197265625,90.83000183105469,41.209999084472656,75.13813018798828,200.49000549316406,39.08000183105469
2025-08-14,125.10846710205078,275349.40625,70790.6015625,46.68000030517578,181.77789306640625,180.9499969482422,309.4551696777344,78.89141845703125,117.33000183105469,23.860000610351562,154.8267059326172,,186.86917114257812,106.86419677734375,949.2916870117188,114.62000274658203,91.6500015258789,21.010000228881836,132.4017333984375,45.11000061035156,32.220001220703125,424.8599853515625,124.5199966430664,173.5500030517578,221.9199981689453,164.38999938964844,170.1719970703125,429.8999938964844,144.27000427246094,348.5799865722656,204.3699951171875,38.41999816894531,348.9200134277344,230.97999572753906,203.23965454101562,335.5799865722656,137.33935546875,91.4000015258789,41.029998779296875,74.34976196289062,195.19000244140625,37.91999816894531
2025-08-15,120.69486999511719,275349.40625,70790.6015625,44.540000915527344,180.20997619628906,177.50999450683594,304.5930480957031,76.0467758178711,116.73999786376953,24.559999465942383,154.5916748046875,,160.58200073242188,99.0320053100586,869.3369750976562,115.86000061035156,93.4000015258789,22.364999771118164,132.9512481689453,45.279998779296875,34.84000015258789,427.8999938964844,127.25,177.08999633789062,226.08999633789062,167.0,173.447998046875,439.3699951171875,141.47000122070312,354.8500061035156,218.25999450683594,38.0099983215332,349.8800048828125,231.02999877929688,204.32652282714844,330.55999755859375,136.7657012939453,92.5999984741211,40.22999954223633,74.91427612304688,198.4600067138672,38.709999084472656
2025-08-18,123.37098693847656,266386.84375,69208.6953125,45.52000045776367,181.7678985595703,176.13999938964844,304.0163879394531,76.59573364257812,118.73999786376953,23.65999984741211,155.61997985839844,,162.339111328125,98.405029296875,879.6431884765625,118.9800033569336,90.48999786376953,26.1299991607666,135.56890869140625,46.5,35.77000045776367,426.3399963378906,129.07000732421875,176.1699981689453,231.85000610351562,169.1699981689453,178.41000366210938,448.20001220703125,143.11000061035156,357.239990234375,227.05999755859375,38.34000015258789,356.25,231.49000549316406,203.70828247070312,335.1600036621094,136.61734008789062,93.9800033569336,40.22999954223633,75.36199188232422,203.6199951171875,37.5
2025-08-19,121.87316131591797,261905.5625,69208.6953125,44.58000183105469,175.40638732910156,166.5500030517578,293.2282409667969,71.93451690673828,106.30000305175781,25.309999465942383,153.02468872070312,,161.03866577148438,99.84807586669922,872.3641357421875,117.95999908447266,87.76000213623047,22.770000457763672,128.93482971191406,43.099998474121094,36.22999954223633,418.6000061035156,128.99000549316406,181.55999755859375,229.7899932861328,166.2100067138672,177.3560028076172,443.1400146484375,139.25,361.0299987792969,218.61000061035156,37.22999954223633,346.8800048828125,228.00999450683594,201.91342163085938,329.30999755859375,133.7194366455078,95.31999969482422,36.79999923706055,74.82667541503906,197.66000366210938,35.7400016784668
2025-08-20,117.04017639160156,254436.765625,69703.046875,44.400001525878906,175.1667022705078,165.1999969482422,289.50958251953125,71.08612060546875,105.98999786376953,23.540000915527344,152.23141479492188,,159.78785705566406,98.6737289428711,874.714111328125,115.88999938964844,86.55000305175781,21.93000030517578,127.4261703491211,44.5099983215332,35.68000030517578,419.1700134277344,128.4600067138672,184.42999267578125,227.49000549316406,166.5500030517578,178.0500030517578,453.69000244140625,137.2899932861328,353.42999267578125,212.6999969482422,35.84000015258789,345.45001220703125,223.80999755859375,199.61997985839844,323.8999938964844,127.07300567626953,93.7300033569336,36.790000915527344,74.2232437133789,198.1199951171875,37.16999816894531
2025-08-21,115.62223815917969,243980.453125,69801.90625,45.5,174.7472381591797,163.7100067138672,287.9485168457031,71.07614135742188,110.86000061035156,23.5,150.94845581054688,,159.13076782226562,97.93728637695312,868.6897583007812,117.43000030517578,86.5999984741211,23.700000762939453,126.46702575683594,44.83000183105469,34.58000183105469,414.05999755859375,129.14999389648438,183.32000732421875,227.5800018310547,164.58999633789062,175.3939971923828,455.9700012207031,136.67999267578125,353.42999267578125,211.9600067138672,36.279998779296875,347.57000732421875,221.9499969482422,200.04873657226562,320.1099853515625,126.43013763427734,94.2300033569336,37.16999816894531,74.1453857421875,198.17999267578125,37.20000076293945
2025-08-22,117.5094985961914,249955.484375,70592.8671875,46.369998931884766,177.7532501220703,167.75999450683594,292.32342529296875,72.8627700805664,114.04000091552734,24.799999237060547,154.74835205078125,,161.76901245117188,99.5992660522461,866.5887451171875,119.33999633789062,89.9000015258789,24.790000915527344,125.8575668334961,48.540000915527344,38.18000030517578,420.54998779296875,131.22000122070312,185.8800048828125,221.27000427246094,170.7899932861328,177.35000610351562,474.29998779296875,142.11000061035156,362.0899963378906,219.05999755859375,39.15999984741211,349.6300048828125,228.83999633789062,206.13137817382812,340.010009765625,129.40716552734375,96.79000091552734,39.779998779296875,76.28661346435547,207.58999633789062,41.47999954223633
2025-08-25,116.25131225585938,258420.125,70691.7421875,46.779998779296875,179.57083129882812,163.36000061035156,292.5521240234375,72.8128662109375,115.41000366210938,24.549999237060547,153.19117736816406,,161.271240234375,100.79349517822266,875.8193969726562,123.41999816894531,90.5,24.34000015258789,124.90841674804688,49.349998474121094,38.22999954223633,418.8299865722656,128.3800048828125,184.5500030517578,223.38999938964844,168.6699981689453,175.98800659179688,467.9200134277344,140.52999877929688,363.2099914550781,218.44000244140625,39.83000183105469,345.19000244140625,227.94000244140625,208.56443786621094,346.6000061035156,129.5753173828125,95.16000366210938,38.68000030517578,77.05552673339844,202.44000244140625,40.689998626708984
2025-08-26,116.3311996459961,260411.8125,69505.296875,47.349998474121094,181.52822875976562,166.6199951171875,296.310546875,74.12040710449219,120.0999984741211,24.350000381469727,155.88441467285156,,163.78004455566406,103.13220977783203,884.3331298828125,124.62000274658203,91.58000183105469,25.06999969482422,127.81582641601562,49.939998626708984,37.959999084472656,417.6000061035156,126.30999755859375,184.22999572753906,222.8800048828125,164.25,172.9320068359375,457.32000732421875,140.85000610351562,354.9100036621094,214.33999633789062,40.06999969482422,344.0299987792969,228.7100067138672,207.35784912109375,351.6700134277344,129.55552673339844,96.52999877929688,40.75,76.54940795898438,202.52999877929688,40.709999084472656
2025-08-27,117.57939147949219,258918.046875,69801.90625,48.439998626708984,181.35845947265625,167.1300048828125,298.53778076171875,74.64940643310547,122.7300033569336,24.850000381469727,156.47203063964844,,163.6605682373047,103.1720199584961,885.1198120117188,125.83999633789062,90.70999908447266,24.049999237060547,129.19459533691406,50.849998474121094,37.560001373291016,422.6099853515625,131.72999572753906,187.61000061035156,229.7100067138672,171.8800048828125,177.5959930419922,469.4800109863281,139.88999938964844,356.3500061035156,295.70001220703125,40.34000015258789,346.8800048828125,229.1199951171875,207.61712646484375,349.6000061035156,131.0489959716797,95.33000183105469,41.41999816894531,75.97515869140625,205.57000732421875,41.04999923706055
2025-08-28,121.82322692871094,267768.90625,68813.2265625,50.869998931884766,179.9303436279297,168.5800018310547,306.8898620605469,77.08482360839844,131.82000732421875,24.93000030517578,157.48077392578125,,164.53668212890625,103.58999633789062,890.2081298828125,135.5500030517578,95.19999694824219,25.489999771118164,134.1101837158203,54.79999923706055,37.58000183105469,442.0,140.9600067138672,191.02000427246094,228.5,176.77999877929688,185.72000122070312,476.3399963378906,141.5399932861328,353.9599914550781,318.1000061035156,40.16999816894531,354.2900085449219,231.60000610351562,211.76528930664062,345.9800109863281,132.58201599121094,95.95999908447266,43.29999923706055,75.83890533447266,205.0800018310547,40.90999984741211
2025-08-29,118.83757019042969,268267.5,68912.0859375,52.470001220703125,173.94830322265625,162.6300048828125,295.6941223144531,62.75181579589844,123.05500030517578,24.350000381469727,157.4122314453125,,160.0466766357422,99.66893005371094,868.3013916015625,132.80999755859375,90.47000122070312,24.200000762939453,127.43616485595703,52.939998626708984,37.70000076293945,423.70001220703125,136.67999267578125,190.52000427246094,230.82000732421875,177.77999877929688,183.49200439453125,483.1700134277344,141.27999877929688,356.70001220703125,315.6099853515625,39.40999984741211,350.42999267578125,229.0,212.92198181152344,333.8699951171875,120.81233215332031,93.75,42.7400016784668,75.30359649658203,202.1999969482422,39.31999969482422
2025-09-02,118.30833435058594,259790.671875,68318.8671875,51.06999969482422,170.5528564453125,162.32000732421875,296.53924560546875,64.47856140136719,124.2699966430664,24.209999084472656,155.50247192382812,,156.87083435058594,96.56391906738281,842.7601928710938,132.55499267578125,87.80000305175781,23.350000381469727,123.89932250976562,51.349998474121094,36.97999954223633,413.5,134.69000244140625,190.52000427246094,228.88999938964844,172.67999267578125,182.28399658203125,471.5400085449219,139.0399932861328,345.6300048828125,318.2900085449219,39.40999984741211,342.80999755859375,225.33999633789062,211.38636779785156,329.3599853515625,119.63536071777344,92.80999755859375,42.9900016784668,72.68162536621094,200.2100067138672,38.029998779296875
2025-09-03,118.54798889160156,261785.21875,69010.9609375,53.0099983215332,170.39305114746094,162.1300048828125,300.6656188964844,62.19287109375,124.7699966430664,24.0,154.03343200683594,,155.55670166015625,97.2705078125,840.3206176757812,134.1199951171875,88.47000122070312,23.020000457763672,125.4779052734375,52.45000076293945,37.08000183105469,413.20001220703125,132.60000610351562,191.52999877929688,233.42999267578125,170.67999267578125,183.87600708007812,472.7099914550781,140.22000122070312,348.5,312.8800048828125,39.099998474121094,347.32000732421875,225.99000549316406,230.4419708251953,334.0899963378906,122.66185760498047,92.94000244140625,40.970001220703125,73.12187194824219,198.52999877929688,37.939998626708984
2025-09-04,124.030029296875,264777.09375,69307.5625,62.5,171.4316864013672,161.7899932861328,304.3544616699219,63.97949981689453,134.0,24.610000610351562,157.3033905029297,,157.53787231445312,99.93762969970703,869.5859985351562,141.91000366210938,95.62000274658203,23.31999969482422,125.58781433105469,54.90999984741211,36.52000045776367,412.4599914550781,131.77999877929688,192.35000610351562,231.1300048828125,168.0800018310547,179.71200561523438,464.30999755859375,145.14999389648438,344.30999755859375,322.04998779296875,40.18000030517578,349.3299865722656,235.67999267578125,231.9975128173828,338.5299987792969,125.2828369140625,91.9800033569336,42.11000061035156,73.71866607666016,206.08999633789062,37.790000915527344
2025-09-05,131.17965698242188,272755.25,68714.34375,68.55000305175781,166.7978515625,151.13999938964844,332.98028564453125,63.2109489440918,140.82000732421875,24.489999771118164,157.4314422607422,,162.02786254882812,102.45547485351562,901.2510986328125,149.4600067138672,97.83999633789062,23.989999771118164,123.88933563232422,57.06999969482422,39.650001525878906,417.6300048828125,136.0800018310547,194.4600067138672,231.0800018310547,172.42999267578125,182.75999450683594,487.5299987792969,146.82000732421875,348.9700012207031,324.739990234375,43.81999969482422,351.010009765625,232.3300018310547,234.50035095214844,350.8399963378906,123.4629898071289,90.98999786376953,41.79999923706055,72.30984497070312,167.8000030517578,36.560001373291016
2025-09-08,131.26953125,276245.71875,69307.5625,70.49500274658203,168.0861358642578,151.41000366210938,343.67889404296875,65.87593078613281,147.52999877929688,24.479999542236328,157.82542419433594,,161.33096313476562,104.56529235839844,905.12451171875,149.39999389648438,98.66999816894531,23.6299991607666,121.71127319335938,53.439998626708984,38.810001373291016,428.05999755859375,136.44000244140625,197.3800048828125,231.80999755859375,172.6999969482422,187.86599731445312,498.5299987792969,146.22000122070312,358.6600036621094,323.2900085449219,45.5,360.6400146484375,235.83999633789062,233.70193481445312,346.3999938964844,121.65303039550781,94.36000061035156,41.0099983215332,72.5446548461914,168.10000610351562,36.63999938964844
2025-09-09,135.04405212402344,287215.78125,70691.7421875,70.51000213623047,170.53286743164062,155.82000732421875,334.7501220703125,66.71434783935547,149.02999877929688,24.440000534057617,156.26922607421875,,162.7745361328125,105.06289672851562,913.8374633789062,151.72999572753906,99.22000122070312,23.719999313354492,125.46792602539062,55.0,37.939998626708984,423.510009765625,140.4600067138672,197.5500030517578,230.72999572753906,182.36000061035156,186.73399353027344,502.2900085449219,143.44000244140625,354.05999755859375,331.0899963378906,45.5,361.7699890136719,238.24000549316406,239.4706268310547,346.9700012207031,119.96176147460938,95.44999694824219,44.0,72.00656127929688,165.69000244140625,36.709999084472656
2025-09-10,139.79714965820312,303172.21875,71779.3046875,73.91999816894531,177.09414672851562,159.5399932861328,367.4624938964844,66.97386169433594,163.9600067138672,24.770000457763672,156.5548553466797,,162.6948699951172,106.84429931640625,928.6742553710938,164.8800048828125,103.48999786376953,27.719999313354492,136.6179656982422,62.959999084472656,37.119998931884766,424.8699951171875,139.1300048828125,197.3300018310547,226.47999572753906,174.32000732421875,184.71400451660156,489.17999267578125,142.1999969482422,350.1600036621094,334.8699951171875,43.099998474121094,338.5299987792969,230.3300018310547,239.09136962890625,347.7900085449219,123.08714294433594,94.20999908447266,43.86000061035156,72.64248657226562,163.89999389648438,36.709999084472656
2025-09-11,150.35183715820312,306164.0625,72570.2578125,84.30000305175781,176.94430541992188,155.6699981689453,357.57916259765625,66.46481323242188,159.32000732421875,24.610000610351562,159.07627868652344,,169.39501953125,115.02481842041016,955.2113037109375,164.8800048828125,103.51000213623047,26.850000381469727,135.58888244628906,67.29000091552734,37.31999969482422,433.3800048828125,139.14999389648438,198.3300018310547,226.6699981689453,176.7100067138672,187.656005859375,496.7900085449219,145.02999877929688,350.54998779296875,332.1000061035156,43.400001525878906,354.70001220703125,229.9499969482422,240.30899047851562,368.80999755859375,123.99707794189453,94.68000030517578,47.04999923706055,72.72074890136719,165.77999877929688,36.959999084472656
2025-09-12,157.00218200683594,327605.53125,74547.65625,86.12999725341797,177.593505859375,158.57000732421875,357.8177795410156,67.223388671875,161.99000549316406,24.079999923706055,159.39146423339844,,167.05545043945312,116.39818572998047,959.9312133789062,163.02000427246094,102.98999786376953,27.06999969482422,134.71966552734375,67.26000213623047,37.630001068115234,436.1000061035156,136.5,196.2899932861328,223.38999938964844,174.8699951171875,185.79200744628906,491.4800109863281,143.3800048828125,349.3599853515625,330.1000061035156,43.54999923706055,343.4800109863281,228.14999389648438,240.90780639648438,395.94000244140625,123.67068481445312,95.88999938964844,55.61000061035156,71.41954803466797,159.8699951171875,36.369998931884766
2025-09-15,157.54141235351562,330098.6875,75635.21875,90.08999633789062,177.52357482910156,161.16000366210938,362.0137023925781,67.30323791503906,163.97999572753906,24.770000457763672,158.7906494140625,,170.17153930664062,118.63737487792969,984.715576171875,168.77000427246094,106.33999633789062,29.559999465942383,138.175537109375,67.0199966430664,37.97999954223633,444.7699890136719,138.64999389648438,201.27999877929688,222.75,173.8699951171875,189.48399353027344,508.1400146484375,147.88999938964844,347.1000061035156,333.9700012207031,46.529998779296875,351.5199890136719,231.42999267578125,251.2675018310547,410.0400085449219,125.41141510009766,98.8499984741211,59.11000061035156,71.44889831542969,159.97999572753906,37.2400016784668
2025-09-16,158.5898895263672,347052.375,78502.4296875,91.55000305175781,174.65724182128906,160.4600067138672,357.9470520019531,68.73055267333984,164.4199981689453,25.270000457763672,161.66664123535156,,172.7699737548828,119.89131927490234,986.3685302734375,170.89999389648438,104.47000122070312,28.93000030517578,136.56651306152344,73.29000091552734,38.9900016784668,444.9800109863281,134.58999633789062,201.33999633789062,219.00999450683594,172.0399932861328,186.40199279785156,502.54998779296875,147.2100067138672,352.7300109863281,327.3699951171875,45.91999816894531,349.010009765625,234.0500030517578,250.9281768798828,421.6199951171875,126.28178405761719,97.83000183105469,62.2599983215332,71.17496490478516,162.33999633789062,37.09000015258789
2025-09-17,159.75819396972656,332591.875,77316.0,93.97000122070312,170.0730743408203,159.16000366210938,344.1959228515625,70.8465805053711,164.44000244140625,24.899999618530273,162.76976013183594,,177.339599609375,121.31446075439453,985.6715087890625,163.33999633789062,103.41000366210938,29.469999313354492,136.7464141845703,79.66999816894531,38.720001220703125,445.5,134.22999572753906,203.1199951171875,234.8800048828125,172.25,190.07400512695312,507.29998779296875,147.8699951171875,362.07000732421875,315.3800048828125,45.56999969482422,347.2699890136719,231.6199951171875,249.36123657226562,425.8599853515625,128.9126434326172,92.94999694824219,65.44000244140625,70.7444839477539,163.47999572753906,37.09000015258789
2025-09-18,168.64529418945312,354532.0,79392.2578125,98.87000274658203,176.01551818847656,157.9199981689453,343.380615234375,74.09046173095703,172.30999755859375,30.56999969482422,165.59652709960938,,188.91799926757812,125.71322631835938,1042.25048828125,171.5,108.05000305175781,29.040000915527344,141.873291015625,80.97000122070312,38.439998626708984,502.6300048828125,136.80999755859375,205.67999267578125,233.5,169.6300048828125,189.54800415039062,513.1199951171875,152.11000061035156,367.4599914550781,316.29998779296875,45.45000076293945,364.8800048828125,231.22999572753906,251.83639526367188,416.8500061035156,130.66326904296875,94.69999694824219,66.80999755859375,70.53903198242188,169.75999450683594,37.880001068115234
2025-09-19,162.4942169189453,354532.0,79392.2578125,102.20999908447266,176.4449462890625,157.38999938964844,342.9729309082031,74.12040710449219,169.55999755859375,29.579999923706055,164.3358154296875,,189.25648498535156,126.31034088134766,1040.378662109375,168.72999572753906,109.11000061035156,28.989999771118164,143.5122833251953,84.93000030517578,38.41999816894531,502.54998779296875,138.82000732421875,208.19000244140625,233.6199951171875,169.0500030517578,192.22999572753906,518.8400268554688,153.3000030517578,365.8999938964844,323.42999267578125,46.04999923706055,373.3500061035156,231.47999572753906,254.74070739746094,426.07000732421875,130.4951171875,98.51000213623047,70.41000366210938,69.355224609375,169.6199951171875,37.45000076293945
2025-09-22,164.38148498535156,350044.25,82556.078125,102.91999816894531,183.37612915039062,159.7899932861328,337.4351806640625,75.38801574707031,164.10000610351562,28.760000228881836,167.16256713867188,,199.6302490234375,131.5649871826172,1066.706298828125,164.7100067138672,114.5999984741211,30.540000915527344,151.86717224121094,86.2699966430664,40.5,493.1400146484375,138.35000610351562,208.17999267578125,242.66000366210938,170.6300048828125,189.55599975585938,522.969970703125,157.1199951171875,364.0799865722656,323.5899963378906,45.90999984741211,373.3699951171875,227.6300048828125,252.3853302001953,434.2099914550781,134.2040557861328,99.38999938964844,71.94000244140625,69.73677825927734,173.41000366210938,35.27000045776367
2025-09-23,166.16888427734375,360017.03125,83742.5234375,106.4000015258789,178.2027130126953,160.89999389648438,337.5845642089844,74.47972869873047,162.25999450683594,29.34000015258789,166.97543334960938,,199.97869873046875,131.2962646484375,1066.656494140625,163.99000549316406,109.29000091552734,28.059999465942383,142.52288818359375,77.37999725341797,37.36000061035156,484.1000061035156,137.49000549316406,203.25,240.32000732421875,165.67999267578125,185.53399658203125,513.1400146484375,149.94000244140625,361.7799987792969,318.9599914550781,44.52000045776367,366.29998779296875,220.7100067138672,251.8463592529297,425.8500061035156,132.86883544921875,97.80000305175781,75.13999938964844,69.39436340332031,173.3300018310547,34.29999923706055
2025-09-24,161.4757080078125,356526.5625,84434.609375,99.83000183105469,176.74456787109375,160.8800048828125,337.9530944824219,79.93943786621094,149.3800048828125,31.219999313354492,170.9348602294922,,200.54617309570312,127.95579528808594,1064.137451171875,152.75,106.5199966430664,26.690000534057617,141.5334930419922,69.18000030517578,37.9900016784668,476.3299865722656,136.57000732421875,200.6999969482422,241.50999450683594,163.8300018310547,186.6739959716797,515.3499755859375,148.8300018310547,353.2699890136719,315.29998779296875,44.45000076293945,356.9599914550781,220.2100067138672,247.34518432617188,442.7900085449219,130.64346313476562,97.77999877929688,73.86000061035156,69.6780776977539,179.22000122070312,34.13999938964844
2025-09-25,156.60276794433594,355529.28125,85126.6875,94.29000091552734,177.46365356445312,161.27000427246094,334.75592041015625,83.65245056152344,144.94000244140625,33.9900016784668,167.1231689453125,,198.71434020996094,127.7663345336914,1054.6077880859375,159.11000061035156,106.56999969482422,26.34000015258789,139.6846160888672,68.69000244140625,37.08000183105469,473.0899963378906,136.60000610351562,202.2100067138672,242.75,162.4199981689453,183.7220001220703,506.67999267578125,143.4499969482422,354.1600036621094,315.32000732421875,42.11000061035156,351.05999755859375,218.14999389648438,246.08766174316406,423.3900146484375,129.52586364746094,97.5999984741211,69.43000030517578,67.74095153808594,172.00999450683594,34.279998779296875
2025-09-26,157.04212951660156,335583.75,82358.34375,97.12000274658203,177.96302795410156,159.4600067138672,333.19219970703125,83.0136489868164,142.92999267578125,35.5,166.650390625,,203.0151824951172,127.96575927734375,1059.77587890625,160.75,106.98999786376953,25.770000457763672,138.53530883789062,70.31999969482422,36.5,481.4200134277344,139.07000732421875,202.3699951171875,246.6699981689453,166.64999389648438,187.1999969482422,517.760009765625,140.25,360.3699951171875,318.4100036621094,42.7599983215332,350.1099853515625,219.77999877929688,246.6964569091797,440.3999938964844,129.3280487060547,98.44999694824219,67.27999877929688,67.80943298339844,176.3000030517578,34.47999954223633
2025-09-29,163.6625213623047,348049.65625,83619.59375,113.5,181.6183624267578,161.36000061035156,326.5887145996094,82.23511505126953,146.00999450683594,34.47999954223633,162.80917358398438,,204.0406036376953,130.71792602539062,1059.6165771484375,162.5800018310547,107.97000122070312,25.940000534057617,143.2224578857422,73.5999984741211,36.08000183105469,488.45001220703125,145.25999450683594,203.9600067138672,247.69000244140625,165.30999755859375,188.1699981689453,519.8800048828125,149.0,359.4200134277344,317.0,42.939998626708984,348.5199890136719,222.1699981689453,243.88198852539062,443.2099914550781,132.4336395263672,99.56999969482422,64.26000213623047,68.04424285888672,179.11000061035156,34.61000061035156
2025-09-30,167.07757568359375,346553.78125,83321.6640625,112.19999694824219,186.3423309326172,161.7899932861328,328.5906677246094,83.91195678710938,145.61000061035156,33.54999923706055,163.8531951904297,,203.83154296875,133.5199432373047,1074.025146484375,162.7100067138672,107.72000122070312,25.93000030517578,150.76785278320312,84.56999969482422,35.38999938964844,490.3800048828125,142.39999389648438,203.6199951171875,240.72999572753906,159.6999969482422,184.05599975585938,467.79998779296875,148.61000061035156,352.75,310.3800048828125,40.040000915527344,351.260009765625,219.57000732421875,243.0735626220703,444.7200012207031,140.2174835205078,97.97000122070312,61.5,68.22034454345703,177.92999267578125,34.75
2025-10-01,181.8860626220703,359019.71875,85407.1875,121.12000274658203,187.0015106201172,164.00999450683594,332.0567626953125,83.7322998046875,144.91000366210938,35.939998626708984,163.98126220703125,,216.7738494873047,142.38470458984375,1124.08203125,171.39999389648438,114.6500015258789,28.420000076293945,161.4912872314453,90.19000244140625,37.0099983215332,499.9599914550781,152.6999969482422,206.8000030517578,232.2100067138672,149.57000732421875,182.48599243164062,440.25,149.57000732421875,343.7200012207031,321.5299987792969,38.29999923706055,351.9700012207031,220.6300048828125,245.05966186523438,459.4599914550781,148.04086303710938,96.61000061035156,63.09000015258789,72.59356689453125,177.57000732421875,34.95000076293945
2025-10-02,183.4837646484375,394423.0625,89131.3359375,124.13999938964844,188.64939880371094,169.72999572753906,336.82757568359375,86.03795623779297,149.6300048828125,37.29999923706055,166.30567932128906,,222.59788513183594,146.5727996826172,1134.427734375,169.75,112.79000091552734,27.979999542236328,161.541259765625,88.0,37.7400016784668,496.79998779296875,151.57000732421875,209.3000030517578,232.10000610351562,151.0500030517578,182.02000427246094,445.1600036621094,151.3000030517578,351.4800109863281,326.2900085449219,39.099998474121094,347.239990234375,222.41000366210938,245.9479217529297,436.0,145.7561492919922,96.61000061035156,69.5999984741211,72.95555877685547,178.1999969482422,35.189998626708984
2025-10-03,187.67530822753906,394423.0625,89131.3359375,128.41000366210938,187.38099670410156,164.6699981689453,337.0168151855469,86.05792236328125,143.8699951171875,36.83000183105469,166.6306915283203,,216.5647735595703,145.39614868164062,1096.8778076171875,163.80999755859375,113.58000183105469,27.93000030517578,160.10214233398438,90.29000091552734,36.79999923706055,489.8800048828125,151.82000732421875,207.19000244140625,236.47999572753906,150.49000549316406,182.4720001220703,451.8699951171875,161.13999938964844,346.739990234375,321.2099914550781,37.88999938964844,347.2699890136719,219.50999450683594,245.96788024902344,429.8299865722656,139.1987762451172,96.5999984741211,73.27999877929688,70.37271118164062,175.58999633789062,34.36000061035156
2025-10-06,190.802734375,394423.0625,89131.3359375,121.16999816894531,185.3036651611328,203.7100067138672,334.1483459472656,88.75284576416016,147.4199981689453,36.59000015258789,166.0791473388672,,222.91647338867188,148.72665405273438,1134.8759765625,160.60000610351562,114.7699966430664,33.790000915527344,162.70054626464844,86.97000122070312,37.15999984741211,495.95001220703125,157.36000061035156,212.5800018310547,238.36000061035156,150.19000244140625,182.5679931640625,463.5899963378906,164.5,350.1400146484375,321.92999267578125,37.529998779296875,353.3599853515625,220.89999389648438,251.0179901123047,453.25,144.16378784179688,100.0999984741211,78.98999786376953,69.62915802001953,174.1199951171875,34.119998931884766
2025-10-07,185.53707885742188,394423.0625,89131.3359375,120.94999694824219,184.80429077148438,211.50999450683594,335.0646667480469,86.8065185546875,137.1999969482422,37.16999816894531,162.96676635742188,,210.6212615966797,139.95164489746094,1080.13916015625,157.14999389648438,113.55999755859375,31.334999084472656,158.77294921875,86.05999755859375,36.27000045776367,484.6199951171875,154.52000427246094,211.0399932861328,233.1699981689453,150.1199951171875,180.84800720214844,450.3699951171875,161.27999877929688,348.30999755859375,318.4599914550781,36.400001525878906,345.4800109863281,221.77999877929688,246.64657592773438,433.0899963378906,149.2178192138672,97.80000305175781,79.2300033569336,67.4180908203125,173.1699981689453,34.15999984741211
2025-10-08,196.3781280517578,394423.0625,89131.3359375,131.8800048828125,188.86911010742188,235.55999755859375,344.1183166503906,92.32611846923828,148.8699951171875,37.43000030517578,165.24195861816406,,216.54486083984375,142.1354217529297,1058.0830078125,163.08999633789062,116.66999816894531,32.220001220703125,167.2777557373047,87.58000183105469,36.029998779296875,509.95001220703125,164.1199951171875,217.7899932861328,238.25,149.52000427246094,182.86399841308594,459.55999755859375,166.42999267578125,348.7699890136719,326.7799987792969,36.58000183105469,350.0,225.22000122070312,244.97982788085938,438.69000244140625,162.7282257080078,99.27999877929688,74.30000305175781,67.59419250488281,174.82000732421875,34.529998779296875
2025-10-09,192.17160034179688,394423.0625,89131.3359375,129.67999267578125,192.32470703125,232.88999938964844,343.6402282714844,90.50953674316406,151.14999389648438,37.79999923706055,163.16375732421875,,219.32249450683594,140.59979248046875,1049.001708984375,159.75999450683594,122.3499984741211,32.369998931884766,168.77685546875,86.6500015258789,36.709999084472656,509.1300048828125,164.07000732421875,215.1699981689453,238.22000122070312,147.74000549316406,183.58999633789062,452.989990234375,163.8699951171875,347.4700012207031,331.4800109863281,38.959999084472656,348.6700134277344,227.74000549316406,241.73619079589844,435.5400085449219,154.2421875,96.0,77.5,66.58649444580078,173.47999572753906,32.439998626708984
2025-10-10,181.450439453125,426834.5625,93749.28125,116.91000366210938,182.92669677734375,214.89999389648438,323.331787109375,85.50564575195312,138.8300018310547,36.369998931884766,151.27561950683594,,209.01841735839844,130.99713134765625,978.5816650390625,149.61000061035156,111.0999984741211,27.149999618530273,168.90675354003906,86.87000274658203,34.27000045776367,493.6600036621094,158.74000549316406,208.5500030517578,233.17999267578125,144.55999755859375,177.74200439453125,439.6600036621094,151.02000427246094,337.510009765625,314.44000244140625,36.08000183105469,327.0,216.3699951171875,237.0254364013672,413.489990234375,148.92111206054688,93.4000015258789,70.6500015258789,63.807987213134766,167.50999450683594,30.940000534057617
2025-10-13,192.6112518310547,413869.96875,92656.8671875,134.61000061035156,188.08013916015625,216.4199981689453,355.2735290527344,89.28103637695312,149.89999389648438,37.220001220703125,159.34222412109375,,218.50611877441406,137.41885375976562,1020.6524658203125,160.55999755859375,115.12999725341797,29.100000381469727,178.89065551757812,109.91000366210938,34.81999969482422,508.6099853515625,164.1999969482422,213.27999877929688,236.60000610351562,149.38999938964844,184.74000549316406,449.8800048828125,153.66000366210938,339.32000732421875,319.2099914550781,37.13999938964844,332.2300109863281,220.07000732421875,244.16143798828125,435.8999938964844,151.72012329101562,94.08000183105469,82.08999633789062,65.92121887207031,169.85000610351562,30.950000762939453
2025-10-14,186.90594482421875,410379.5,90968.5859375,127.29000091552734,179.80067443847656,218.08999633789062,342.7538146972656,86.11489868164062,129.75,35.630001068115234,159.3028106689453,,217.2218475341797,137.9174346923828,1021.3594360351562,156.77999877929688,109.37000274658203,28.479999542236328,175.04299926757812,114.05999755859375,36.439998626708984,488.94000244140625,160.8800048828125,207.55999755859375,237.17999267578125,156.3699951171875,182.2519989013672,456.5799865722656,152.8800048828125,335.94000244140625,313.80999755859375,36.58000183105469,325.75,216.38999938964844,245.7084197998047,429.239990234375,147.1408233642578,94.25,77.55000305175781,66.17559051513672,169.1300048828125,30.920000076293945
2025-10-15,191.78192138671875,421349.53125,94345.1484375,144.3000030517578,179.60093688964844,238.60000610351562,349.92498779296875,88.78164672851562,131.41000366210938,37.150001525878906,160.51426696777344,,226.5701904296875,144.3690643310547,1082.3994140625,156.57000732421875,110.41000366210938,32.95000076293945,180.39971923828125,116.58000183105469,37.540000915527344,489.0199890136719,160.02000427246094,206.6999969482422,234.75999450683594,149.83999633789062,180.61000061035156,445.44000244140625,156.2100067138672,330.6300048828125,317.8299865722656,37.40999984741211,324.1000061035156,215.57000732421875,251.2176055908203,435.1499938964844,152.01681518554688,94.5199966430664,72.41000366210938,66.97784423828125,167.10000610351562,32.040000915527344
2025-10-16,202.36318969726562,451267.875,97026.5390625,144.27000427246094,181.57839965820312,234.55999755859375,352.7337341308594,88.12245178222656,136.52999877929688,36.84000015258789,161.6075439453125,,226.70956420898438,141.96591186523438,1094.1395263671875,163.22999572753906,115.95999908447266,31.139999389648438,177.7113800048828,115.08999633789062,37.560001373291016,482.2300109863281,151.1699981689453,205.50999450683594,227.60000610351562,150.1300048828125,178.8979949951172,432.70001220703125,156.57000732421875,329.2300109863281,314.3500061035156,34.720001220703125,324.25,214.47000122070312,251.3872833251953,428.75,149.6529998779297,92.5199966430664,65.58999633789062,65.39290618896484,164.6199951171875,30.639999389648438
2025-10-17,202.2133331298828,464232.4375,97225.1640625,140.16000366210938,182.9866180419922,233.0800018310547,347.9330139160156,87.84278869628906,143.61000061035156,37.0099983215332,160.98703002929688,,223.99168395996094,141.10833740234375,1101.9661865234375,164.77000427246094,116.3499984741211,31.920000076293945,173.8937225341797,111.5,36.560001373291016,484.6499938964844,152.8699951171875,207.88999938964844,234.25,151.9499969482422,180.72000122070312,436.82000732421875,157.75999450683594,333.260009765625,318.5299987792969,35.2400016784668,326.1199951171875,213.0399932861328,253.2935333251953,439.30999755859375,147.95184326171875,92.30000305175781,62.939998626708984,65.91143798828125,167.41000366210938,30.829999923706055
2025-10-20,206.59971618652344,484177.96875,97423.78125,148.0399932861328,182.4073486328125,240.55999755859375,347.8433532714844,85.73535919189453,151.66000366210938,38.099998474121094,164.52294921875,,227.11776733398438,143.64114379882812,1148.0001220703125,161.0,120.19999694824219,34.13999938964844,175.62265014648438,109.05999755859375,37.58000183105469,503.6099853515625,156.2949981689453,211.82000732421875,241.1999969482422,158.7899932861328,183.50999450683594,451.5799865722656,164.7100067138672,343.3999938964844,327.4100036621094,35.27000045776367,329.6400146484375,216.47999572753906,256.5171813964844,447.42999267578125,146.2506866455078,93.69999694824219,59.939998626708984,66.1560287475586,172.42999267578125,30.860000610351562
2025-10-21,202.12339782714844,477695.6875,96827.9140625,149.2899932861328,180.9292449951172,238.02999877929688,341.2897033691406,84.15728759765625,144.1699981689453,38.119998931884766,166.28598022460938,,224.9971923828125,144.62832641601562,1142.563232421875,162.9499969482422,120.79000091552734,33.400001525878906,174.69322204589844,104.37999725341797,37.09000015258789,503.95001220703125,156.25,214.39999389648438,245.6699981689453,168.7100067138672,188.3000030517578,478.010009765625,162.63999938964844,357.54998779296875,325.760009765625,36.290000915527344,333.45001220703125,222.02999877929688,250.8483428955078,442.6000061035156,148.3201904296875,93.02999877929688,59.5,66.8800048828125,181.38999938964844,30.8799991607666
2025-10-22,198.30654907226562,480188.90625,97920.328125,146.9499969482422,180.05035400390625,230.22999572753906,338.9391174316406,80.95121002197266,137.1999969482422,36.91999816894531,166.71934509277344,,219.5813446044922,140.84909057617188,1109.5936279296875,158.05999755859375,115.37000274658203,29.975000381469727,171.48516845703125,94.37000274658203,36.08000183105469,500.1099853515625,154.2100067138672,212.4199981689453,242.8300018310547,167.88999938964844,187.1300048828125,469.5,162.00999450683594,354.0899963378906,325.1000061035156,35.25,330.510009765625,217.9499969482422,252.0360107421875,438.9700012207031,149.01499938964844,92.20999908447266,55.45000076293945,67.58441925048828,178.2899932861328,31.049999237060547
2025-10-23,206.53976440429688,477197.09375,95834.8125,167.0500030517578,181.92796325683594,234.99000549316406,342.9131774902344,82.66910552978516,150.97000122070312,38.15999984741211,167.46788024902344,,227.45623779296875,147.12123107910156,1154.0841064453125,168.5,121.5199966430664,31.399999618530273,183.0880889892578,101.41999816894531,35.63999938964844,521.97998046875,156.58999633789062,215.02000427246094,243.27999877929688,165.00999450683594,187.83399963378906,475.79998779296875,167.02999877929688,354.1199951171875,330.010009765625,36.290000915527344,337.2699890136719,221.08999633789062,253.233642578125,448.9800109863281,153.08453369140625,94.61000061035156,59.369998931884766,68.17142486572266,179.05999755859375,31.639999389648438
2025-10-24,218.83963012695312,508611.28125,98118.953125,186.16000366210938,186.02273559570312,252.9199981689453,352.71380615234375,84.0274429321289,155.5500030517578,38.279998779296875,166.39431762695312,,227.7349853515625,151.24948120117188,1177.8031005859375,179.3000030517578,129.33999633789062,34.0099983215332,185.94635009765625,110.37999725341797,36.22999954223633,527.3200073242188,156.47000122070312,217.11000061035156,242.75,162.63999938964844,186.03399658203125,469.6700134277344,172.9499969482422,353.5199890136719,333.57000732421875,37.290000915527344,345.1000061035156,224.2100067138672,260.0003967285156,433.7200012207031,157.46177673339844,94.06999969482422,60.29999923706055,67.61376953125,178.1699981689453,31.760000228881836
2025-10-27,219.9187469482422,533543.25,101296.8984375,176.49000549316406,191.24609375,259.6700134277344,360.6021423339844,88.60186767578125,154.9600067138672,39.540000915527344,184.8519287109375,,230.3035430908203,156.4546661376953,1209.97607421875,193.8000030517578,134.99000549316406,37.220001220703125,192.78216552734375,108.52999877929688,36.810001373291016,529.7000122070312,157.6199951171875,220.2899932861328,238.91000366210938,164.25999450683594,189.25799560546875,471.94000244140625,175.05999755859375,357.79998779296875,340.1700134277344,39.16999816894531,351.3999938964844,226.97000122070312,269.4019470214844,452.4200134277344,160.9854278564453,96.41999816894531,62.79999923706055,67.10501098632812,181.38999938964844,32.560001373291016
2025-10-28,221.7272491455078,519581.34375,98814.1328125,175.52999877929688,200.77392578125,258.010009765625,371.47845458984375,88.35216522216797,162.17999267578125,41.529998779296875,178.30213928222656,,226.62991333007812,155.17828369140625,1200.9246826171875,198.38999938964844,134.24000549316406,36.869998931884766,190.45359802246094,113.27999877929688,36.70000076293945,546.9400024414062,157.27000427246094,221.3800048828125,236.92999267578125,163.9600067138672,187.58200073242188,469.6199951171875,178.9600067138672,359.9100036621094,336.4599914550781,36.880001068115234,341.29998779296875,229.25,267.9049072265625,460.54998779296875,163.6554412841797,95.43000030517578,57.150001525878906,65.97013854980469,179.97999572753906,32.81999969482422
2025-10-29,226.443359375,556480.5625,99807.234375,204.36000061035156,206.77627563476562,264.3299865722656,384.43646240234375,90.04010772705078,171.52000427246094,41.34000015258789,175.9777069091797,,234.70394897460938,160.21395874023438,1230.0406494140625,214.27999877929688,138.05999755859375,35.47999954223633,199.14828491210938,133.7100067138672,31.139999389648438,545.5,156.0,217.16000366210938,231.36000061035156,159.27999877929688,182.33999633789062,466.1199951171875,179.00999450683594,337.8599853515625,340.5299987792969,37.13999938964844,341.42999267578125,230.3000030517578,274.6317138671875,461.510009765625,162.3849639892578,95.76000213623047,61.11000061035156,63.93517303466797,170.3000030517578,32.13999938964844
2025-10-30,223.82550048828125,566453.375,103382.421875,195.82000732421875,202.63156127929688,254.83999633789062,374.9644775390625,88.4620361328125,166.6199951171875,40.15999984741211,174.5889434814453,,231.5181427001953,160.55299377441406,1209.2591552734375,200.1300048828125,132.7100067138672,35.06999969482422,193.6416473388672,127.8499984741211,30.1299991607666,538.6799926757812,157.07000732421875,218.27000427246094,232.8699951171875,160.6699981689453,186.93600463867188,477.6199951171875,173.61000061035156,339.239990234375,347.5400085449219,36.130001068115234,336.0899963378906,222.86000061035156,281.3485412597656,440.1000061035156,159.81417846679688,96.48999786376953,60.16999816894531,63.49491500854492,168.02000427246094,31.93000030517578
2025-10-31,223.58570861816406,557477.875,106758.984375,199.3300018310547,202.23207092285156,256.1199951171875,368.1518249511719,93.625732421875,187.6199951171875,39.9900016784668,178.17410278320312,,232.06568908691406,157.01307678222656,1203.6131591796875,201.55999755859375,131.9600067138672,35.560001373291016,192.74220275878906,132.16000366210938,30.510000228881836,543.010009765625,162.80999755859375,220.24000549316406,239.9199981689453,169.4199981689453,183.8560028076172,491.9200134277344,173.86000061035156,340.30999755859375,359.82000732421875,37.900001525878906,338.69000244140625,244.22000122070312,281.2687072753906,456.55999755859375,160.80674743652344,96.5,62.380001068115234,63.19161605834961,170.5399932861328,31.229999542236328
2025-11-03,234.50669860839844,618311.8125,110334.1640625,207.00999450683594,206.61648559570312,259.6499938964844,361.1001281738281,90.25984191894531,180.63999938964844,39.5,177.99681091308594,,236.65524291992188,160.7823486328125,1213.9691162109375,199.5800018310547,132.0,33.040000915527344,191.28306579589844,142.3699951171875,29.510000228881836,551.9199829101562,162.0800018310547,219.22999572753906,237.67999267578125,176.0800018310547,182.76800537109375,494.5799865722656,172.94000244140625,337.4700012207031,369.04998779296875,37.54999923706055,335.4100036621094,254.0,283.5641784667969,468.3699951171875,158.92086791992188,99.72000122070312,58.400001525878906,61.29362869262695,165.47000122070312,31.469999313354492
2025-11-04,217.85043334960938,584404.375,104176.90625,194.57000732421875,198.43690490722656,250.0500030517578,350.5325622558594,87.48322296142578,164.22999572753906,37.029998779296875,170.2355499267578,,229.16860961914062,155.3378448486328,1188.4278564453125,188.36000061035156,128.6999969482422,29.5,180.7095489501953,129.0500030517578,29.010000228881836,533.9199829101562,157.50999450683594,214.52000427246094,233.47000122070312,165.0,177.51400756835938,471.989990234375,160.94000244140625,335.3500061035156,355.8399963378906,35.869998931884766,333.2200012207031,249.32000732421875,277.5160827636719,444.260009765625,153.49148559570312,94.66999816894531,53.380001068115234,59.90436935424805,160.66000366210938,31.399999618530273
2025-11-05,237.3043975830078,577423.375,99906.546875,216.5,194.9613494873047,256.3299865722656,357.54443359375,92.78675842285156,173.16000366210938,38.380001068115234,177.0118865966797,,239.82113647460938,164.58154296875,1221.895263671875,232.75,134.6300048828125,31.510000228881836,190.593505859375,141.41000366210938,32.20000076293945,534.1400146484375,154.97999572753906,213.17999267578125,232.10000610351562,161.4600067138672,175.92599487304688,464.7099914550781,162.9199981689453,335.5299987792969,350.2799987792969,42.36000061035156,327.6300048828125,250.1999969482422,284.1929931640625,462.07000732421875,151.27806091308594,92.75,55.40999984741211,60.765316009521484,167.58999633789062,31.270000457763672
2025-11-06,238.1337127685547,591385.3125,98516.1953125,207.69000244140625,187.84043884277344,237.6999969482422,354.16796875,93.21623229980469,162.74000549316406,37.2400016784668,170.5901336669922,,232.4937744140625,161.7296600341797,1201.2830810546875,239.67999267578125,159.3000030517578,29.100000381469727,182.908203125,136.86000061035156,31.170000076293945,532.52001953125,190.82000732421875,211.3699951171875,224.5,156.1300048828125,171.75399780273438,394.95001220703125,156.0500030517578,327.3500061035156,355.8299865722656,39.93000030517578,324.45001220703125,243.0399932861328,284.78179931640625,445.9100036621094,148.07203674316406,92.12000274658203,57.43000030517578,60.55007553100586,163.5500030517578,29.670000076293945
2025-11-07,237.72406005859375,578420.75,97225.1640625,239.47999572753906,187.91030883789062,233.5399932861328,348.0325927734375,90.80917358398438,163.61000061035156,38.130001068115234,168.31494140625,,229.0491485595703,158.89772033691406,1188.308349609375,240.11000061035156,154.50999450683594,28.56999969482422,179.69017028808594,135.2100067138672,30.219999313354492,539.8099975585938,191.24000549316406,212.2899932861328,225.1699981689453,157.8300018310547,172.37399291992188,398.3999938964844,152.41000366210938,326.95001220703125,361.0400085449219,40.029998779296875,325.04998779296875,244.41000366210938,279.1528625488281,429.5199890136719,145.61045837402344,91.98999786376953,59.27000045776367,59.76739501953125,166.1300048828125,29.540000915527344
2025-11-10,253.0913848876953,604349.875,99906.546875,267.95001220703125,198.7964630126953,243.97999572753906,356.9568176269531,93.11636352539062,170.16000366210938,38.45000076293945,168.9846954345703,,234.0369110107422,165.8977813720703,1212.7840576171875,259.8900146484375,166.72000122070312,25.420000076293945,187.72525024414062,139.22999572753906,32.84000015258789,557.530029296875,199.72000122070312,216.5399932861328,227.97000122070312,159.1300048828125,173.25999450683594,386.3500061035156,158.8800048828125,328.8500061035156,373.8900146484375,43.130001068115234,328.94000244140625,248.39999389648438,290.02154541015625,445.2300109863281,141.63026428222656,94.0999984741211,55.369998931884766,59.48367691040039,170.35000610351562,30.139999389648438
2025-11-11,240.91143798828125,617314.4375,102786.5546875,271.5799865722656,192.91395568847656,237.52000427246094,350.552490234375,89.22110748291016,158.5,37.880001068115234,171.35836791992188,,227.6553497314453,158.7281951904297,1185.848876953125,252.47000122070312,158.00999450683594,23.75,178.9406280517578,127.06999969482422,30.84000015258789,556.72998046875,197.86000061035156,218.27000427246094,226.97999572753906,157.5399932861328,172.13400268554688,395.0400085449219,158.94000244140625,333.2200012207031,371.4200134277344,41.45000076293945,318.510009765625,249.10000610351562,291.1692810058594,439.6199951171875,137.72943115234375,93.5999984741211,54.41999816894531,61.782798767089844,169.80999755859375,30.18000030517578
2025-11-12,244.6982879638672,615319.9375,102389.3125,283.1000061035156,193.55313110351562,258.8900146484375,353.7994689941406,89.22110748291016,160.33999633789062,37.88999938964844,174.00784301757812,,229.70620727539062,160.9618377685547,1193.884521484375,253.80999755859375,156.6699981689453,23.940000534057617,173.26409912109375,126.72000122070312,30.709999084472656,545.8599853515625,190.88999938964844,210.0399932861328,225.92999267578125,155.5,172.80799865722656,394.739990234375,156.58999633789062,337.04998779296875,365.3800048828125,40.04999923706055,315.5400085449219,244.1999969482422,286.86773681640625,430.6000061035156,139.6649627685547,93.56999969482422,50.709999084472656,62.810062408447266,170.89999389648438,31.3799991607666
2025-11-13,236.75485229492188,610333.5625,102091.3828125,243.57000732421875,186.62197875976562,247.9600067138672,338.62042236328125,87.41331481933594,142.9499969482422,35.90999984741211,171.87054443359375,,222.23948669433594,152.8848419189453,1156.7926025390625,226.86000061035156,139.97000122070312,20.90999984741211,163.5400390625,103.55000305175781,28.90999984741211,529.780029296875,185.97000122070312,204.77000427246094,223.49000549316406,152.0500030517578,169.93800354003906,390.6099853515625,146.33999633789062,333.6000061035156,351.1400146484375,37.15999984741211,315.989990234375,237.5800018310547,278.573974609375,401.989990234375,132.9452362060547,91.77999877929688,45.400001525878906,64.6004409790039,169.66000366210938,30.40999984741211
2025-11-14,246.626708984375,558475.1875,96529.984375,254.16000366210938,189.92774963378906,246.80999755859375,341.0904541015625,86.34461975097656,145.52000427246094,35.52000045776367,171.35836791992188,,225.00714111328125,147.8391876220703,1129.5087890625,232.14999389648438,139.3300018310547,21.46500015258789,170.86557006835938,111.88999938964844,28.68000030517578,537.5499877929688,185.00999450683594,205.25,230.82000732421875,151.7899932861328,170.08599853515625,396.3599853515625,146.0399932861328,331.1099853515625,352.6099853515625,36.720001220703125,314.92999267578125,234.69000244140625,276.4382019042969,404.3500061035156,132.76657104492188,91.62000274658203,47.18000030517578,62.78071594238281,170.67999267578125,30.3700008392334
2025-11-17,241.75074768066406,604349.875,99906.546875,265.8800048828125,186.36231994628906,240.52000427246094,341.27972412109375,83.3482666015625,145.5800018310547,34.709999084472656,164.23731994628906,,227.69517517089844,147.0414581298828,1130.785400390625,242.07000732421875,139.07000732421875,21.6299991607666,166.54818725585938,107.11000061035156,27.530000686645508,529.780029296875,180.25999450683594,202.89999389648438,224.9499969482422,146.02000427246094,167.1580047607422,369.1000061035156,139.92999267578125,325.07000732421875,339.6000061035156,36.66999816894531,311.2900085449219,232.8699951171875,285.04132080078125,408.9200134277344,121.57034301757812,92.11000061035156,47.790000915527344,61.53821563720703,164.16000366210938,30.760000228881836
2025-11-18,228.3118133544922,568447.875,97125.8515625,244.92999267578125,181.1289825439453,230.2899932861328,339.1383056640625,78.58409118652344,139.55999755859375,34.33000183105469,162.57278442382812,,224.12110900878906,142.8334503173828,1120.2027587890625,247.42999267578125,138.14999389648438,20.889999389648438,164.75929260253906,104.97000122070312,27.600000381469727,513.6699829101562,176.4600067138672,201.0,225.63999938964844,148.75,163.593994140625,368.3299865722656,140.4499969482422,324.4700012207031,337.8599853515625,37.0,303.2099914550781,222.5500030517578,284.4025573730469,401.25,121.77879333496094,90.86000061035156,49.119998931884766,61.13709259033203,163.97000122070312,33.36000061035156
2025-11-19,225.73394775390625,560469.75,95834.8125,245.9600067138672,186.28240966796875,223.5500030517578,353.0026550292969,81.22087097167969,141.8800048828125,35.11000061035156,163.60696411132812,,234.08668518066406,148.37765502929688,1164.458740234375,268.9200134277344,142.94000244140625,20.8700008392334,170.54574584960938,108.93000030517578,26.889999389648438,520.5900268554688,176.30999755859375,199.89999389648438,223.86000061035156,146.50999450683594,163.2899932861328,361.8999938964844,146.0,318.1099853515625,337.19000244140625,39.220001220703125,306.760009765625,222.69000244140625,292.4168395996094,403.989990234375,118.49336242675781,89.52999877929688,47.880001068115234,61.28384017944336,166.05999755859375,34.7599983215332
2025-11-20,201.2041473388672,569445.25,99906.546875,195.9600067138672,180.40989685058594,206.02000427246094,345.4330749511719,76.58653259277344,134.72999572753906,33.619998931884766,157.18519592285156,,219.6825714111328,139.1938018798828,1099.6158447265625,233.24000549316406,135.61000061035156,19.489999771118164,159.5124969482422,93.37999725341797,26.1200008392334,501.30999755859375,159.57000732421875,185.07000732421875,216.80999755859375,144.0399932861328,160.0919952392578,357.30999755859375,144.55999755859375,312.3999938964844,329.0899963378906,37.709999084472656,302.1400146484375,217.13999938964844,289.4127502441406,395.2300109863281,116.528076171875,83.36000061035156,41.0,60.10003662109375,164.69000244140625,34.349998474121094
2025-11-21,207.19920349121094,519581.34375,94146.5234375,200.27000427246094,178.6521453857422,203.77999877929688,338.83953857421875,77.3555908203125,133.49000549316406,34.5,160.8393096923828,,223.4531707763672,142.24510192871094,1094.299560546875,255.58999633789062,139.50999450683594,20.579999923706055,159.7323760986328,89.98999786376953,26.93000030517578,490.6700134277344,157.5500030517578,182.89999389648438,225.13999938964844,146.27999877929688,162.68600463867188,355.3500061035156,147.8000030517578,324.19000244140625,321.17999267578125,38.77000045776367,300.5799865722656,220.69000244140625,299.0638122558594,391.0899963378906,121.6001205444336,83.87000274658203,41.709999084472656,61.44037628173828,168.17999267578125,34.060001373291016
2025-11-24,223.74557495117188,518584.0625,96033.4296875,226.9600067138672,182.31747436523438,215.0500030517578,376.4485168457031,83.68785858154297,150.85000610351562,35.790000915527344,162.57278442382812,,230.33604431152344,149.95318603515625,1133.8077392578125,299.3599853515625,151.80999755859375,22.469999313354492,168.80682373046875,95.55999755859375,26.780000686645508,506.82000732421875,158.44000244140625,183.88999938964844,226.63999938964844,146.4499969482422,163.16799926757812,356.5,155.30999755859375,318.7300109863281,330.6300048828125,41.59000015258789,304.4700012207031,226.27999877929688,317.8470153808594,417.7799987792969,126.27513885498047,83.69000244140625,46.7599983215332,60.589210510253906,169.6699981689453,36.04999923706055
2025-11-25,224.34507751464844,517586.78125,98615.5078125,220.5,177.593505859375,206.1300048828125,383.4902648925781,83.32830047607422,154.17999267578125,35.83000183105469,160.8393096923828,,241.85733032226562,151.49876403808594,1142.9442138671875,291.2699890136719,148.85000610351562,22.729999542236328,169.5296630859375,94.29000091552734,27.709999084472656,512.3400268554688,158.99000549316406,186.27000427246094,233.69000244140625,149.0399932861328,165.06199645996094,371.510009765625,157.3699951171875,319.54998779296875,331.75,42.58000183105469,303.6600036621094,229.6699981689453,323.0069274902344,419.3999938964844,124.98480224609375,83.69000244140625,47.060001373291016,62.30132293701172,177.50999450683594,36.599998474121094
2025-11-26,230.0703582763672,522573.1875,102091.3828125,215.0399932861328,180.03036499023438,214.24000549316406,395.9801025390625,87.61307525634766,164.00999450683594,36.810001373291016,162.65158081054688,,249.34866333007812,154.6996612548828,1156.09033203125,308.2799987792969,154.0,25.56999969482422,171.9790802001953,101.13999938964844,27.81999969482422,501.5400085449219,158.39999389648438,185.35000610351562,215.33999633789062,148.02999877929688,160.54400634765625,361.80999755859375,159.33999633789062,317.5199890136719,326.2699890136719,42.470001220703125,306.3500061035156,229.16000366210938,319.6534729003906,426.5799865722656,132.27027893066406,85.66000366210938,46.900001525878906,62.937255859375,181.94000244140625,36.65999984741211
2025-11-28,236.2852325439453,528935.375,99807.234375,223.27999877929688,176.7745361328125,217.52999877929688,401.3485412597656,89.29103088378906,177.60000610351562,40.560001373291016,165.55711364746094,,251.62298583984375,155.55722045898438,1172.4481201171875,325.1600036621094,164.25999450683594,26.780000686645508,179.68722534179688,109.23999786376953,28.850000381469727,509.1600036621094,160.00999450683594,190.1300048828125,215.6199951171875,149.52000427246094,162.48199462890625,367.32000732421875,158.63999938964844,320.1300048828125,332.3699951171875,42.52000045776367,311.8399963378906,233.22000122070312,319.4938049316406,430.1700134277344,132.359619140625,87.54000091552734,49.29999923706055,63.23075866699219,184.17999267578125,37.130001068115234
2025-12-01,240.26197814941406,536919.3125,100105.171875,210.1699981689453,179.69081115722656,219.75999450683594,384.5360412597656,90.98895263671875,171.1300048828125,40.0099983215332,165.50787353515625,,254.1167755126953,154.35064697265625,1154.2052001953125,317.92999267578125,163.5,26.530000686645508,179.17735290527344,98.93000030517578,28.579999923706055,504.1300048828125,157.89999389648438,187.72999572753906,213.35000610351562,151.5800018310547,164.41400146484375,373.3999938964844,149.27999877929688,322.8500061035156,328.8699951171875,43.13999938964844,309.6199951171875,233.8800048828125,314.5035400390625,430.1400146484375,131.1089630126953,86.56999969482422,47.119998931884766,64.38272857666016,182.41000366210938,37.029998779296875
2025-12-02,239.2927703857422,556879.125,102687.2421875,205.35000610351562,181.22886657714844,215.24000549316406,380.0440979003906,92.77677154541016,188.44000244140625,43.470001220703125,168.1278076171875,,264.67047119140625,157.7410125732422,1186.8011474609375,302.80999755859375,164.88999938964844,26.020000457763672,180.86695861816406,105.0,29.1200008392334,516.5499877929688,156.47999572753906,189.8800048828125,213.05999755859375,153.91000366210938,164.87600708007812,373.32000732421875,156.8300018310547,322.80999755859375,401.989990234375,44.41999816894531,317.94000244140625,234.4199981689453,315.40179443359375,429.239990234375,134.9403076171875,87.56999969482422,46.93000030517578,63.9298210144043,182.39999389648438,37.02000045776367
2025-12-03,233.9671630859375,550891.1875,103779.6640625,194.3800048828125,179.3612518310547,217.60000610351562,379.087890625,100.0778579711914,189.19000244140625,43.7599983215332,172.4319610595703,,267.9622802734375,159.55882263183594,1208.634765625,302.9800109863281,170.9600067138672,25.649999618530273,178.8374481201172,102.5,29.389999389648438,524.1699829101562,155.8300018310547,193.6300048828125,214.83999633789062,156.7550048828125,166.5800018310547,374.9700012207031,160.0,326.7799987792969,405.94000244140625,44.619998931884766,336.1099853515625,232.3800048828125,319.9927978515625,446.739990234375,132.63754272460938,90.68000030517578,48.650001525878906,64.63873291015625,182.3000030517578,36.959999084472656
2025-12-04,226.4633331298828,540911.25,104375.5234375,213.30999755859375,183.15660095214844,215.97999572753906,379.5062561035156,98.0703125,180.9199981689453,40.5,172.60025024414062,,268.770263671875,156.90200805664062,1204.9742431640625,327.8500061035156,177.35000610351562,26.239999771118164,182.49656677246094,118.08999633789062,30.760000228881836,513.1199951171875,153.0,195.67999267578125,216.6199951171875,156.5399932861328,167.7740020751953,377.0400085449219,162.30999755859375,328.7300109863281,396.7300109863281,44.150001525878906,337.29998779296875,229.11000061035156,317.7671813964844,454.5299987792969,137.95773315429688,90.98999786376953,54.7599983215332,64.67810821533203,183.60000610351562,35.97999954223633
2025-12-05,237.02464294433594,542907.25,107652.78125,228.47000122070312,182.1877899169922,217.97000122070312,388.6794128417969,98.78943634033203,176.0399932861328,41.40999984741211,173.0556182861328,,267.3338317871094,158.5100860595703,1211.337890625,331.4100036621094,181.7899932861328,26.59000015258789,188.9750213623047,119.18000030517578,31.25,512.030029296875,151.41000366210938,198.83999633789062,219.9600067138672,159.3300018310547,170.8719940185547,379.8500061035156,161.0800018310547,346.260009765625,409.6199951171875,45.779998779296875,337.5299987792969,229.52999877929688,321.4599304199219,455.0,137.87832641601562,91.31999969482422,52.689998626708984,64.84549713134766,190.00999450683594,35.810001373291016
2025-12-08,246.71664428710938,575840.9375,108745.1953125,225.47000122070312,185.323974609375,221.11000061035156,399.4960021972656,91.88785552978516,178.94000244140625,40.29999923706055,173.5506134033203,,267.4934387207031,162.54525756835938,1221.4417724609375,342.55999755859375,185.86000061035156,27.84000015258789,185.5658416748047,111.79000091552734,31.239999771118164,515.1900024414062,154.27999877929688,195.35000610351562,221.0,160.74000549316406,170.70399475097656,385.2099914550781,158.41000366210938,339.1199951171875,418.7099914550781,49.040000915527344,337.2900085449219,226.88999938964844,314.0396728515625,439.5799865722656,139.36717224121094,92.56999969482422,54.36000061035156,62.56122970581055,183.0399932861328,37.189998626708984
2025-12-09,252.21212768554688,564863.0625,107652.78125,219.4600067138672,184.7446746826172,221.6199951171875,404.66522216796875,88.79163360595703,170.2899932861328,40.5,174.2336883544922,,266.4759826660156,165.611572265625,1222.459228515625,360.3299865722656,192.72999572753906,30.3799991607666,178.33755493164062,109.44000244140625,31.549999237060547,517.97998046875,152.57000732421875,195.0,222.25,161.41000366210938,170.98199462890625,385.79998779296875,159.88999938964844,344.32000732421875,414.05999755859375,49.470001220703125,335.07000732421875,227.9199981689453,317.3352966308594,445.1700134277344,137.19345092773438,89.06999969482422,54.439998626708984,62.354469299316406,182.27999877929688,38.68000030517578
2025-12-10,263.4927978515625,585820.875,107255.5390625,232.86000061035156,183.55612182617188,221.4199981689453,411.3185119628906,92.3572769165039,157.97999572753906,40.779998779296875,180.38136291503906,,274.4660339355469,168.0586395263672,1235.72509765625,366.0,197.4499969482422,34.97999954223633,181.77674865722656,101.29000091552734,32.790000915527344,519.5399780273438,151.1999969482422,192.9600067138672,222.75,161.72999572753906,170.71200561523438,392.4700012207031,168.4199981689453,343.1300048828125,427.4100036621094,48.97999954223633,338.05999755859375,231.77999877929688,320.5810852050781,451.45001220703125,139.58555603027344,84.16000366210938,51.66999816894531,64.77657318115234,187.6199951171875,39.470001220703125
2025-12-11,258.24713134765625,563865.125,106560.359375,241.61000061035156,180.70957946777344,221.42999267578125,404.7449035644531,89.32099151611328,154.47000122070312,39.5099983215332,179.45079040527344,,269.4385681152344,168.50811767578125,1242.9764404296875,372.0899963378906,198.5,36.31999969482422,178.61749267578125,108.98999786376953,33.0099983215332,517.6500244140625,149.89999389648438,190.36000061035156,224.0399932861328,163.26499938964844,173.4980010986328,387.19000244140625,164.75,350.42999267578125,420.3900146484375,49.22999954223633,335.42999267578125,230.27999877929688,313.2906188964844,446.8900146484375,137.5706329345703,85.44000244140625,52.54999923706055,66.69652557373047,187.00999450683594,39.36000061035156
2025-12-12,240.94140625,569853.0625,108149.328125,206.17999267578125,174.80679321289062,210.77999877929688,358.4906005859375,84.32707977294922,143.91000366210938,37.810001373291016,176.50070190429688,,258.565673828125,160.32791137695312,1190.850830078125,324.3500061035156,178.33999633789062,32.060001373291016,161.23162841796875,94.9800033569336,32.18000030517578,504.7799987792969,146.0,191.69000244140625,224.49000549316406,162.0399932861328,173.01199340820312,375.94000244140625,164.19000244140625,356.42999267578125,419.0,46.15999984741211,323.2200012207031,226.19000244140625,310.11474609375,458.9599914550781,129.0146484375,85.11000061035156,50.349998474121094,66.43069458007812,204.97000122070312,38.36000061035156
2025-12-15,237.3043975830078,552887.1875,104077.59375,201.8699951171875,176.07522583007812,207.5800018310547,338.4510803222656,84.15728759765625,142.02000427246094,37.5099983215332,177.46096801757812,,260.62054443359375,164.1033935546875,1221.9605712890625,334.69000244140625,178.4499969482422,29.899999618530273,161.70152282714844,89.58000183105469,31.3700008392334,487.4700012207031,142.0500030517578,185.8800048828125,214.89999389648438,159.1699981689453,153.0399932861328,364.8500061035156,159.85000610351562,351.1499938964844,416.0,45.220001220703125,318.42999267578125,222.5399932861328,308.9163513183594,475.30999755859375,129.5406951904297,81.86000061035156,46.06999969482422,66.73591613769531,206.2899932861328,39.040000915527344
2025-12-16,232.31849670410156,528935.375,102091.3828125,209.30999755859375,177.5034942626953,209.1699981689453,339.93511962890625,83.96752166748047,140.33999633789062,37.310001373291016,174.35247802734375,,258.19659423828125,163.0646209716797,1220.2249755859375,316.1499938964844,175.1999969482422,28.959999084472656,160.6217803955078,87.61000061035156,31.860000610351562,488.5299987792969,140.0500030517578,187.08999633789062,216.11000061035156,159.55999755859375,156.2239990234375,370.3500061035156,163.13999938964844,347.8900146484375,421.5,44.56999969482422,319.5299987792969,222.55999755859375,307.3283996582031,489.8800048828125,132.75665283203125,80.91999816894531,49.66999816894531,66.0860824584961,206.74000549316406,38.900001525878906
2025-12-17,225.3342742919922,549893.1875,107156.21875,206.8300018310547,170.73175048828125,198.11000061035156,324.7162170410156,81.60040283203125,134.1300048828125,36.04999923706055,170.61041259765625,,247.6528778076172,154.79454040527344,1169.0069580078125,320.25,170.44000244140625,27.139999389648438,149.7943572998047,76.97000122070312,31.610000610351562,470.0199890136719,136.7100067138672,183.44000244140625,216.0,161.97999572753906,156.47799682617188,387.5799865722656,161.72999572753906,354.6600036621094,412.3500061035156,43.779998779296875,313.0199890136719,221.27000427246094,297.6710205078125,467.260009765625,126.94017028808594,79.13999938964844,45.849998474121094,64.67810821533203,207.8699951171875,37.90999984741211
2025-12-18,248.34530639648438,550891.1875,106858.2890625,219.4600067138672,173.9278564453125,201.05999755859375,328.5608215332031,84.36703491210938,138.57000732421875,36.279998779296875,172.44186401367188,,252.869873046875,164.50289916992188,1219.24755859375,337.1300048828125,175.7100067138672,29.25,154.35325622558594,80.20999908447266,32.959999084472656,477.260009765625,138.2899932861328,185.8800048828125,218.0800018310547,165.0,153.3800048828125,390.0,166.8000030517578,355.80999755859375,425.20001220703125,44.540000915527344,315.1000061035156,226.75999450683594,303.35357666015625,483.3699951171875,122.02693176269531,79.69000244140625,46.439998626708984,64.61903381347656,215.11000061035156,38.18000030517578
2025-12-19,265.7010192871094,545901.25,105567.25,237.61000061035156,180.76953125,213.42999267578125,338.9988708496094,83.98749542236328,150.1300048828125,36.81999969482422,173.4912109375,,255.7726593017578,172.06385803222656,1242.4676513671875,371.42999267578125,185.8300018310547,31.31999969482422,159.781982421875,88.81999969482422,33.25,481.2799987792969,140.38999938964844,186.8800048828125,218.6300048828125,161.07000732421875,155.30999755859375,389.4599914550781,169.57000732421875,355.8599853515625,430.6400146484375,46.41999816894531,314.9100036621094,227.35000610351562,308.2072448730469,481.20001220703125,125.4810791015625,79.30999755859375,48.47999954223633,57.805633544921875,209.4499969482422,38.209999084472656
2025-12-22,276.3622131347656,578834.9375,109738.3046875,241.0500030517578,183.4662322998047,214.9499969482422,340.7352600097656,84.6966323852539,149.94000244140625,36.369998931884766,172.47154235839844,,258.3661804199219,175.05026245117188,1262.40625,389.8800048828125,190.97999572753906,39.095001220703125,166.21044921875,92.26000213623047,33.5,483.1400146484375,141.83999633789062,189.49000549316406,217.99000549316406,164.4499969482422,156.67999267578125,401.0,169.6699981689453,357.5299987792969,439.67999267578125,46.2400016784668,317.57000732421875,228.42999267578125,310.9236755371094,488.7300109863281,125.669677734375,81.26000213623047,53.86000061035156,56.338584899902344,212.3699951171875,38.119998931884766
2025-12-23,276.04248046875,582826.9375,110731.40625,244.89999389648438,188.97952270507812,214.89999389648438,348.5887756347656,87.5731201171875,147.80999755859375,36.349998474121094,172.99623107910156,,259.5831604003906,174.9503936767578,1265.48828125,387.4100036621094,191.8699951171875,40.63999938964844,166.22042846679688,91.43000030517578,32.220001220703125,478.8399963378906,141.22999572753906,188.1199951171875,215.44000244140625,162.38999938964844,154.36000061035156,397.0,169.52999877929688,352.4200134277344,437.1300048828125,45.20000076293945,316.92999267578125,232.13999938964844,315.26800537109375,485.55999755859375,126.67217254638672,80.97000122070312,51.38999938964844,56.45673751831055,212.67999267578125,37.93000030517578
2025-12-24,286.4438781738281,586818.875,110334.1640625,250.0800018310547,188.38023376464844,215.0399932861328,349.48687744140625,86.38456726074219,150.19000244140625,36.15999984741211,173.0160369873047,,260.13177490234375,177.1177978515625,1273.7071533203125,395.9200134277344,191.3699951171875,41.0,166.83029174804688,91.87999725341797,32.849998474121094,477.1099853515625,138.0399932861328,187.22000122070312,216.85000610351562,161.1199951171875,152.58999633789062,397.6000061035156,169.4499969482422,352.9800109863281,435.510009765625,45.439998626708984,317.760009765625,232.3800048828125,315.2580261230469,485.3999938964844,127.42652893066406,81.1500015258789,49.81999969482422,59.07576370239258,210.39999389648438,37.84000015258789
2025-12-26,284.5554504394531,597796.8125,116193.5,250.0500030517578,190.2978973388672,214.99000549316406,351.39288330078125,86.23474884033203,144.8300018310547,36.20000076293945,173.0556182861328,,261.24896240234375,177.85691833496094,1276.3104248046875,390.7699890136719,191.72000122070312,37.16999816894531,167.54013061523438,90.18000030517578,33.0,481.19000244140625,138.31500244140625,188.4499969482422,220.6999969482422,163.14999389648438,153.88999938964844,398.1600036621094,170.8300018310547,353.79998779296875,435.8500061035156,45.150001525878906,318.8900146484375,232.52000427246094,314.5489501953125,475.19000244140625,128.2801513671875,81.26000213623047,46.0,59.99143600463867,208.97000122070312,38.369998931884766
2025-12-29,294.24639892578125,638714.4375,119253.171875,244.25,187.99070739746094,215.61000061035156,348.65863037109375,85.65546417236328,144.6999969482422,36.68000030517578,171.68946838378906,,262.3961486816406,175.65953063964844,1257.14990234375,372.6099853515625,189.02000427246094,36.75,165.58058166503906,88.41000366210938,33.130001068115234,475.9100036621094,137.94000244140625,186.85000610351562,218.99000549316406,163.99000549316406,154.5800018310547,399.3699951171875,167.8800048828125,353.1600036621094,423.1400146484375,45.04999923706055,317.7099914550781,232.07000732421875,313.979736328125,459.6400146484375,126.51335906982422,81.5,45.25,60.267120361328125,212.5399932861328,37.84000015258789
2025-12-30,292.5071105957031,649692.375,119652.34375,240.22000122070312,187.31153869628906,215.33999633789062,349.1176452636719,86.65425109863281,144.9199981689453,37.29999923706055,171.9072723388672,,259.32379150390625,173.57203674316406,1240.452880859375,371.17999267578125,186.80999755859375,36.02000045776367,164.30088806152344,87.26000213623047,32.189998626708984,475.6300048828125,137.47999572753906,186.85000610351562,216.92999267578125,162.92999267578125,154.22999572753906,405.8299865722656,163.74000549316406,352.510009765625,421.2300109863281,45.130001068115234,315.6000061035156,232.52999877929688,314.1394958496094,454.42999267578125,126.9699478149414,82.12000274658203,45.310001373291016,60.24742889404297,210.6699981689453,37.75
2025-12-31,285.2901611328125,649692.375,119652.34375,237.3800048828125,186.27279663085938,214.16000366210938,345.3755187988281,84.87641143798828,143.88999938964844,36.900001525878906,169.3333740234375,,256.3511962890625,170.9751434326172,1211.956298828125,368.5899963378906,184.57000732421875,34.86000061035156,161.97145080566406,86.88999938964844,32.04999923706055,468.760009765625,135.99000549316406,184.1999969482422,214.77999877929688,162.13999938964844,153.19000244140625,401.29998779296875,160.97000122070312,349.989990234375,419.69000244140625,44.16999816894531,312.5799865722656,230.82000732421875,313.3904724121094,449.7200012207031,124.9450912475586,81.70999908447266,44.869998931884766,62.72861099243164,207.80999755859375,37.349998474121094
2026-01-02,315.2875671386719,675640.0625,128234.578125,275.239990234375,188.6199493408203,223.47000122070312,346.8923034667969,89.28103637695312,143.22000122070312,39.380001068115234,171.24398803710938,,268.20166015625,184.8385467529297,1271.193603515625,386.1099853515625,194.3300018310547,39.599998474121094,175.56822204589844,98.69000244140625,33.75,453.5799865722656,133.77000427246094,179.3699951171875,205.7899932861328,154.75999450683594,147.4499969482422,382.2300109863281,157.1999969482422,333.29998779296875,399.6499938964844,44.25,310.3999938964844,226.5,314.9084777832031,438.07000732421875,126.85083770751953,82.86000061035156,46.77000045776367,62.30523681640625,210.80999755859375,37.5
2026-01-05,312.0189208984375,694601.9375,137814.75,274.0799865722656,187.89083862304688,221.0800018310547,342.7011413574219,90.1200180053711,140.24000549316406,39.369998931884766,174.5405731201172,,283.6132507324219,194.5269317626953,1348.97314453125,357.04998779296875,186.36000061035156,34.9900016784668,173.90859985351562,103.87000274658203,34.0,456.54998779296875,133.63999938964844,182.1199951171875,208.89999389648438,153.8800048828125,147.60000610351562,379.6199951171875,166.2100067138672,331.55999755859375,420.82000732421875,45.90999984741211,301.2200012207031,233.05999755859375,316.9058837890625,451.6700134277344,123.0889892578125,80.73999786376953,48.709999084472656,63.535980224609375,212.39999389648438,37.09000015258789
2026-01-06,343.2857666015625,724541.6875,138613.09375,349.6300048828125,187.0119171142578,214.35000610351562,343.0503845214844,88.12245178222656,132.9499969482422,40.040000915527344,180.61895751953125,,295.27423095703125,206.71234130859375,1391.413818359375,397.4200134277344,194.11000061035156,38.61000061035156,174.9083709716797,103.05000305175781,34.75,458.32000732421875,137.10000610351562,185.86000061035156,210.3000030517578,158.36000061035156,148.80999755859375,396.0,168.4499969482422,335.989990234375,435.8599853515625,45.54999923706055,314.6400146484375,240.92999267578125,314.1394958496094,432.9599914550781,123.00958251953125,85.54000091552734,50.7599983215332,64.34335327148438,215.8800048828125,38.63999938964844
2026-01-07,339.40740966796875,740509.5,140708.765625,353.55999755859375,188.87962341308594,210.02000427246094,342.78094482421875,84.53681945800781,141.0,42.630001068115234,178.3816375732422,,291.47369384765625,202.83697509765625,1356.194580078125,392.8800048828125,191.6199951171875,38.05500030517578,171.49917602539062,108.0,34.689998626708984,478.9100036621094,141.44500732421875,193.89999389648438,211.13999938964844,160.8699951171875,150.89999389648438,398.2200012207031,166.74000549316406,338.1000061035156,440.6000061035156,45.36000061035156,320.5400085449219,241.55999755859375,322.00921630859375,431.4100036621094,119.1782455444336,86.19000244140625,49.779998779296875,62.246158599853516,211.72000122070312,38.38999938964844
2026-01-08,326.8826599121094,754481.4375,138513.296875,334.5400085449219,184.8145751953125,204.67999267578125,331.7840270996094,83.3482666015625,141.58999633789062,41.11000061035156,180.04476928710938,,280.93994140625,200.7195281982422,1321.1947021484375,348.260009765625,173.14999389648438,33.0099983215332,160.7417449951172,121.83999633789062,35.43000030517578,463.8699951171875,130.67999267578125,190.8000030517578,209.7899932861328,149.42999267578125,146.19000244140625,369.8999938964844,168.27999877929688,339.0400085449219,413.5199890136719,45.279998779296875,318.79998779296875,246.2899932861328,325.5845642089844,435.79998779296875,117.61991119384766,87.58999633789062,50.45000076293945,64.2547378540039,212.1699981689453,39.119998931884766
2026-01-09,344.9450988769531,742505.5,138712.890625,377.4100036621094,184.63479614257812,203.1699981689453,344.24786376953125,83.1783676147461,150.4199981689453,45.54999923706055,175.99581909179688,,300.43133544921875,218.09869384765625,1396.4010009765625,351.4200134277344,178.05999755859375,34.040000915527344,163.54107666015625,134.07000732421875,35.220001220703125,470.6099853515625,125.48999786376953,189.02000427246094,207.19000244140625,146.4199981689453,141.8000030517578,371.55999755859375,164.47999572753906,333.95001220703125,408.1199951171875,44.65999984741211,327.30999755859375,247.3800048828125,328.7104797363281,445.010009765625,119.72415924072266,85.44000244140625,49.45000076293945,64.9045639038086,203.89999389648438,38.529998779296875
2026-01-12,345.7247619628906,747495.4375,138513.296875,389.2699890136719,184.71470642089844,207.69000244140625,351.47271728515625,82.84852600097656,156.07000732421875,44.060001373291016,167.57122802734375,,306.4762878417969,220.13624572753906,1424.4986572265625,339.8699951171875,185.17999267578125,33.720001220703125,169.9895477294922,136.8699951171875,36.68000030517578,466.989990234375,126.56999969482422,188.8800048828125,207.91000366210938,146.44000244140625,142.63999938964844,375.9599914550781,167.92999267578125,327.6499938964844,418.19000244140625,47.290000915527344,325.510009765625,246.47000122070312,332.2957763671875,448.9599914550781,119.57527923583984,84.66999816894531,50.95000076293945,64.6288833618164,209.0399932861328,37.9900016784668
2026-01-13,337.9880065917969,736517.5625,137315.78125,389.80999755859375,185.58364868164062,220.97000122070312,353.86767578125,83.00845336914062,161.3800048828125,47.290000915527344,163.63116455078125,,304.1121826171875,214.1234588623047,1438.1134033203125,361.3299865722656,190.02999877929688,34.18000030517578,172.6789093017578,139.77000427246094,36.369998931884766,468.0199890136719,125.5,190.85000610351562,199.5500030517578,137.88999938964844,138.19000244140625,358.8900146484375,167.44000244140625,309.92999267578125,411.19000244140625,45.66999816894531,323.05999755859375,242.60000610351562,335.9909362792969,447.20001220703125,118.77129364013672,85.41000366210938,48.939998626708984,65.27871704101562,211.89999389648438,38.2599983215332
2026-01-14,333.21002197265625,740509.5,140010.203125,387.80999755859375,182.91690063476562,223.60000610351562,339.17852783203125,81.16936492919922,156.83999633789062,48.720001220703125,162.88868713378906,,301.13958740234375,208.54013061523438,1430.8121337890625,331.6199951171875,184.11000061035156,34.470001220703125,170.81935119628906,133.4600067138672,36.130001068115234,460.70001220703125,122.41000366210938,190.92999267578125,193.99000549316406,131.9600067138672,134.61000061035156,345.29998779296875,157.50999450683594,304.44000244140625,386.8900146484375,42.040000915527344,313.1700134277344,236.64999389648438,335.8711242675781,439.20001220703125,117.8084945678711,84.6500015258789,50.880001068115234,64.5599594116211,203.13999938964844,36.7400016784668
2026-01-15,336.4886474609375,747495.4375,143602.765625,409.239990234375,186.82212829589844,227.9199981689453,342.30194091796875,80.33978271484375,149.1199951171875,48.31999969482422,159.7703094482422,,318.2868347167969,217.2097625732422,1540.98828125,343.2699890136719,195.9600067138672,37.0,172.49893188476562,139.1699981689453,35.36000061035156,455.0,120.86000061035156,187.72999572753906,192.72000122070312,128.4499969482422,131.1699981689453,329.239990234375,157.99000549316406,304.0899963378906,389.20001220703125,43.97999954223633,320.6000061035156,238.17999267578125,332.7252197265625,438.57000732421875,118.77129364013672,84.37999725341797,47.560001373291016,63.59505081176758,205.00999450683594,37.290000915527344
2026-01-16,362.5976867675781,754481.4375,148592.4375,413.6199951171875,186.0031280517578,231.8300018310547,350.9737548828125,80.41974639892578,150.97000122070312,46.959999084472656,157.82008361816406,,326.1971435546875,222.6931915283203,1563.7894287109375,324.25,191.0399932861328,37.040000915527344,176.8878936767578,149.5,34.97999954223633,453.8800048828125,119.0199966430664,187.66000366210938,186.86000061035156,118.55000305175781,127.30999755859375,311.8800048828125,155.80999755859375,296.1199951171875,399.760009765625,40.95000076293945,317.45001220703125,239.1199951171875,329.90887451171875,437.5,119.63482666015625,84.8499984741211,50.79999923706055,63.38829040527344,201.8699951171875,37.029998779296875
2026-01-20,364.84674072265625,741507.5,144900.078125,453.1199951171875,177.85308837890625,231.9199981689453,331.9037780761719,79.76007843017578,153.22000122070312,48.560001373291016,152.52378845214844,,317.4389953613281,222.1438446044922,1482.3594970703125,356.8299865722656,193.4600067138672,39.2599983215332,175.1383056640625,151.75,34.52000045776367,442.7300109863281,117.0,184.05999755859375,182.99000549316406,118.05999755859375,125.4000015258789,304.7900085449219,144.5,290.3699951171875,384.82000732421875,41.540000915527344,307.0,231.0,321.7395935058594,419.25,110.7273941040039,83.72000122070312,50.65999984741211,62.649845123291016,188.75999450683594,36.459999084472656
2026-01-21,388.94659423828125,738513.5,149191.203125,501.2900085449219,183.09669494628906,249.8000030517578,328.1116943359375,82.50870513916016,139.16000366210938,54.25,154.80067443847656,,324.4315185546875,228.11668395996094,1516.092529296875,362.44000244140625,201.4600067138672,38.380001068115234,181.42681884765625,150.55999755859375,35.970001220703125,445.8800048828125,123.45999908447266,181.47000122070312,183.41000366210938,122.41000366210938,125.30000305175781,302.32000732421875,138.5399932861328,294.2300109863281,381.44000244140625,41.9900016784668,313.8399963378906,231.30999755859375,327.9514465332031,431.44000244140625,112.91063690185547,84.26000213623047,48.33000183105469,64.40242767333984,189.83999633789062,35.869998931884766
2026-01-22,397.41302490234375,753483.375,151985.421875,503.44000244140625,184.6148223876953,253.72999572753906,324.8086242675781,83.05841827392578,135.10000610351562,54.31999969482422,156.21633911132812,,317.9975891113281,220.43588256835938,1496.143798828125,354.489990234375,202.72000122070312,38.150001525878906,181.076904296875,145.6300048828125,40.47999954223633,453.7699890136719,131.25,182.27000427246094,188.17999267578125,128.44000244140625,128.55999755859375,319.5,137.63999938964844,299.7300109863281,404.6400146484375,42.130001068115234,317.0899963378906,234.33999633789062,330.4082336425781,449.3599853515625,116.80857849121094,82.55999755859375,49.33000183105469,64.45165252685547,194.66000366210938,36.4900016784668
2026-01-23,399.482177734375,765459.3125,151785.828125,473.8299865722656,187.44137573242188,259.67999267578125,319.3800354003906,80.18986511230469,133.16000366210938,45.06999969482422,154.2562255859375,,321.57867431640625,217.67919921875,1508.8909912109375,339.19000244140625,196.94000244140625,35.720001220703125,182.4465789794922,144.88999938964844,39.459999084472656,452.489990234375,130.1300048828125,180.17999267578125,189.25999450683594,131.75,133.11000061035156,322.7799987792969,137.88999938964844,301.07000732421875,398.69000244140625,42.34000015258789,318.32000732421875,239.16000366210938,328.0013732910156,449.05999755859375,115.07394409179688,82.30999755859375,47.25,64.03812408447266,191.07000732421875,37.720001220703125
2026-01-26,388.9266052246094,734521.5625,151785.828125,470.79998779296875,186.2428436279297,251.30999755859375,324.16998291015625,81.72908782958984,128.02000427246094,42.4900016784668,152.96925354003906,,318.6659240722656,222.60328674316406,1539.063232421875,332.45001220703125,197.75999450683594,34.88999938964844,181.18687438964844,139.6199951171875,39.41999816894531,468.3299865722656,136.63999938964844,184.22000122070312,190.85000610351562,138.44000244140625,136.33999633789062,328.989990234375,136.30999755859375,304.7200012207031,411.25,43.0,322.0199890136719,238.4199981689453,333.1546325683594,435.20001220703125,115.57240295410156,81.9800033569336,43.369998931884766,63.9888916015625,192.7899932861328,37.869998931884766
2026-01-27,410.0677185058594,798393.0,159170.546875,481.42999267578125,188.29034423828125,252.02999877929688,332.0933837890625,82.88851165771484,129.57000732421875,43.93000030517578,151.5041046142578,,331.88299560546875,238.17465209960938,1612.1748046875,370.6600036621094,214.0,37.38999938964844,189.1649932861328,152.30999755859375,39.93000030517578,476.6600036621094,138.2100067138672,183.5,188.5800018310547,133.86000061035156,131.8000030517578,319.6600036621094,137.5,297.4200134277344,411.8900146484375,41.25,318.3699951171875,244.67999267578125,334.56280517578125,430.8999938964844,114.30632019042969,81.23999786376953,45.4900016784668,62.1181640625,186.38999938964844,38.08000183105469
2026-01-28,435.09722900390625,839310.625,162064.5625,527.6300048828125,191.28668212890625,252.74000549316406,332.54241943359375,83.57816314697266,129.66000366210938,48.779998779296875,151.16751098632812,,335.9129333496094,239.29330444335938,1623.016845703125,385.0,221.13999938964844,45.22999954223633,193.71389770507812,165.38999938964844,40.470001220703125,469.19000244140625,140.55999755859375,183.74000549316406,189.1199951171875,134.75999450683594,129.6199951171875,317.1099853515625,138.9199981689453,299.5799865722656,411.0400085449219,40.15999984741211,320.489990234375,243.00999450683594,335.84112548828125,431.4599914550781,116.95811462402344,79.77999877929688,45.79999923706055,61.28125762939453,180.35000610351562,37.20000076293945
2026-01-29,435.6070251464844,859270.5,160368.0625,539.2999877929688,192.27548217773438,252.17999267578125,330.0376892089844,81.29930114746094,129.47000122070312,48.65999984741211,150.6923370361328,,340.49151611328125,247.87301635742188,1680.3790283203125,381.44000244140625,215.86000061035156,39.56999969482422,195.0535888671875,156.50999450683594,38.25,444.6199951171875,128.17999267578125,176.1999969482422,174.66000366210938,120.37999725341797,116.7300033569336,281.5299987792969,143.63999938964844,291.6499938964844,374.0199890136719,38.400001525878906,302.6700134277344,241.72999572753906,338.218017578125,416.55999755859375,118.12450408935547,81.69999694824219,43.2400016784668,61.635711669921875,172.5399932861328,37.34000015258789
2026-01-30,414.7057800292969,907174.0625,160168.484375,576.25,190.8971710205078,236.72999572753906,330.6064758300781,78.8805160522461,125.27999877929688,46.470001220703125,150.06866455078125,,321.518798828125,233.18063354492188,1424.26904296875,391.8399963378906,212.17999267578125,43.61000061035156,186.1356964111328,151.3699951171875,36.97999954223633,441.4049987792969,129.32000732421875,176.97000122070312,175.6300048828125,118.18000030517578,117.01000213623047,280.0,131.22999572753906,293.25,371.3299865722656,29.100000381469727,296.3599853515625,239.3000030517578,338.08819580078125,430.4100036621094,114.08699798583984,80.05000305175781,39.97999954223633,60.857879638671875,174.5,36.630001068115234
2026-02-02,437.61614990234375,828332.75,150089.34375,665.239990234375,185.38388061523438,246.27000427246094,330.4168701171875,78.62065124511719,119.95999908447266,48.810001373291016,151.0883331298828,,327.5837097167969,237.21578979492188,1406.8240966796875,423.4200134277344,222.44000244140625,44.15999984741211,189.96478271484375,156.1300048828125,36.470001220703125,438.8500061035156,129.0500030517578,175.4199981689453,173.3800048828125,113.69999694824219,118.0,274.05999755859375,132.1999969482422,293.3800048828125,372.67999267578125,28.809999465942383,289.19000244140625,242.9600067138672,344.44989013671875,421.80999755859375,118.79244232177734,80.83999633789062,38.560001373291016,61.2221794128418,179.0800018310547,37.970001220703125
2026-02-03,419.2638854980469,905178.125,167154.015625,695.510009765625,180.12030029296875,242.11000061035156,319.659423828125,75.50220489501953,111.30999755859375,49.25,145.70291137695312,,317.8778991699219,229.82464599609375,1352.0552978515625,435.1000061035156,229.17999267578125,46.119998931884766,190.10475158691406,168.88999938964844,37.279998779296875,421.7300109863281,119.66000366210938,166.24000549316406,161.1699981689453,105.0,109.7699966430664,245.16000366210938,119.29000091552734,271.92999267578125,346.05999755859375,25.8700008392334,268.5,238.6199951171875,340.25537109375,421.9599914550781,116.78864288330078,77.93000030517578,38.470001220703125,59.99143600463867,171.57000732421875,35.95000076293945
2026-02-04,379.2406921386719,898192.125,168750.71875,584.5499877929688,173.97781372070312,200.19000244140625,307.4051513671875,73.693115234375,96.94999694824219,48.599998474121094,147.395751953125,,296.8602600097656,209.52896118164062,1303.8594970703125,465.5400085449219,211.0,39.900001525878906,182.5165557861328,147.35000610351562,51.66999816894531,415.3599853515625,115.70999908447266,166.72000122070312,170.14999389648438,105.04000091552734,111.06999969482422,243.92999267578125,114.0199966430664,279.7099914550781,337.6000061035156,24.940000534057617,271.4200134277344,232.99000549316406,332.90496826171875,406.010009765625,121.66355895996094,73.91999816894531,35.34000015258789,63.23075866699219,178.0,36.34000015258789
2026-02-05,382.729248046875,840308.6875,158970.953125,576.2000122070312,171.67062377929688,192.5,309.8600158691406,74.17286682128906,98.05999755859375,48.2400016784668,134.93211364746094,,303.234375,213.0547332763672,1327.6082763671875,504.4200134277344,209.24000549316406,38.130001068115234,177.70770263671875,136.60000610351562,47.27000045776367,377.1600036621094,106.7300033569336,154.77000427246094,158.75999450683594,98.41000366210938,102.62999725341797,223.49000549316406,111.23999786376953,269.3900146484375,326.5,23.209999084472656,270.1400146484375,222.69000244140625,330.8975830078125,397.2099914550781,115.03406524658203,75.20999908447266,30.43000030517578,61.734169006347656,170.08999633789062,35.72999954223633
2026-02-06,394.5242614746094,837314.6875,158272.40625,597.9500122070312,185.18414306640625,208.44000244140625,332.2231140136719,80.23983001708984,111.4000015258789,50.59000015258789,135.961669921875,,321.7083740234375,230.73355102539062,1439.240478515625,551.989990234375,227.67999267578125,44.29999923706055,195.53346252441406,143.02999877929688,49.79999923706055,395.5,111.69000244140625,159.32000732421875,162.9199981689453,94.72000122070312,100.73999786376953,232.5800018310547,112.05000305175781,268.3800048828125,344.3500061035156,25.110000610351562,283.5199890136719,210.32000732421875,322.6783447265625,411.1099853515625,120.6766128540039,74.7699966430664,34.9900016784668,62.93537521362305,172.85000610351562,37.5099983215332
2026-02-09,383.3389587402344,885218.25,166056.296875,583.4000244140625,189.80848693847656,216.0,343.22003173828125,82.30879974365234,123.41000366210938,50.2400016784668,137.53570556640625,,329.7483215332031,229.00563049316406,1436.4576416015625,577.1500244140625,242.4600067138672,47.90999984741211,201.95193481445312,155.1699981689453,50.29999923706055,408.0400085449219,114.01000213623047,166.0,154.55999755859375,91.2300033569336,103.87000274658203,231.0800018310547,118.4000015258789,266.8999938964844,357.7699890136719,27.530000686645508,291.0,208.72000122070312,323.97662353515625,417.32000732421875,120.53704833984375,73.91000366210938,35.47999954223633,61.448638916015625,175.67999267578125,39.540000915527344
2026-02-10,373.09326171875,874240.375,165457.53125,541.6400146484375,188.31031799316406,213.57000732421875,339.72735595703125,81.9689712524414,134.72000122070312,47.130001068115234,138.68406677246094,,328.2520446777344,226.3388214111328,1427.16162109375,561.1300048828125,228.3699951171875,48.4900016784668,199.57249450683594,148.6999969482422,50.25,413.3900146484375,129.6699981689453,165.50999450683594,153.22999572753906,92.91999816894531,106.4800033569336,231.9499969482422,127.23999786376953,264.6700134277344,377.260009765625,29.059999465942383,299.0,206.9600067138672,318.21417236328125,425.2099914550781,125.6213150024414,73.5,35.189998626708984,62.06893539428711,180.6199951171875,40.20000076293945
2026-02-11,410.1676940917969,858272.4375,167453.40625,599.3400268554688,189.81849670410156,213.5800018310547,342.0425109863281,81.29930114746094,128.39999389648438,48.290000915527344,139.62452697753906,,339.0351867675781,234.83863830566406,1475.696533203125,574.1099853515625,223.69000244140625,48.400001525878906,248.45086669921875,155.5399932861328,48.22999954223633,415.80999755859375,127.33000183105469,165.3000030517578,144.5500030517578,86.97000122070312,100.58000183105469,209.3300018310547,118.70999908447266,257.1600036621094,364.4599914550781,21.40999984741211,299.6499938964844,204.0800018310547,310.9236755371094,428.2699890136719,123.77702331542969,71.01000213623047,33.61000061035156,61.38956069946289,175.86000061035156,39.810001373291016
2026-02-12,413.7961730957031,886216.25,178231.09375,630.2899780273438,186.7122802734375,205.94000244140625,330.4767761230469,78.19086456298828,121.77999877929688,46.47999954223633,137.08033752441406,,327.57373046875,231.01321411132812,1447.1202392578125,583.4600219726562,216.10000610351562,43.9900016784668,236.45372009277344,139.02999877929688,44.13999938964844,411.5400085449219,126.12999725341797,162.80999755859375,144.0399932861328,86.4800033569336,103.29000091552734,228.9499969482422,110.66000366210938,262.5,356.739990234375,19.649999618530273,288.3299865722656,199.60000610351562,308.9662780761719,417.07000732421875,112.47199249267578,71.22000122070312,31.299999237060547,60.1588134765625,169.52999877929688,38.52000045776367
2026-02-13,411.4871520996094,878232.3125,180825.71875,626.5599975585938,182.58729553222656,207.32000732421875,324.48931884765625,78.57067108154297,121.44000244140625,46.790000915527344,139.28794860839844,,354.0278015136719,235.24813842773438,1460.3660888671875,562.739990234375,217.22999572753906,44.459999084472656,234.4741973876953,139.74000549316406,43.4900016784668,429.6400146484375,125.19999694824219,166.9499969482422,144.4199981689453,84.37999725341797,107.08000183105469,243.85000610351562,112.69999694824219,263.9700012207031,368.3999938964844,18.68000030517578,299.4599914550781,198.7899932861328,305.6206359863281,417.44000244140625,117.1275863647461,69.98999786376953,34.11000061035156,62.15755081176758,176.4199981689453,39.810001373291016
2026-02-17,399.61212158203125,878232.3125,180825.71875,590.5900268554688,184.7446746826172,203.0800018310547,331.8439025878906,78.97047424316406,124.80000305175781,46.18000030517578,141.19859313964844,,358.2373352050781,235.29808044433594,1468.31591796875,600.4199829101562,219.9600067138672,43.90999984741211,243.4720458984375,145.32000732421875,45.63999938964844,414.2850036621094,122.55999755859375,163.5,143.1199951171875,82.1500015258789,105.91000366210938,247.30999755859375,113.54000091552734,260.45001220703125,354.3599853515625,18.360000610351562,283.4599914550781,201.14999389648438,302.4248352050781,410.6300048828125,115.73190307617188,70.52999877929688,33.18000030517578,63.82151412963867,177.72000122070312,40.2599983215332
2026-02-18,420.77325439453125,878232.3125,180825.71875,600.4000244140625,187.75099182128906,200.1199951171875,332.8118591308594,79.05042266845703,127.91000366210938,45.459999084472656,141.80247497558594,,368.38201904296875,239.8026885986328,1478.4130859375,594.260009765625,223.88999938964844,43.439998626708984,243.15213012695312,157.27000427246094,46.040000915527344,415.760009765625,121.77999877929688,152.35000610351562,142.6300048828125,83.61000061035156,107.80999755859375,250.13999938964844,121.63999938964844,263.1700134277344,363.07000732421875,18.549999237060547,305.010009765625,204.7899932861328,303.5433654785156,411.32000732421875,116.4197769165039,72.7699966430664,33.34000015258789,64.54026794433594,182.1300048828125,41.310001373291016
2026-02-19,417.17474365234375,892204.1875,189607.546875,621.0900268554688,187.6710968017578,203.3699951171875,333.29083251953125,79.5701675415039,130.66000366210938,44.619998931884766,139.85223388671875,,369.37078857421875,237.10592651367188,1468.0263671875,635.6400146484375,232.47999572753906,46.97999954223633,243.00216674804688,159.0,44.25,422.1400146484375,120.5999984741211,150.99000549316406,140.02000427246094,80.26000213623047,107.37000274658203,239.3699951171875,123.80000305175781,259.2099914550781,355.8900146484375,18.489999771118164,296.5899963378906,204.86000061035156,303.1638488769531,411.7099914550781,118.69274139404297,72.94000244140625,33.43000030517578,64.5993423461914,182.8800048828125,41.5099983215332
2026-02-20,427.9902038574219,947093.6875,189707.34375,649.969970703125,189.58877563476562,200.14999389648438,331.9536437988281,79.44023895263672,124.05999755859375,44.11000061035156,141.44607543945312,,374.9139099121094,244.6269073486328,1494.093017578125,667.77001953125,248.17999267578125,51.68000030517578,243.69200134277344,147.5500030517578,46.560001373291016,388.6000061035156,115.66000366210938,148.6999969482422,137.80999755859375,75.9800033569336,104.2699966430664,233.5,126.19999694824219,258.6099853515625,344.55999755859375,18.25,296.2799987792969,210.11000061035156,314.4890441894531,411.82000732421875,121.8928451538086,73.86000061035156,31.899999618530273,64.39258575439453,187.3000030517578,41.959999084472656
2026-02-23,420.7932434082031,949089.6875,192601.34375,666.489990234375,191.316650390625,196.60000610351562,329.64849853515625,77.75108337402344,124.05000305175781,43.630001068115234,139.00086975097656,,373.086181640625,241.98008728027344,1485.763671875,674.72998046875,248.88999938964844,53.959999084472656,245.36160278320312,160.27999877929688,47.400001525878906,350.3299865722656,102.61499786376953,144.13999938964844,129.2100067138672,68.80999755859375,100.80000305175781,217.36000061035156,117.27999877929688,246.67999267578125,305.3699951171875,17.1299991607666,279.79998779296875,205.27000427246094,311.2832336425781,399.8299865722656,118.77249908447266,70.72000122070312,30.780000686645508,62.1181640625,178.11000061035156,40.4900016784668
2026-02-24,417.83447265625,1002981.25,199586.890625,638.52001953125,192.61508178710938,213.83999633789062,324.8086242675781,78.35077667236328,120.83000183105469,46.119998931884766,143.32699584960938,,377.46075439453125,243.9577178955078,1504.7294921875,688.27001953125,254.86000061035156,56.27000045776367,253.08975219726562,166.1999969482422,49.7400016784668,350.25,104.43000030517578,141.6699981689453,130.22999572753906,71.18000030517578,102.48999786376953,232.60000610351562,116.93000030517578,255.1699981689453,312.510009765625,18.290000915527344,290.6300048828125,208.55999755859375,310.5142517089844,409.3800048828125,119.4105224609375,71.37999725341797,31.6200008392334,63.10275650024414,179.49000549316406,38.2400016784668
2026-02-25,428.8198547363281,1015955.125,203079.65625,632.3800048828125,195.32176208496094,210.86000061035156,331.6143798828125,80.87950897216797,123.45999908447266,46.880001068115234,144.3565673828125,,394.4596252441406,249.1814422607422,1544.70849609375,723.3900146484375,267.8999938964844,58.119998931884766,262.12762451171875,174.77000427246094,48.4900016784668,363.30999755859375,110.33000183105469,144.83999633789062,133.14999389648438,73.19000244140625,104.2300033569336,245.6999969482422,120.30999755859375,257.80999755859375,314.989990234375,18.579999923706055,301.8399963378906,210.63999938964844,312.6214599609375,417.3999938964844,123.09911346435547,72.83000183105469,33.59000015258789,62.42338943481445,182.5500030517578,37.849998474121094
2026-02-26,415.385498046875,1098816.25,217549.71875,651.9000244140625,184.66476440429688,203.67999267578125,321.0265808105469,79.25032806396484,114.4800033569336,45.459999084472656,144.12887573242188,,375.2535095214844,238.78392028808594,1522.3670654296875,677.0,250.13999938964844,53.689998626708984,259.1683349609375,168.57000732421875,45.77000045776367,381.1000061035156,116.45999908447266,149.39999389648438,139.11000061035156,79.43000030517578,109.30000305175781,268.5199890136719,125.94000244140625,259.0400085449219,336.6099853515625,19.579999923706055,297.6000061035156,207.9199981689453,306.7491455078125,408.5799865722656,121.07537078857422,74.80000305175781,40.880001068115234,62.96491622924805,186.10000610351562,38.689998626708984
2026-02-27,412.19683837890625,1060822.625,216052.8125,635.3599853515625,176.97415161132812,200.2100067138672,318.8810729980469,81.64913177490234,112.2699966430664,45.61000061035156,140.93128967285156,,371.8377380371094,233.610107421875,1522.606689453125,700.9099731445312,258.92999267578125,84.2300033569336,254.829345703125,155.6699981689453,42.27000045776367,371.9800109863281,111.95999908447266,148.9199981689453,133.75999450683594,75.12999725341797,108.01000213623047,264.510009765625,120.7300033569336,262.4100036621094,328.4700012207031,18.229999542236328,301.3999938964844,210.0,311.0235595703125,402.510009765625,147.62322998046875,75.41999816894531,38.369998931884766,61.2221794128418,185.1699981689453,37.97999954223633
2026-03-02,412.4967346191406,1060822.625,216052.8125,619.0800170898438,182.25770568847656,198.6199951171875,318.1526184082031,80.81954193115234,114.22000122070312,45.5,139.61463928222656,,371.7178955078125,230.72357177734375,1532.9932861328125,783.25,298.9100036621094,102.51000213623047,257.68865966796875,166.0,44.709999084472656,384.8599853515625,111.11000061035156,150.14999389648438,134.00999450683594,73.80000305175781,109.41999816894531,263.6000061035156,119.37999725341797,260.8800048828125,325.010009765625,18.8700008392334,303.3599853515625,208.38999938964844,305.9601745605469,403.32000732421875,153.0763702392578,75.94999694824219,38.34000015258789,60.46891784667969,176.1699981689453,37.88999938964844
2026-03-03,379.52056884765625,938843.0,194697.015625,565.4099731445312,179.83065795898438,190.9499969482422,313.18304443359375,77.47122192382812,97.30000305175781,43.099998474121094,136.74374389648438,,350.8837890625,217.00999450683594,1439.5126953125,694.4299926757812,280.80999755859375,95.33999633789062,244.3818359375,153.02000427246094,43.20000076293945,391.4200134277344,111.7699966430664,156.08999633789062,143.61000061035156,78.37999725341797,113.19000244140625,275.3699951171875,121.87000274658203,270.989990234375,252.72999572753906,20.020000457763672,300.6300048828125,208.72999572753906,303.1638488769531,392.42999267578125,144.732177734375,76.36000061035156,37.04999923706055,58.86328887939453,174.27000427246094,36.91999816894531
2026-03-04,400.6016845703125,848858.0625,171844.3125,599.0599975585938,182.8170166015625,202.07000732421875,316.86529541015625,78.0509262084961,102.54000091552734,45.58000183105469,138.10987854003906,,357.3157958984375,222.99000549316406,1474.0286865234375,680.7999877929688,274.8599853515625,99.70999908447266,251.22021484375,164.77999877929688,42.65999984741211,407.67999267578125,118.33000183105469,158.55999755859375,143.0399932861328,76.80999755859375,113.86000061035156,278.5899963378906,129.64999389648438,273.1199951171875,248.00999450683594,20.3799991607666,305.42999267578125,216.82000732421875,303.0539855957031,405.94000244140625,146.64625549316406,76.6500015258789,37.130001068115234,58.119937896728516,173.2100067138672,36.970001220703125
2026-03-05,396.8832702636719,940842.6875,191204.25,565.5900268554688,183.11663818359375,199.4499969482422,332.0733947753906,75.64213562011719,114.73999786376953,45.95000076293945,136.49586486816406,,346.0997314453125,214.67999267578125,1427.5379638671875,650.8200073242188,253.8699951171875,101.13999938964844,249.69056701660156,159.99000549316406,41.150001525878906,426.1600036621094,122.36000061035156,163.16000366210938,147.17999267578125,82.51000213623047,120.37999725341797,291.4700012207031,134.7899932861328,281.739990234375,263.92999267578125,20.729999542236328,299.8399963378906,218.94000244140625,300.5173034667969,405.54998779296875,146.06805419921875,75.44000244140625,36.02000045776367,57.50543975830078,173.17999267578125,35.349998474121094
2026-03-06,370.1445007324219,923845.5,187811.265625,527.3300170898438,177.6033935546875,192.42999267578125,329.7882080078125,89.52518463134766,109.83000183105469,43.41999816894531,135.190673828125,,324.3367919921875,199.3300018310547,1342.836181640625,558.4400024414062,235.72000122070312,95.58000183105469,241.72247314453125,135.19000244140625,40.22999954223633,428.989990234375,125.75,165.0500030517578,151.0399932861328,83.62000274658203,124.33999633789062,296.55999755859375,130.1999969482422,283.6199951171875,270.4700012207031,19.850000381469727,296.94000244140625,213.2100067138672,297.91070556640625,396.7300109863281,146.02816772460938,75.12999725341797,35.72999954223633,56.50439453125,170.1300048828125,33.97999954223633
2026-03-09,389.1565246582031,835860.25,173141.625,588.72998046875,182.427490234375,202.67999267578125,345.0262451171875,92.60364532470703,115.9800033569336,45.58000183105469,137.60177612304688,,338.5191650390625,211.14999389648438,1427.2783203125,640.6900024414062,252.32000732421875,110.62000274658203,264.287109375,151.32000732421875,40.86000061035156,434.1300048828125,128.55999755859375,165.10000610351562,148.13999938964844,82.04000091552734,121.93000030517578,286.8399963378906,133.5,282.44000244140625,271.739990234375,21.25,298.04998779296875,213.49000549316406,305.8259582519531,398.67999267578125,146.05807495117188,73.83999633789062,35.869998931884766,56.02865219116211,169.75999450683594,34.08000183105469
2026-03-10,402.9407043457031,937843.1875,187511.890625,618.8900146484375,184.54490661621094,203.22999572753906,341.86285400390625,93.25332641601562,112.33000183105469,46.779998779296875,134.70248413085938,,345.4505615234375,215.22999572753906,1451.087890625,672.0,260.6400146484375,120.48999786376953,269.9957275390625,154.0,43.59000015258789,436.3299865722656,123.08000183105469,165.5800018310547,142.49000549316406,78.01000213623047,116.61000061035156,269.32000732421875,129.36000061035156,275.1300048828125,270.55999755859375,20.670000076293945,293.2900085449219,214.3300018310547,306.7453918457031,399.239990234375,143.35643005371094,72.36000061035156,35.119998931884766,55.582645416259766,166.42999267578125,34.689998626708984
2026-03-11,418.5141906738281,954840.3125,189607.546875,655.4299926757812,185.8134307861328,204.8300018310547,340.85498046875,90.3947525024414,115.91000366210938,47.97999954223633,133.62644958496094,,350.6341247558594,218.8699951171875,1463.132568359375,672.0,251.41000366210938,127.01000213623047,268.1961669921875,159.2100067138672,43.34000015258789,442.0299987792969,127.48999786376953,164.92999267578125,137.83999633789062,75.44999694824219,115.62999725341797,259.1000061035156,129.52000427246094,273.7099914550781,270.57000732421875,20.040000915527344,294.1600036621094,212.64999389648438,308.2344970703125,407.82000732421875,146.91542053222656,74.97000122070312,34.27000045776367,55.20601272583008,162.7899932861328,33.400001525878906
2026-03-12,405.1797790527344,929844.5,187511.890625,618.8200073242188,182.9268035888672,197.74000549316406,335.2667236328125,87.62613677978516,111.56999969482422,45.25,130.66737365722656,,336.8512268066406,209.49000549316406,1407.773193359375,616.0900268554688,241.27000427246094,106.19000244140625,265.3168640136719,157.1699981689453,42.599998474121094,441.5400085449219,127.16000366210938,168.1199951171875,134.13999938964844,73.33999633789062,112.97000122070312,257.6300048828125,126.16999816894531,269.7799987792969,260.67999267578125,19.43000030517578,290.32000732421875,209.52999877929688,303.0276184082031,395.010009765625,149.4475860595703,72.97000122070312,33.029998779296875,53.649940490722656,158.19000244140625,32.349998474121094
2026-03-13,425.9510803222656,909847.875,183120.96875,661.6199951171875,180.0401611328125,193.38999938964844,321.4856262207031,87.8160400390625,117.69000244140625,45.77000045776367,129.34228515625,,341.10595703125,212.1999969482422,1416.8316650390625,622.5,242.75999450683594,96.80999755859375,258.81842041015625,154.50999450683594,44.06999969482422,441.7799987792969,124.5199966430664,167.02000427246094,133.08999633789062,75.20999908447266,113.62000274658203,264.29998779296875,122.95999908447266,249.32000732421875,260.5,19.43000030517578,287.0299987792969,207.6699981689453,301.2786865234375,391.20001220703125,151.15231323242188,73.33000183105469,32.97999954223633,53.50126647949219,157.77999877929688,32.34000015258789
2026-03-16,441.6144714355469,973837.125,188310.234375,703.6300048828125,183.0067138671875,196.5800018310547,324.2398681640625,91.5341796875,116.87999725341797,45.7599983215332,128.9138641357422,,345.7501525878906,219.39999389648438,1436.4066162109375,624.8400268554688,247.3699951171875,94.06999969482422,264.677001953125,153.67999267578125,45.88999938964844,423.8399963378906,126.56999969482422,167.4499969482422,133.6300048828125,76.16999816894531,114.87999725341797,264.55999755859375,126.58000183105469,251.86000061035156,266.95001220703125,19.760000228881836,292.7200012207031,211.74000549316406,304.2369079589844,395.55999755859375,156.05712890625,74.66000366210938,33.290000915527344,54.30408477783203,159.91000366210938,33.54999923706055
2026-03-17,461.4961242675781,969837.8125,193499.484375,720.1699829101562,181.71820068359375,196.30999755859375,320.63739013671875,90.74457550048828,104.05999755859375,44.060001373291016,131.1057586669922,,352.0223693847656,226.47000122070312,1479.461669921875,649.5599975585938,245.8000030517578,86.33000183105469,268.4100036621094,160.0500030517578,44.70000076293945,433.20001220703125,128.8699951171875,169.19000244140625,135.1699981689453,74.91000366210938,116.72000122070312,265.54998779296875,127.80000305175781,254.1999969482422,272.2699890136719,20.09000015258789,293.75,215.1999969482422,309.2239074707031,399.2699890136719,152.53802490234375,77.79000091552734,33.310001373291016,54.63115692138672,159.27000427246094,33.65999984741211
2026-03-18,461.5361328125,1055823.5,208069.328125,753.6900024414062,180.1899871826172,199.4600067138672,315.2686462402344,87.57616424560547,101.72000122070312,45.029998779296875,129.98988342285156,,349.0361022949219,224.7100067138672,1480.470458984375,700.8099975585938,257.2099914550781,92.62999725341797,264.7099914550781,156.5800018310547,43.279998779296875,435.80999755859375,131.25999450683594,168.91000366210938,132.2899932861328,73.47000122070312,113.70999908447266,262.1099853515625,123.75,246.0,268.5199890136719,19.709999084472656,289.6400146484375,209.8699951171875,306.1157531738281,392.7799987792969,148.749755859375,76.66000366210938,32.380001068115234,52.995792388916016,165.38999938964844,33.36000061035156
2026-03-19,444.08343505859375,1012830.625,200085.859375,772.0900268554688,178.3521270751953,205.27000427246094,319.17047119140625,89.4852066040039,107.08999633789062,46.18000030517578,130.79690551757812,,356.7664794921875,233.99000549316406,1509.59326171875,772.1300048828125,275.57000732421875,101.91999816894531,269.1700134277344,166.69000244140625,44.63999938964844,428.17999267578125,129.94000244140625,169.74000549316406,133.3800048828125,74.5999984741211,113.2699966430664,262.32000732421875,122.37000274658203,245.99000549316406,270.1600036621094,19.149999618530273,287.3999938964844,208.75999450683594,305.5461120605469,380.29998779296875,156.27645874023438,75.33999633789062,31.899999618530273,52.96605682373047,165.57000732421875,32.66999816894531
2026-03-20,422.722412109375,1006831.625,198988.125,709.7100219726562,172.4989471435547,201.3300018310547,309.8600158691406,87.86602020263672,103.4000015258789,43.869998931884766,129.42198181152344,,356.6166687011719,228.36000061035156,1496.7596435546875,706.3499755859375,253.6300048828125,87.54000091552734,255.8800048828125,150.1199951171875,44.11000061035156,409.0,125.08000183105469,162.9499969482422,135.9600067138672,73.7300033569336,110.37999725341797,258.80999755859375,116.77999877929688,248.14999389648438,261.1600036621094,18.389999389648438,283.8999938964844,205.3699951171875,298.61029052734375,367.9599914550781,157.18365478515625,73.88999938964844,31.200000762939453,51.90554428100586,162.82000732421875,30.739999771118164
2026-03-23,404.1802062988281,932844.0,185915.1875,702.489990234375,175.43553161621094,202.67999267578125,322.510009765625,90.1148910522461,105.0999984741211,44.0099983215332,127.87769317626953,,361.3407897949219,233.30999755859375,1509.50341796875,728.9500122070312,255.0500030517578,95.76000213623047,256.0,141.3300018310547,40.7599983215332,413.30999755859375,129.22999572753906,164.0500030517578,137.05999755859375,74.41000366210938,110.94999694824219,262.05999755859375,121.0999984741211,247.63999938964844,273.25,18.649999618530273,292.5199890136719,210.13999938964844,298.84014892578125,380.8500061035156,164.08230590820312,75.12000274658203,33.11000061035156,52.242530822753906,164.3800048828125,32.709999084472656
2026-03-24,395.3639221191406,985835.125,189308.171875,702.47998046875,174.99603271484375,205.3699951171875,318.2900085449219,92.31378936767578,100.30000305175781,44.060001373291016,128.19650268554688,,373.525634765625,238.83999633789062,1564.1934814453125,801.989990234375,272.3299865722656,113.9000015258789,270.8900146484375,145.8800048828125,40.970001220703125,392.989990234375,122.56999969482422,157.2100067138672,129.2899932861328,68.16999816894531,104.6500015258789,237.94000244140625,116.1500015258789,238.8699951171875,253.75999450683594,18.139999389648438,284.32000732421875,207.24000549316406,289.02606201171875,383.0299987792969,176.3643035888672,72.33999633789062,32.70000076293945,53.0156135559082,160.9499969482422,33.09000015258789
2026-03-25,381.9295654296875,994833.625,188609.609375,677.8599853515625,178.47198486328125,220.27000427246094,318.80999755859375,98.40074157714844,103.91000366210938,47.18000030517578,129.87033081054688,,368.88140869140625,233.4499969482422,1541.85205078125,777.1699829101562,272.0400085449219,114.41000366210938,276.1600036621094,150.22000122070312,42.529998779296875,385.8599853515625,123.29000091552734,153.22000122070312,127.06999969482422,66.45999908447266,103.05999755859375,238.07000732421875,118.41999816894531,237.25,246.5399932861328,17.799999237060547,281.3900146484375,211.7100067138672,289.4158020019531,385.95001220703125,183.44239807128906,73.08000183105469,31.959999084472656,52.510135650634766,158.72000122070312,33.619998931884766
2026-03-26,355.31072998046875,932844.0,179728.0,603.1699829101562,171.04066467285156,203.77000427246094,309.4200134277344,97.6311264038086,96.44000244140625,44.099998474121094,130.0596160888672,,338.129638671875,211.6199951171875,1449.2802734375,688.7999877929688,243.2899932861328,97.41999816894531,252.39999389648438,133.52000427246094,40.18000030517578,392.6199951171875,124.30000305175781,156.36000061035156,127.97000122070312,68.12999725341797,103.63999938964844,245.07000732421875,115.43000030517578,240.8800048828125,241.27999877929688,17.1299991607666,280.6199951171875,207.5399932861328,280.5711364746094,372.1099853515625,175.27767944335938,70.55000305175781,29.84000015258789,51.60820770263672,151.38999938964844,31.81999969482422
2026-03-27,357.07000732421875,932844.0,179728.0,615.8300170898438,167.32498168945312,201.99000549316406,300.67999267578125,94.83252716064453,95.23999786376953,43.130001068115234,126.64225006103516,,336.7513732910156,211.41000366210938,1441.3702392578125,702.72998046875,243.47999572753906,98.20999908447266,251.07000732421875,133.24000549316406,37.84000015258789,369.5799865722656,114.4800033569336,147.02000427246094,124.18000030517578,65.12000274658203,99.41000366210938,230.7899932861328,111.8499984741211,234.83999633789062,235.50999450683594,19.450000762939453,271.7699890136719,199.33999633789062,273.5953369140625,361.8299865722656,171.280029296875,69.18000030517578,27.510000228881836,50.91441345214844,145.85000610351562,31.43000030517578
2026-03-30,321.79998779296875,872854.0625,176300.0,572.5,164.97772216796875,196.0399932861328,293.4100036621094,87.76606750488281,87.80999755859375,41.189998626708984,126.60240173339844,,322.71881103515625,199.92999267578125,1380.817626953125,654.7899780273438,219.64999389648438,85.19000244140625,234.22000122070312,119.51000213623047,35.63999938964844,380.05999755859375,115.80999755859375,154.35000610351562,128.77000427246094,66.87999725341797,104.97000122070312,237.80999755859375,111.7699966430664,241.1300048828125,235.2100067138672,20.540000915527344,270.8800048828125,200.9499969482422,272.9757385253906,355.2799987792969,164.152099609375,69.91000366210938,26.59000015258789,50.78556823730469,145.8300018310547,31.010000228881836
2026-03-31,337.8399963378906,806865.0625,167200.0,635.3400268554688,174.1969757080078,203.42999267578125,309.510009765625,99.00044250488281,93.87000274658203,44.130001068115234,128.3061065673828,,341.3656311035156,213.66000366210938,1470.533203125,702.760009765625,238.2100067138672,84.58999633789062,250.5800018310547,135.49000549316406,37.810001373291016,390.4100036621094,118.05000305175781,160.32000732421875,129.9199981689453,68.25,104.55000305175781,244.10000610351562,118.62000274658203,243.0800018310547,244.77000427246094,21.940000534057617,277.8699951171875,208.27000427246094,286.68743896484375,371.75,163.6237335205078,71.93000030517578,28.829999923706055,52.35155487060547,153.10000610351562,32.91999816894531
2026-04-01,367.8500061035156,896850.0,189650.0,692.72998046875,175.54541015625,210.2100067138672,313.489990234375,106.65660858154297,95.91999816894531,48.029998779296875,126.8116226196289,,353.3606872558594,222.00999450683594,1517.902587890625,764.6500244140625,247.8000030517578,86.3499984741211,259.3699951171875,132.4499969482422,38.279998779296875,393.30999755859375,118.66999816894531,160.6699981689453,129.0500030517578,69.37000274658203,104.04000091552734,242.7899932861328,118.5199966430664,241.3699951171875,249.36000061035156,21.959999084472656,280.19000244140625,210.57000732421875,294.7226257324219,381.260009765625,168.85752868652344,71.70999908447266,27.790000915527344,44.23419189453125,158.80999755859375,33.86000061035156
2026-04-02,366.239990234375,829861.25,178400.0,701.5900268554688,177.18348693847656,217.5,314.54998779296875,107.05641174316406,101.44999694824219,50.380001068115234,126.3333969116211,,348.0373229980469,218.44000244140625,1514.906494140625,826.8800048828125,258.1600036621094,103.91000366210938,261.2900085449219,135.6300048828125,34.91999816894531,399.1199951171875,120.36000061035156,163.2100067138672,132.25999450683594,68.29000091552734,102.0,244.6699981689453,118.25,242.9199981689453,253.1199951171875,22.75,278.7200012207031,209.77000427246094,294.2828674316406,360.5899963378906,173.83213806152344,71.83999633789062,29.299999237060547,43.798091888427734,155.72000122070312,33.400001525878906
2026-04-06,377.760009765625,885851.875,193100.0,724.6300048828125,177.43319702148438,220.17999267578125,314.42999267578125,109.45521545410156,102.45999908447266,50.779998779296875,125.267333984375,,352.1821594238281,220.64999389648438,1538.096923828125,772.280029296875,253.22000122070312,107.44999694824219,258.7300109863281,135.0,33.63999938964844,398.6099853515625,116.5,161.9499969482422,129.72000122070312,68.08999633789062,102.41999816894531,245.13999938964844,118.80000305175781,244.36000061035156,255.00999450683594,21.989999771118164,279.3900146484375,212.7899932861328,297.48095703125,352.82000732421875,172.6457977294922,72.16999816894531,29.239999771118164,43.63951110839844,156.17999267578125,33.900001525878906
2026-04-07,377.5799865722656,915846.875,196500.0,710.7999877929688,177.89266967773438,221.52999877929688,333.9700012207031,109.32527160644531,106.79000091552734,52.90999984741211,123.61344146728516,,353.8700866699219,224.35000610351562,1546.8756103515625,815.75,255.10000610351562,117.63999938964844,262.29998779296875,135.91000366210938,32.040000915527344,423.2300109863281,116.54000091552734,169.8699951171875,127.51000213623047,64.83000183105469,100.55000305175781,227.61000061035156,117.05999755859375,240.13999938964844,254.0800018310547,22.010000228881836,279.4800109863281,213.77000427246094,303.7471923828125,346.6499938964844,177.14190673828125,71.7300033569336,28.489999771118164,42.31139373779297,153.6699981689453,32.66999816894531
2026-04-08,406.7300109863281,1032827.3125,210500.0,780.9000244140625,181.8680419921875,231.82000732421875,350.6300048828125,114.39273834228516,110.20999908447266,58.95000076293945,127.04077911376953,,385.2410888671875,246.49000549316406,1670.208251953125,896.02001953125,281.7900085449219,132.6999969482422,281.0299987792969,146.77999877929688,32.560001373291016,426.510009765625,116.5,173.77999877929688,119.16999816894531,63.619998931884766,97.47000122070312,217.97999572753906,120.0999984741211,239.30999755859375,250.32000732421875,22.239999771118164,289.5,221.25,314.5506896972656,343.25,184.8979034423828,72.37999725341797,28.989999771118164,42.747493743896484,158.86000061035156,35.06999969482422
2026-04-09,421.510009765625,997833.125,204000.0,851.5700073242188,183.69590759277344,236.63999938964844,354.9100036621094,119.8699951171875,107.93000030517578,61.720001220703125,127.27989959716797,,397.3160705566406,258.760009765625,1725.0582275390625,894.1300048828125,284.1700134277344,133.3000030517578,287.6400146484375,160.1300048828125,31.260000228881836,394.67999267578125,108.9800033569336,166.99000549316406,113.05999755859375,58.959999084472656,89.80999755859375,205.0399932861328,112.37999725341797,229.94000244140625,229.49000549316406,21.56999969482422,281.010009765625,233.64999389648438,316.1797180175781,345.6199951171875,180.9002685546875,71.80999755859375,28.079999923706055,43.609779357910156,166.50999450683594,35.77000045776367
2026-04-10,420.5899963378906,1026828.3125,206000.0,851.77001953125,188.41041564941406,245.0399932861328,371.54998779296875,128.49000549316406,119.58999633789062,62.380001068115234,127.58875274658203,,398.9939880371094,263.6600036621094,1735.0655517578125,897.2999877929688,307.5,150.60000610351562,295.1099853515625,166.6999969482422,31.190000534057617,379.0199890136719,105.37000274658203,155.72999572753906,112.5,57.150001525878906,83.0,192.25999450683594,110.79000091552734,225.35000610351562,225.9499969482422,21.6200008392334,265.6600036621094,238.3800048828125,315.53009033203125,348.95001220703125,177.25155639648438,70.4800033569336,28.790000915527344,42.24201583862305,163.86000061035156,35.220001220703125
2026-04-13,426.55999755859375,1039826.125,201000.0,952.5,189.08961486816406,246.8300018310547,379.75,131.3000030517578,134.36000061035156,65.18000030517578,130.75706481933594,,395.2386779785156,267.32000732421875,1766.525390625,871.1799926757812,307.92999267578125,153.19000244140625,299.9599914550781,176.6699981689453,31.3700008392334,402.239990234375,110.08000183105469,162.50999450683594,119.91999816894531,61.29999923706055,89.05999755859375,205.27999877929688,114.97000122070312,240.11000061035156,236.13999938964844,22.799999237060547,288.20001220703125,239.88999938964844,319.01800537109375,352.4200134277344,189.20457458496094,72.33999633789062,29.760000228881836,42.52944564819336,162.55999755859375,35.25
2026-04-14,465.6600036621094,1102815.625,206500.0,944.4600219726562,196.28123474121094,255.07000732421875,380.7799987792969,133.8300018310547,159.52000427246094,63.810001373291016,132.35116577148438,,395.1487731933594,272.4100036621094,1793.6207275390625,852.7899780273438,313.4200134277344,146.38999938964844,310.510009765625,219.02999877929688,32.0,398.489990234375,110.56999969482422,161.58999633789062,117.86000061035156,59.709999084472656,87.79000091552734,206.44000244140625,117.63999938964844,235.72000122070312,233.60000610351562,23.350000381469727,292.3699951171875,249.02000427246094,330.38116455078125,364.20001220703125,183.94085693359375,72.91000366210938,35.7599983215332,43.808006286621094,160.60000610351562,36.29999923706055
2026-04-15,456.2300109863281,1135810.125,211000.0,891.719970703125,198.63848876953125,258.1199951171875,396.7200012207031,134.60000610351562,168.35000610351562,64.94000244140625,132.56039428710938,,393.7704772949219,265.1600036621094,1745.8817138671875,824.010009765625,308.20001220703125,142.5500030517578,301.1600036621094,213.83999633789062,32.18000030517578,411.1600036621094,121.05999755859375,164.11000061035156,124.12000274658203,66.0,94.19000244140625,218.6199951171875,127.41000366210938,244.66000366210938,244.05999755859375,25.260000228881836,304.1000061035156,248.5,334.2688293457031,391.95001220703125,176.733154296875,77.27999877929688,43.25,45.03700637817383,162.74000549316406,36.40999984741211
2026-04-16,457.2300109863281,1154806.875,217500.0,919.469970703125,198.1190948486328,278.260009765625,398.4700012207031,133.3699951171875,158.92999267578125,68.5,133.9751739501953,,389.4158935546875,260.9599914550781,1732.6385498046875,891.219970703125,328.0,157.32000732421875,294.1300048828125,210.05999755859375,31.959999084472656,418.20001220703125,123.47000122070312,166.97000122070312,124.87000274658203,68.7300033569336,96.44000244140625,222.97999572753906,126.94000244140625,248.16000366210938,251.13999938964844,25.93000030517578,306.9599914550781,249.6999969482422,332.56982421875,388.8999938964844,192.494384765625,76.4800033569336,44.68000030517578,45.294700622558594,162.9199981689453,36.02000045776367
2026-04-17,455.07000732421875,1127811.375,216000.0,920.989990234375,201.44520568847656,278.3900146484375,406.5400085449219,139.69000244140625,160.69000244140625,68.5,135.69879150390625,,396.4471435546875,267.6000061035156,1789.1563720703125,894.0700073242188,345.0199890136719,159.4199981689453,307.3399963378906,207.86000061035156,32.47999954223633,423.95001220703125,126.61000061035156,167.85000610351562,123.83000183105469,66.94000244140625,96.66000366210938,222.49000549316406,131.14999389648438,244.4499969482422,263.3800048828125,25.920000076293945,311.0299987792969,250.55999755859375,339.19586181640625,400.6199951171875,195.9437255859375,77.12000274658203,46.09000015258789,45.62177276611328,167.27999877929688,37.11000061035156
2026-04-20,448.4200134277344,1165805.0,214500.0,913.02001953125,201.82476806640625,274.95001220703125,399.6300048828125,147.83999633789062,174.52999877929688,65.69999694824219,137.01394653320312,,391.1337585449219,263.1600036621094,1803.0186767578125,895.1099853515625,347.510009765625,163.47000122070312,314.4100036621094,218.27000427246094,33.880001068115234,433.1499938964844,129.74000549316406,169.55999755859375,127.94000244140625,71.4800033569336,99.72000122070312,229.8800048828125,135.13999938964844,248.6300048828125,264.1099853515625,26.530000686645508,318.5,248.27999877929688,335.1982727050781,392.5,203.61000061035156,77.48999786376953,48.31999969482422,46.06778335571289,166.80999755859375,36.709999084472656
2026-04-21,449.3800048828125,1223795.375,219000.0,903.489990234375,199.64732360839844,284.489990234375,402.1700134277344,151.30999755859375,183.32000732421875,66.26000213623047,135.0611572265625,,393.8403625488281,258.3699951171875,1783.0941162109375,836.9199829101562,343.7900085449219,150.57000732421875,312.44000244140625,220.91000366210938,33.619998931884766,449.6099853515625,129.2899932861328,174.9600067138672,129.16000366210938,71.22000122070312,100.13999938964844,230.4600067138672,131.1300048828125,247.17999267578125,261.42999267578125,25.40999984741211,325.8399963378906,249.91000366210938,330.271240234375,386.4200134277344,212.36000061035156,77.26000213623047,46.279998779296875,45.978580474853516,166.6999969482422,36.150001525878906
2026-04-22,487.4800109863281,1222795.5,217500.0,979.0700073242188,202.26426696777344,303.4599914550781,422.6499938964844,157.32000732421875,189.49000549316406,65.2699966430664,135.5692901611328,,402.9790344238281,265.54998779296875,1809.750244140625,873.5999755859375,350.4700012207031,149.4199981689453,305.1400146484375,229.75,35.36000061035156,466.67999267578125,132.13999938964844,181.1999969482422,126.5999984741211,74.01000213623047,103.06999969482422,232.75,131.9600067138672,255.94000244140625,269.5400085449219,25.81999969482422,331.6099853515625,255.36000061035156,337.5268859863281,387.510009765625,214.64999389648438,75.58000183105469,47.36000061035156,45.274879455566406,163.4499969482422,36.2400016784668
2026-04-23,481.7200012207031,1224795.25,224500.0,932.4299926757812,199.4075927734375,305.3299865722656,419.94000244140625,165.55999755859375,185.5399932861328,66.77999877929688,133.4570770263672,,403.40850830078125,258.55999755859375,1813.115966796875,846.8900146484375,337.67999267578125,137.72999572753906,321.75,237.57000732421875,36.15999984741211,445.3900146484375,127.86000061035156,173.2100067138672,114.66999816894531,67.62000274658203,84.77999877929688,214.69000244140625,124.2300033569336,238.97999572753906,258.1099853515625,24.309999465942383,314.3299865722656,255.0800018310547,337.5468444824219,373.7200012207031,212.13999938964844,74.69999694824219,43.630001068115234,44.38285827636719,141.66000366210938,35.869998931884766
2026-04-24,496.7200012207031,1221795.75,219500.0,989.9000244140625,208.0275421142578,347.80999755859375,422.760009765625,164.30999755859375,195.0399932861328,82.54000091552734,148.30226135253906,,416.5221862792969,267.7799987792969,1932.533447265625,881.6400146484375,336.0899963378906,162.1699981689453,323.4599914550781,231.1699981689453,35.77000045776367,448.1300048828125,129.47999572753906,178.5399932861328,119.76000213623047,71.55000305175781,90.16999816894531,223.32000732421875,125.83000183105469,245.44000244140625,253.58999633789062,26.010000228881836,332.8900146484375,263.989990234375,342.1141052246094,376.29998779296875,216.08999633789062,74.63999938964844,42.689998626708984,44.29365539550781,143.8000030517578,35.84000015258789
2026-04-27,524.5599975585938,1291784.0,224500.0,1070.199951171875,216.3578338623047,334.6300048828125,418.20001220703125,158.2100067138672,180.5,84.98999786376953,149.70706176757812,,404.3572998046875,259.4700012207031,1897.5780029296875,859.6799926757812,321.5299987792969,145.77999877929688,322.42999267578125,234.67999267578125,35.2400016784668,454.6099853515625,132.66000366210938,182.89999389648438,117.83000183105469,69.22000122070312,90.44999694824219,225.07000732421875,124.2300033569336,239.30999755859375,264.3800048828125,26.639999389648438,336.5400085449219,261.1199951171875,348.31036376953125,378.6700134277344,215.97000122070312,76.2699966430664,43.84000015258789,44.73966598510742,146.94000244140625,35.400001525878906
2026-04-28,504.2900085449219,1299782.625,222000.0,1002.3499755859375,212.92184448242188,323.2099914550781,399.8299865722656,153.22999572753906,165.9199981689453,84.5199966430664,149.44801330566406,,380.63677978515625,251.22999572753906,1806.6640625,791.3699951171875,303.9700012207031,137.25999450683594,305.0299987792969,226.3699951171875,34.29999923706055,454.989990234375,131.5500030517578,180.99000549316406,121.18000030517578,69.70999908447266,90.48999786376953,225.97000122070312,122.05000305175781,243.1999969482422,258.20001220703125,26.540000915527344,325.30999755859375,259.70001220703125,347.2909851074219,376.0199890136719,205.92999267578125,74.11000061035156,43.08000183105469,44.63064193725586,142.38999938964844,34.810001373291016
2026-04-29,518.4600219726562,1292783.875,226000.0,1064.2099609375,209.00640869140625,337.1099853515625,405.45001220703125,156.57000732421875,175.77000427246094,94.75,155.42593383789062,,382.1149597167969,248.75,1813.894775390625,858.3200073242188,304.92999267578125,152.8300018310547,306.17999267578125,287.9700012207031,31.190000534057617,452.3800048828125,133.97999572753906,181.5399932861328,122.43000030517578,70.48999786376953,88.88999938964844,227.25,121.26000213623047,243.57000732421875,258.2900085449219,26.110000610351562,329.95001220703125,263.0400085449219,347.1011047363281,372.79998779296875,205.66000366210938,74.47000122070312,42.11000061035156,43.99631881713867,138.16000366210938,34.5
2026-04-30,517.1599731445312,1285785.0,220500.0,1096.510009765625,199.33767700195312,354.489990234375,417.42999267578125,165.14999389648438,174.00999450683594,94.4800033569336,178.91917419433594,,394.00018310546875,257.8599853515625,1748.1187744140625,902.3200073242188,319.7099914550781,164.36000061035156,328.489990234375,283.3599853515625,32.959999084472656,445.75,132.19000244140625,179.32000732421875,122.4000015258789,68.58999633789062,88.30999755859375,221.75999450683594,121.12999725341797,246.10000610351562,250.8300018310547,26.420000076293945,329.5899963378906,265.05999755859375,381.71026611328125,381.6300048828125,208.9499969482422,74.61000061035156,45.119998931884766,43.96658706665039,137.6999969482422,35.06999969482422
2026-05-01,542.2100219726562,1285785.0,220500.0,1187.0,198.21897888183594,360.5400085449219,421.2799987792969,164.9499969482422,184.3800048828125,99.62000274658203,176.35862731933594,,388.5968933105469,256.7200012207031,1724.0595703125,949.9299926757812,329.5,183.50999450683594,328.30999755859375,290.5199890136719,33.849998474121094,455.6400146484375,140.52999877929688,181.0800018310547,126.95999908447266,88.87999725341797,91.16000366210938,239.88999938964844,127.66999816894531,250.7100067138672,263.4599914550781,27.1299991607666,340.94000244140625,268.260009765625,382.989501953125,390.82000732421875,210.1699981689453,75.12000274658203,46.20000076293945,44.00623321533203,133.5800018310547,35.25
2026-05-04,576.4500122070312,1446758.125,232500.0,1255.8599853515625,198.24893188476562,341.5400085449219,416.5,163.66000366210938,180.05999755859375,95.77999877929688,167.76039123535156,,390.89404296875,258.57000732421875,1711.135986328125,976.1799926757812,329.8900146484375,172.97999572753906,330.9700012207031,288.6400146484375,32.540000915527344,469.239990234375,146.69000244140625,184.55999755859375,127.88999938964844,93.16000366210938,91.97000122070312,247.42999267578125,127.55000305175781,253.9600067138672,264.69000244140625,27.719999313354492,349.510009765625,272.04998779296875,379.41168212890625,392.510009765625,211.63999938964844,73.93000030517578,45.75,42.707847595214844,128.97999572753906,33.91999816894531
2026-05-05,640.2000122070312,1446758.125,232500.0,1406.3199462890625,196.271240234375,355.260009765625,427.3599853515625,168.75,193.57000732421875,108.1500015258789,185.863525390625,,410.3099365234375,275.79998779296875,1730.6910400390625,994.5599975585938,335.7300109863281,180.57000732421875,341.0199890136719,295.25,36.02000045776367,476.5299987792969,145.72999572753906,183.97999572753906,128.8800048828125,92.3499984741211,92.01000213623047,246.0800018310547,107.62999725341797,255.6199951171875,266.67999267578125,27.34000015258789,353.6300048828125,273.54998779296875,384.0388488769531,389.3699951171875,216.32000732421875,72.94999694824219,48.0,42.67811584472656,130.2100067138672,34.779998779296875
2026-05-06,666.5900268554688,1600732.375,266000.0,1409.97998046875,207.5880584716797,421.3900146484375,425.44000244140625,172.14999389648438,198.2899932861328,113.01000213623047,191.8613739013672,,428.0877990722656,297.1700134277344,1813.974853515625,944.280029296875,344.6700134277344,178.5399932861328,358.9200134277344,285.4700012207031,35.79999923706055,468.07000732421875,143.7100067138672,183.67999267578125,122.62999725341797,88.80000305175781,89.05000305175781,235.16000366210938,105.44000244140625,250.1699981689453,265.260009765625,27.280000686645508,354.8999938964844,274.989990234375,394.90234375,398.7300109863281,238.8000030517578,79.16999816894531,52.56999969482422,43.490840911865234,132.0399932861328,37.189998626708984
2026-05-07,646.6300048828125,1653723.5,271500.0,1339.9599609375,211.2537841796875,408.4599914550781,412.55999755859375,160.00999450683594,188.2899932861328,109.62000274658203,201.8046417236328,,410.1301574707031,286.5199890136719,1761.0023193359375,892.5800170898438,319.19000244140625,157.5500030517578,340.010009765625,258.6400146484375,35.470001220703125,505.7200012207031,188.72999572753906,196.52999877929688,130.8800048828125,92.37000274658203,93.58999633789062,243.72000122070312,111.73999786376953,256.510009765625,293.4200134277344,26.729999542236328,356.8999938964844,271.1700134277344,395.0622253417969,411.7900085449219,230.27000427246094,76.7300033569336,47.68000030517578,44.01613998413086,133.58999633789062,36.4900016784668
2026-05-08,746.8099975585938,1685718.125,268500.0,1562.3399658203125,214.94947814941406,455.19000244140625,430.0,170.1300048828125,188.5050048828125,124.91999816894531,218.2837677001953,,434.89935302734375,294.04998779296875,1866.8072509765625,903.7999877929688,335.260009765625,148.94000244140625,339.9700012207031,261.0299987792969,36.45000076293945,527.77001953125,200.16000366210938,207.8800048828125,127.83000183105469,91.5999984741211,91.18000030517578,197.33999633789062,110.41000366210938,253.0399932861328,299.4700012207031,28.15999984741211,362.70001220703125,272.67999267578125,396.8111877441406,428.3500061035156,260.4599914550781,75.44999694824219,49.2400016784668,43.74853515625,131.17999267578125,36.029998779296875
2026-05-11,795.3300170898438,1879685.625,285500.0,1547.56005859375,219.18453979492188,458.7900085449219,428.42999267578125,170.83999633789062,210.22000122070312,129.44000244140625,236.65591430664062,,443.0691833496094,296.04998779296875,1842.837890625,1053.0899658203125,379.69000244140625,184.89999389648438,367.9200134277344,283.9200134277344,37.650001525878906,542.260009765625,202.32000732421875,213.66000366210938,121.41999816894531,87.30999755859375,91.48999786376953,191.33999633789062,102.54000091552734,246.14999389648438,294.6499938964844,26.8700008392334,364.20001220703125,268.989990234375,386.537353515625,445.0,247.0399932861328,76.1500015258789,56.88999938964844,42.01405715942383,126.33999633789062,34.5
2026-05-12,766.5800170898438,1834693.25,279000.0,1452.02001953125,220.52297973632812,448.2900085449219,419.29998779296875,164.5,198.57000732421875,120.61000061035156,209.5360870361328,,430.66461181640625,289.239990234375,1809.041015625,992.3699951171875,374.010009765625,188.27999877929688,367.1300048828125,280.69000244140625,37.47999954223633,546.1799926757812,199.94000244140625,215.60000610351562,118.62000274658203,85.0,89.0,179.5800018310547,99.83999633789062,240.8300018310547,308.7200012207031,26.84000015258789,358.0400085449219,265.82000732421875,383.5891418457031,433.45001220703125,238.94000244140625,76.36000061035156,55.869998931884766,41.97441101074219,125.12999725341797,33.560001373291016
2026-05-13,803.6300048828125,1975669.625,284000.0,1447.22998046875,225.56710815429688,445.5,416.7900085449219,177.9499969482422,189.36000061035156,120.29000091552734,212.38555908203125,,436.06787109375,295.44000244140625,1847.3521728515625,1030.3699951171875,403.7099914550781,223.10000610351562,369.989990234375,289.760009765625,42.0,562.5700073242188,205.30999755859375,227.7899932861328,116.5,80.62000274658203,87.05000305175781,179.0,95.4000015258789,236.07000732421875,303.0,26.889999389648438,354.54998779296875,270.1300048828125,398.79998779296875,445.2699890136719,243.8699951171875,74.69999694824219,55.2599983215332,41.964500427246094,121.20999908447266,32.779998779296875
2026-05-14,776.010009765625,1969670.625,296000.0,1382.719970703125,235.465576171875,449.70001220703125,439.7900085449219,182.5800018310547,184.5399932861328,115.93000030517578,199.34373474121094,311.07000732421875,440.01300048828125,299.1499938964844,1890.5269775390625,1001.8099975585938,404.94000244140625,203.57000732421875,376.2300109863281,303.4100036621094,48.0099983215332,579.9500122070312,202.83999633789062,238.2100067138672,118.75,80.86000061035156,90.5,183.4600067138672,97.41999816894531,237.00999450683594,303.0899963378906,27.280000686645508,352.8399963378906,267.2200012207031,396.9311218261719,443.29998779296875,247.88999938964844,74.69000244140625,57.470001220703125,41.6473388671875,121.05999755859375,33.33000183105469
2026-05-15,724.6599731445312,1818695.875,270500.0,1407.6099853515625,225.05770874023438,424.1000061035156,425.19000244140625,176.88999938964844,172.1699981689453,108.7699966430664,200.74855041503906,279.7200012207031,436.077880859375,284.7200012207031,1802.02001953125,970.7000122070312,382.45001220703125,190.36000061035156,370.94000244140625,275.95001220703125,52.88999938964844,594.0800170898438,207.97999572753906,242.8300018310547,125.01000213623047,87.45999908447266,95.06999969482422,198.3800048828125,100.27999877929688,247.60000610351562,312.1600036621094,27.15999984741211,347.239990234375,264.1400146484375,393.08343505859375,422.239990234375,241.99000549316406,75.08999633789062,51.95000076293945,41.50857925415039,119.13999938964844,32.84000015258789
2026-05-18,681.5399780273438,1839692.375,281000.0,1333.010009765625,222.0612030029297,420.989990234375,420.7099914550781,168.92999267578125,156.27000427246094,108.16999816894531,202.890625,296.6499938964844,413.0565185546875,277.9599914550781,1756.449951171875,884.97998046875,362.8299865722656,173.25999450683594,339.7300109863281,258.7099914550781,49.689998626708984,618.8300170898438,208.82000732421875,247.5500030517578,128.8800048828125,89.43499755859375,103.41999816894531,208.50999450683594,102.38999938964844,255.63999938964844,330.0,26.799999237060547,345.989990234375,264.8599853515625,392.87353515625,409.989990234375,238.02999877929688,75.08000183105469,49.310001373291016,42.19245910644531,120.26000213623047,33.150001525878906
2026-05-19,698.739990234375,1744708.25,275500.0,1383.2900390625,220.35317993164062,414.04998779296875,411.07000732421875,176.27000427246094,168.99000549316406,110.80000305175781,194.8901824951172,303.6300048828125,406.40478515625,273.3800048828125,1740.5799560546875,890.0900268554688,353.6300048828125,171.3300018310547,322.6300048828125,261.3399963378906,46.7599983215332,616.8800048828125,215.14999389648438,240.1300048828125,129.33999633789062,86.62000274658203,101.83000183105469,208.19000244140625,101.01000213623047,254.99000549316406,334.67999267578125,26.200000762939453,338.1199951171875,259.3399963378906,384.6684875488281,404.1099853515625,235.25999450683594,74.08999633789062,48.439998626708984,42.04378890991211,119.22000122070312,33.83000183105469
2026-05-20,731.989990234375,1744708.25,276000.0,1392.56005859375,223.20985412597656,447.5799865722656,417.760009765625,186.8000030517578,182.97999572753906,118.95999908447266,201.76478576660156,290.69000244140625,426.32000732421875,292.0899963378906,1829.469970703125,868.0700073242188,358.5,165.25999450683594,315.6700134277344,282.30999755859375,53.150001525878906,650.1099853515625,212.24000549316406,246.66000366210938,126.61000061035156,86.2300033569336,103.30000305175781,203.38999938964844,105.01000213623047,253.3699951171875,329.1400146484375,26.229999542236328,350.8900146484375,265.010009765625,384.6684875488281,417.260009765625,242.92999267578125,74.5999984741211,52.470001220703125,43.798091888427734,125.19000244140625,34.84000015258789
2026-05-21,762.0999755859375,1939675.625,299500.0,1542.239990234375,219.25445556640625,449.5899963378906,414.57000732421875,190.69000244140625,193.38999938964844,118.5,212.6246795654297,281.8599853515625,427.3599853515625,302.239990234375,1842.1800537109375,964.5,378.0,176.80999755859375,323.3999938964844,307.8800048828125,62.34000015258789,648.22998046875,218.0399932861328,252.9199981689453,121.8499984741211,82.18000030517578,99.69000244140625,198.3699951171875,104.86000061035156,244.10000610351562,317.5,25.540000915527344,358.4599914550781,268.4599914550781,383.2393493652344,417.8500061035156,252.8000030517578,73.61000061035156,58.88999938964844,43.99631881713867,126.76000213623047,35.33000183105469
2026-05-22,751.0,1940675.5,292500.0,1478.68994140625,215.07933044433594,467.510009765625,414.1400146484375,196.3300018310547,218.41000366210938,119.83999633789062,237.28359985351562,256.7799987792969,432.1600036621094,305.3500061035156,1888.3800048828125,946.9000244140625,377.57000732421875,181.49000549316406,327.4599914550781,302.489990234375,64.02999877929688,663.4600219726562,222.32000732421875,260.5799865722656,128.13999938964844,85.41999816894531,102.12999725341797,201.97000122070312,103.0,244.75999450683594,326.1300048828125,25.56999969482422,373.5899963378906,266.32000732421875,379.1518249511719,426.010009765625,295.19000244140625,71.81999969482422,63.63999938964844,44.273834228515625,127.18000030517578,35.2599983215332
2026-05-26,895.8800048828125,2051656.875,299000.0,1589.550048828125,214.60987854003906,503.8900146484375,422.010009765625,208.25999450683594,221.63999938964844,123.5199966430664,247.90438842773438,241.7100067138672,454.8900146484375,322.67999267578125,2011.3900146484375,910.8099975585938,381.3500061035156,177.6199951171875,323.9100036621094,302.3999938964844,66.9000015258789,671.5499877929688,223.64999389648438,256.75,124.0199966430664,84.91999816894531,99.91999816894531,197.99000549316406,104.9000015258789,240.49000549316406,307.3500061035156,26.770000457763672,381.75,265.2900085449219,384.6085205078125,433.5899963378906,305.0799865722656,70.12000274658203,63.619998931884766,44.541439056396484,127.3499984741211,36.880001068115234
2026-05-27,928.4099731445312,2242625.0,307000.0,1589.93994140625,212.35250854492188,495.5400085449219,421.8599853515625,198.6999969482422,221.22999572753906,121.7699966430664,232.54110717773438,266.8999938964844,448.25,318.92999267578125,1957.18994140625,902.3099975585938,380.17999267578125,179.8300018310547,319.7799987792969,293.79998779296875,70.27999877929688,645.3599853515625,221.80999755859375,248.47000122070312,124.5,89.06999969482422,102.12000274658203,200.72000122070312,106.5999984741211,238.24000549316406,294.4599914550781,27.760000228881836,374.04998779296875,271.8500061035156,384.5985107421875,440.3599853515625,305.32000732421875,70.7300033569336,65.4000015258789,45.57221603393555,131.0399932861328,36.650001525878906
2026-05-28,923.52001953125,2289000.0,299500.0,1641.6400146484375,214.00057983398438,518.0900268554688,426.5799865722656,204.8300018310547,222.35000610351562,120.88999938964844,242.39471435546875,242.58999633789062,449.67999267578125,318.0,1927.6300048828125,860.6199951171875,376.95001220703125,169.02000427246094,314.17999267578125,290.010009765625,69.5,671.0,225.24000549316406,257.7699890136719,130.00999450683594,93.29000091552734,108.7300033569336,198.8000030517578,115.02999877929688,241.44000244140625,325.67999267578125,29.940000534057617,373.8500061035156,274.0,385.88775634765625,442.1000061035156,317.04998779296875,70.91999816894531,70.13999938964844,46.94989013671875,131.3300018310547,36.040000915527344
2026-05-29,971.0,2333000.0,317000.0,1694.97998046875,210.8942108154297,516.0999755859375,446.7699890136719,205.0,236.02999877929688,114.68000030517578,250.09628295898438,236.99000549316406,450.05999755859375,318.17999267578125,1921.7099609375,854.9600219726562,361.4700012207031,158.41000366210938,315.7099914550781,285.0,68.36000061035156,731.0,247.35000610351562,281.69000244140625,146.19000244140625,107.61000061035156,124.37000274658203,220.6300048828125,118.70999908447266,259.2099914550781,335.54998779296875,30.469999313354492,374.92999267578125,270.6400146484375,376.2035827636719,435.7900085449219,420.9100036621094,70.4000015258789,72.06999969482422,45.81999969482422,131.17999267578125,35.58000183105469
2026-06-01,1035.5,2363000.0,349000.0,1761.4300537109375,224.09881591796875,510.1300048828125,459.9700012207031,219.42999267578125,226.10000610351562,109.33000183105469,228.14735412597656,213.27999877929688,458.1700134277344,317.1199951171875,1940.0400390625,905.0,362.8999938964844,185.6699981689453,323.3900146484375,273.510009765625,63.7400016784668,782.1699829101562,277.489990234375,300.4800109863281,157.22999572753906,115.94999694824219,135.86000061035156,262.20001220703125,124.12000274658203,274.0299987792969,403.8800048828125,32.16999816894531,414.1600036621094,261.260009765625,372.35589599609375,415.8800048828125,465.9599914550781,73.7699966430664,69.27999877929688,45.93000030517578,132.08999633789062,35.81999969482422
2026-06-02,1064.0999755859375,2360000.0,360500.0,1716.3599853515625,222.56060791015625,521.5399780273438,481.57000732421875,290.7900085449219,229.0,107.93000030517578,239.9537353515625,236.52000427246094,490.04998779296875,334.4100036621094,2045.199951171875,1029.1500244140625,426.8900146484375,202.3699951171875,334.489990234375,302.8500061035156,72.33000183105469,768.9500122070312,269.1300048828125,297.17999267578125,148.8800048828125,109.0999984741211,127.6500015258789,240.16000366210938,117.01000213623047,262.1099853515625,398.4599914550781,30.770000457763672,416.3900146484375,256.5199890136719,358.1744384765625,423.739990234375,435.30999755859375,71.62000274658203,71.4000015258789,43.72999954223633,126.47000122070312,35.40999984741211
2026-06-03,1079.5699462890625,2360000.0,360500.0,1831.5,214.5,542.52001953125,479.2300109863281,301.6499938964844,214.60000610351562,112.70999908447266,249.08999633789062,214.94000244140625,500.7699890136719,343.7099914550781,2125.110107421875,938.0,417.42999267578125,184.07000732421875,331.44000244140625,287.32000732421875,69.0199966430664,747.6099853515625,250.3300018310547,280.42999267578125,146.89999389648438,101.52999877929688,117.9000015258789,222.4499969482422,112.94000244140625,256.239990234375,368.32000732421875,29.219999313354492,408.0,250.02000427246094,355.466064453125,423.70001220703125,421.0799865722656,71.69000244140625,68.2300033569336,43.810001373291016,126.02999877929688,34.36000061035156
2026-06-04,996.0,2298000.0,351500.0,1759.6800537109375,218.66000366210938,523.2000122070312,418.9100036621094,316.42999267578125,217.5,111.77999877929688,242.57000732421875,215.39999389648438,501.70001220703125,336.4100036621094,2131.10009765625,945.0800170898438,421.8999938964844,202.88999938964844,323.9200134277344,291.3699951171875,68.38999938964844,719.0900268554688,243.60000610351562,279.25,147.91000366210938,101.5,119.36000061035156,220.3699951171875,116.04000091552734,258.4200134277344,380.17999267578125,30.030000686645508,411.67999267578125,253.7899932861328,369.0478820800781,418.45001220703125,422.04998779296875,72.20999908447266,65.66000366210938,43.619998931884766,124.91999816894531,34.4900016784668
2026-06-05,864.010009765625,2070000.0,329000.0,1559.3199462890625,205.10000610351562,466.3800048828125,385.7300109863281,263.4700012207031,206.88999938964844,99.16999816894531,215.94000244140625,201.00999450683594,453.010009765625,303.2799987792969,1929.199951171875,863.6599731445312,376.989990234375,177.0,300.510009765625,263.6099853515625,56.06999969482422,671.02001953125,234.11000061035156,272.04998779296875,144.27999877929688,99.47000122070312,112.44999694824219,212.63999938964844,109.54000091552734,251.44000244140625,350.739990234375,29.170000076293945,376.19000244140625,246.02999877929688,365.5400085449219,391.0,394.3900146484375,70.70999908447266,56.779998779296875,42.97999954223633,114.2300033569336,34.099998474121094
2026-06-08,949.280029296875,1911000.0,295500.0,1642.0,208.63999938964844,490.3299865722656,396.6000061035156,288.8500061035156,222.27000427246094,110.2699966430664,217.77000427246094,237.8300018310547,492.1700134277344,324.45001220703125,2108.06005859375,895.4000244140625,401.92999267578125,196.63999938964844,300.57000732421875,253.57000732421875,56.880001068115234,658.7899780273438,231.67999267578125,266.3299865722656,143.75999450683594,97.88999938964844,114.19000244140625,208.1199951171875,110.77999877929688,244.99000549316406,352.55999755859375,28.799999237060547,394.239990234375,245.22000122070312,361.1700134277344,408.95001220703125,400.7699890136719,70.05999755859375,62.79999923706055,43.22999954223633,117.55000305175781,33.880001068115234
2026-06-09,935.8900146484375,2215000.0,322000.0,1646.5400390625,208.19000244140625,475.510009765625,392.1600036621094,266.8800048828125,234.32000732421875,107.91999816894531,205.4199981689453,226.82000732421875,499.2099914550781,327.1600036621094,2139.3701171875,821.760009765625,355.94000244140625,162.8800048828125,289.5199890136719,259.6099853515625,53.5099983215332,644.9299926757812,227.33999633789062,260.5199890136719,140.22999572753906,95.61000061035156,106.97000122070312,197.69000244140625,110.41999816894531,237.8800048828125,340.2799987792969,28.440000534057617,390.8999938964844,244.19000244140625,362.2900085449219,396.67999267578125,381.7799987792969,70.37999725341797,56.689998626708984,44.650001525878906,121.36000061035156,34.75
2026-06-10,891.8800048828125,2048000.0,302500.0,1643.22998046875,200.4199981689453,452.3999938964844,372.1000061035156,252.58999633789062,237.67999267578125,107.04000091552734,191.1999969482422,237.3300018310547,497.010009765625,321.79998779296875,213.56399536132812,853.260009765625,354.7699890136719,175.1300048828125,280.9800109863281,234.22999572753906,50.56999969482422,647.739990234375,227.6300048828125,263.2200012207031,137.47000122070312,91.54000091552734,106.05999755859375,192.7899932861328,108.19999694824219,233.3800048828125,348.2799987792969,26.65999984741211,385.1300048828125,238.0,353.32000732421875,381.5899963378906,369.8299865722656,68.61000061035156,56.630001068115234,43.959999084472656,118.93000030517578,33.7599983215332
2026-06-11,995.8699951171875,2101000.0,299000.0,1881.510009765625,204.8699951171875,488.45001220703125,385.57000732421875,280.7099914550781,264.760009765625,116.95999908447266,202.9600067138672,226.5500030517578,552.6400146484375,362.5199890136719,241.16400146484375,889.5900268554688,363.5799865722656,172.77999877929688,297.8800048828125,248.8800048828125,54.93000030517578,691.530029296875,234.24000549316406,279.5299987792969,130.52999877929688,89.19999694824219,103.08000183105469,186.42999267578125,110.47000122070312,218.8000030517578,354.4100036621094,26.709999084472656,383.739990234375,241.50999450683594,356.55999755859375,399.1499938964844,391.45001220703125,69.55000305175781,57.9900016784668,45.959999084472656,121.83999633789062,35.599998474121094
2026-06-12,981.6099853515625,2150000.0,322500.0,1980.0999755859375,205.19000244140625,511.57000732421875,382.07000732421875,279.70001220703125,250.80999755859375,124.56999969482422,211.72000122070312,214.0,567.25,366.80999755859375,254.5399932861328,921.5599975585938,385.0299987792969,169.0500030517578,302.8699951171875,260.2200012207031,54.59000015258789,682.7999877929688,229.89999389648438,279.6199951171875,130.8000030517578,88.5199966430664,102.1500015258789,187.97999572753906,108.23999786376953,204.02000427246094,342.79998779296875,27.239999771118164,384.9599914550781,238.5500030517578,358.1600036621094,406.42999267578125,395.57000732421875,68.8499984741211,57.849998474121094,44.93000030517578,118.7699966430664,35.459999084472656
