Date,Close
2005-03-22,46.40983200073242
2005-03-23,46.07051086425781
2005-03-24,46.240196228027344
2005-03-28,46.25910186767578
2005-03-29,45.59638214111328
2005-03-30,46.26669692993164
2005-03-31,46.25910186767578
2005-04-01,46.06597137451172
2005-04-04,46.23638916015625
2005-04-05,46.31969451904297
2005-04-06,46.46360778808594
2005-04-07,46.64537811279297
2005-04-08,45.93721008300781
2005-04-11,45.70995330810547
2005-04-12,46.13792419433594
2005-04-13,45.312339782714844
2005-04-14,44.4034309387207
2005-04-15,43.79372787475586
2005-04-18,44.07396697998047
2005-04-19,44.80105972290039
2005-04-20,44.1004638671875
2005-04-21,45.179786682128906
2005-04-22,44.448890686035156
2005-04-25,44.85788345336914
2005-04-26,44.2254524230957
2005-04-27,44.206504821777344
2005-04-28,43.07796096801758
2005-04-29,43.642242431640625
2005-05-02,44.08911895751953
2005-05-03,44.30876541137695
2005-05-04,44.80105972290039
2005-05-05,44.793521881103516
2005-05-06,44.95255661010742
2005-05-09,45.38428497314453
2005-05-10,44.842735290527344
2005-05-11,44.86547088623047
2005-05-12,44.15728759765625
2005-05-13,43.99821853637695
2005-05-16,44.676124572753906
2005-05-17,44.941192626953125
2005-05-18,45.84253692626953
2005-05-19,45.95614242553711
2005-05-20,45.899330139160156
2005-05-23,46.20230484008789
2005-05-24,46.01294708251953
2005-05-25,45.66832733154297
2005-05-26,46.30455017089844
2005-05-27,46.56206512451172
2005-05-31,46.46360778808594
2005-06-01,46.990020751953125
2005-06-02,47.11876678466797
2005-06-03,46.774131774902344
2005-06-06,46.9483528137207
2005-06-07,47.04304504394531
2005-06-08,46.74386215209961
2005-06-09,47.20209503173828
2005-06-10,47.30055236816406
2005-06-13,47.512638092041016
2005-06-14,47.92164611816406
2005-06-15,48.05039596557617
2005-06-16,48.52000045776367
2005-06-17,48.48969268798828
2005-06-20,48.34241485595703
2005-06-21,48.47906494140625
2005-06-22,48.59294891357422
2005-06-23,47.735107421875
2005-06-24,47.22646713256836
2005-06-27,47.34794235229492
2005-06-28,48.08431625366211
2005-06-29,48.46388626098633
2005-06-30,48.35760498046875
2005-07-01,48.57016372680664
2005-07-05,49.336910247802734
2005-07-06,48.889007568359375
2005-07-07,49.02565383911133
2005-07-08,50.08086395263672
2005-07-11,50.69578170776367
2005-07-12,50.53636169433594
2005-07-13,50.4224739074707
2005-07-14,50.0580940246582
2005-07-15,50.103641510009766
2005-07-18,49.815155029296875
2005-07-19,50.51356506347656
2005-07-20,51.12847900390625
2005-07-21,50.33138656616211
2005-07-22,51.105709075927734
2005-07-25,50.77166748046875
2005-07-26,50.923519134521484
2005-07-27,51.0677604675293
2005-07-28,51.591556549072266
2005-07-29,51.538414001464844
2005-08-01,51.51564025878906
2005-08-02,51.902793884277344
2005-08-03,51.64469909667969
2005-08-04,50.77927017211914
2005-08-05,50.08086395263672
2005-08-08,49.90626525878906
2005-08-09,49.982173919677734
2005-08-10,49.91384506225586
2005-08-11,50.34656524658203
2005-08-12,49.7392463684082
2005-08-15,50.27064895629883
2005-08-16,49.39004135131836
2005-08-17,49.3293342590332
2005-08-18,49.16987228393555
2005-08-19,49.42801284790039
2005-08-22,49.708885192871094
2005-08-23,49.70128631591797
2005-08-24,49.50392150878906
2005-08-25,49.777183532714844
2005-08-26,48.96492004394531
2005-08-29,49.6253662109375
2005-08-30,49.40522384643555
2005-08-31,50.5059928894043
2005-09-01,50.5059928894043
2005-09-02,50.23269271850586
2005-09-06,50.984249114990234
2005-09-07,51.13608932495117
2005-09-08,50.847618103027344
2005-09-09,51.15885925292969
2005-09-12,51.386592864990234
2005-09-13,50.9918327331543
2005-09-14,50.40729522705078
2005-09-15,50.23269271850586
2005-09-16,50.81724548339844
2005-09-19,50.57430648803711
2005-09-20,49.84554672241211
2005-09-21,49.04084396362305
2005-09-22,49.29135513305664
2005-09-23,49.63249206542969
2005-09-26,49.967525482177734
2005-09-27,49.79999923706055
2005-09-28,49.73146438598633
2005-09-29,50.279727935791016
2005-09-30,50.55386734008789
2005-10-03,50.858455657958984
2005-10-04,50.089378356933594
2005-10-05,48.81009292602539
2005-10-06,48.37607192993164
2005-10-07,48.81009292602539
2005-10-10,48.2618522644043
2005-10-11,47.59174728393555
2005-10-12,46.92166519165039
2005-10-13,47.11202621459961
2005-10-14,47.90394973754883
2005-10-17,47.98772048950195
2005-10-18,47.34047317504883
2005-10-19,48.36084747314453
2005-10-20,47.46231460571289
2005-10-21,47.98772048950195
2005-10-24,49.03854751586914
2005-10-25,48.619747161865234
2005-10-26,48.36845397949219
2005-10-27,47.35570526123047
2005-10-28,48.01818084716797
2005-10-31,48.56642150878906
2005-11-01,48.81009292602539
2005-11-02,49.79240798950195
2005-11-03,49.967525482177734
2005-11-04,49.860931396484375
2005-11-07,50.04369354248047
2005-11-08,49.860931396484375
2005-11-09,50.0284538269043
2005-11-10,50.294979095458984
2005-11-11,50.58432388305664
2005-11-14,50.40157699584961
2005-11-15,49.67056655883789
2005-11-16,49.68579864501953
2005-11-17,50.546241760253906
2005-11-18,50.93459701538086
2005-11-21,51.45241165161133
2005-11-22,51.72653579711914
2005-11-23,51.78745651245117
2005-11-25,51.749359130859375
2005-11-28,51.06405258178711
2005-11-29,51.140193939208984
2005-11-30,51.361019134521484
2005-12-01,52.1986198425293
2005-12-02,52.404212951660156
2005-12-05,52.03111267089844
2005-12-06,52.1910285949707
2005-12-07,51.8712158203125
2005-12-08,52.00828552246094
2005-12-09,52.26715850830078
2005-12-12,52.42706298828125
2005-12-13,52.43467712402344
2005-12-14,52.37377166748047
2005-12-15,51.84075927734375
2005-12-16,51.65799331665039
2005-12-19,51.01836013793945
2005-12-20,51.00313949584961
2005-12-21,51.619903564453125
2005-12-22,51.9570198059082
2005-12-23,52.07931137084961
2005-12-27,51.29963684082031
2005-12-28,51.605403900146484
2005-12-29,51.33020782470703
2005-12-30,51.001522064208984
2006-01-03,52.018184661865234
2006-01-04,52.3010139465332
2006-01-05,52.5838508605957
2006-01-06,53.210662841796875
2006-01-09,53.562278747558594
2006-01-10,54.04385757446289
2006-01-11,53.95213317871094
2006-01-12,53.76103973388672
2006-01-13,53.783958435058594
2006-01-17,53.53174591064453
2006-01-18,53.41704559326172
2006-01-19,54.273197174072266
2006-01-20,53.654014587402344
2006-01-23,53.82219314575195
2006-01-24,54.42605972290039
2006-01-25,54.563663482666016
2006-01-26,55.351016998291016
2006-01-27,55.62620544433594
2006-01-30,55.465660095214844
2006-01-31,55.30516052246094
2006-02-01,55.878448486328125
2006-02-02,55.03759002685547
2006-02-03,54.86943054199219
2006-02-06,55.35863494873047
2006-02-07,54.46428298950195
2006-02-08,54.808265686035156
2006-02-09,54.52544403076172
2006-02-10,54.41077423095703
2006-02-13,54.05150604248047
2006-02-14,54.67831802368164
2006-02-15,55.15989303588867
2006-02-16,55.64912033081055
2006-02-17,55.53445053100586
2006-02-21,55.28987121582031
2006-02-22,55.664432525634766
2006-02-23,55.62620544433594
2006-02-24,56.0695686340332
2006-02-27,56.22243881225586
2006-02-28,55.4809684753418
2006-03-01,56.48999786376953
2006-03-02,56.2530403137207
2006-03-03,55.97020721435547
2006-03-06,55.53445053100586
2006-03-07,54.73185729980469
2006-03-08,54.92293167114258
2006-03-09,54.44136047363281
2006-03-10,55.282222747802734
2006-03-13,55.396846771240234
2006-03-14,56.008419036865234
2006-03-15,56.52056121826172
2006-03-16,56.39059066772461
2006-03-17,56.61994171142578
2006-03-20,56.58938217163086
2006-03-21,55.80202865600586
2006-03-22,56.6657829284668
2006-03-23,56.910423278808594
2006-03-24,57.384666442871094
2006-03-27,57.39231872558594
2006-03-28,57.093536376953125
2006-03-29,58.15081787109375
2006-03-30,57.99758529663086
2006-03-31,58.20441818237305
2006-04-03,57.72174835205078
2006-04-04,57.98225784301758
2006-04-05,58.281044006347656
2006-04-06,58.40364074707031
2006-04-07,57.46895217895508
2006-04-10,57.407657623291016
2006-04-11,56.38865661621094
2006-04-12,56.97858810424805
2006-04-13,57.12416458129883
2006-04-17,57.162479400634766
2006-04-18,58.76374435424805
2006-04-19,59.192779541015625
2006-04-20,58.878665924072266
2006-04-21,58.7484016418457
2006-04-24,58.281044006347656
2006-04-25,58.319358825683594
2006-04-26,58.273380279541016
2006-04-27,57.79069519042969
2006-04-28,58.38064193725586
2006-05-01,57.660457611083984
2006-05-02,58.449607849121094
2006-05-03,58.35000228881836
2006-05-04,59.062530517578125
2006-05-05,59.391963958740234
2006-05-08,59.47622299194336
2006-05-09,59.391963958740234
2006-05-10,59.031864166259766
2006-05-11,57.69877624511719
2006-05-12,56.31204605102539
2006-05-15,56.05921936035156
2006-05-16,56.15116500854492
2006-05-17,55.12453842163086
2006-05-18,54.603538513183594
2006-05-19,55.08621597290039
2006-05-22,54.47332000732422
2006-05-23,53.76841735839844
2006-05-24,54.18213653564453
2006-05-25,55.32374954223633
2006-05-26,55.65314865112305
2006-05-30,54.12086868286133
2006-05-31,55.06325149536133
2006-06-01,56.135841369628906
2006-06-02,56.09754180908203
2006-06-05,54.465641021728516
2006-06-06,54.23576736450195
2006-06-07,53.70714569091797
2006-06-08,53.75310516357422
2006-06-09,53.278072357177734
2006-06-12,52.052268981933594
2006-06-13,51.063907623291016
2006-06-14,51.67683410644531
2006-06-15,53.4466438293457
2006-06-16,52.749446868896484
2006-06-19,51.71515655517578
2006-06-20,51.65386199951172
2006-06-21,52.55791091918945
2006-06-22,52.36223602294922
2006-06-23,52.6768684387207
2006-06-26,53.32907485961914
2006-06-27,52.40827941894531
2006-06-28,52.63847732543945
2006-06-29,54.67189025878906
2006-06-30,55.04021453857422
2006-07-03,55.73078918457031
2006-07-05,54.91741943359375
2006-07-06,54.902095794677734
2006-07-07,54.08871078491211
2006-07-10,54.09639358520508
2006-07-11,54.572147369384766
2006-07-12,53.444183349609375
2006-07-13,52.23180389404297
2006-07-14,51.81744384765625
2006-07-17,51.74838638305664
2006-07-18,52.10136032104492
2006-07-19,53.32907485961914
2006-07-20,51.96323776245117
2006-07-21,51.21892166137695
2006-07-24,52.85332489013672
2006-07-25,52.98374938964844
2006-07-26,52.86867141723633
2006-07-27,52.36223602294922
2006-07-28,53.45949935913086
2006-07-31,53.46717071533203
2006-08-01,52.63078308105469
2006-08-02,53.32907485961914
2006-08-03,53.9736328125
2006-08-04,53.421142578125
2006-08-07,53.2139778137207
2006-08-08,52.47734451293945
2006-08-09,51.94788360595703
2006-08-10,52.40827941894531
2006-08-11,51.87113952636719
2006-08-14,52.1780891418457
2006-08-15,53.26767349243164
2006-08-16,54.03501510620117
2006-08-17,54.11940383911133
2006-08-18,54.43403244018555
2006-08-21,53.85084915161133
2006-08-22,54.02732849121094
2006-08-23,53.40581130981445
2006-08-24,53.31374740600586
2006-08-25,53.40581130981445
2006-08-28,53.9736328125
2006-08-29,54.67189025878906
2006-08-30,55.093936920166016
2006-08-31,55.070899963378906
2006-09-01,55.10927963256836
2006-09-05,55.60799026489258
2006-09-06,54.42634963989258
2006-09-07,53.94292068481445
2006-09-08,54.15011978149414
2006-09-11,54.08104705810547
2006-09-12,55.35482406616211
2006-09-13,55.82289123535156
2006-09-14,55.623374938964844
2006-09-15,55.75383377075195
2006-09-18,55.73845672607422
2006-09-19,55.49293899536133
2006-09-20,56.23723602294922
2006-09-21,55.63103485107422
2006-09-22,54.89440155029297
2006-09-25,55.54664611816406
2006-09-26,55.724456787109375
2006-09-27,56.1324348449707
2006-09-28,55.9091911315918
2006-09-29,55.42424011230469
2006-10-02,54.900794982910156
2006-10-03,54.82380294799805
2006-10-04,56.15553283691406
2006-10-05,56.87142562866211
2006-10-06,56.57892990112305
2006-10-09,57.00999450683594
2006-10-10,57.040802001953125
2006-10-11,56.817543029785156
2006-10-12,57.96453094482422
2006-10-13,58.42640686035156
2006-10-16,58.772789001464844
2006-10-17,58.48026657104492
2006-10-18,58.487972259521484
2006-10-19,58.772789001464844
2006-10-20,58.195465087890625
2006-10-23,58.31092071533203
2006-10-24,58.42640686035156
2006-10-25,58.81129455566406
2006-10-26,59.303958892822266
2006-10-27,58.61115646362305
2006-10-30,58.86516571044922
2006-10-31,58.680442810058594
2006-11-01,57.4102668762207
2006-11-02,57.32557678222656
2006-11-03,57.602718353271484
2006-11-06,58.27244186401367
2006-11-07,58.657318115234375
2006-11-08,58.95754623413086
2006-11-09,58.4187126159668
2006-11-10,58.903656005859375
2006-11-13,58.98831558227539
2006-11-14,60.127593994140625
2006-11-15,60.58177947998047
2006-11-16,60.535579681396484
2006-11-17,60.49707794189453
2006-11-20,60.58177947998047
2006-11-21,60.68184280395508
2006-11-22,60.75114059448242
2006-11-24,60.47399139404297
2006-11-27,59.11919403076172
2006-11-28,59.3193473815918
2006-11-29,60.0891227722168
2006-11-30,60.09682846069336
2006-12-01,59.87358856201172
2006-12-04,61.05904006958008
2006-12-05,61.10523986816406
2006-12-06,60.89739990234375
2006-12-07,60.635684967041016
2006-12-08,60.64337158203125
2006-12-11,60.79733657836914
2006-12-12,60.46630859375
2006-12-13,60.543270111083984
2006-12-14,60.78960037231445
2006-12-15,60.7357292175293
2006-12-18,59.97364807128906
2006-12-19,59.93519592285156
2006-12-20,60.28229522705078
2006-12-21,60.00398254394531
2006-12-22,59.609718322753906
2006-12-26,60.46006774902344
2006-12-27,61.17900466918945
2006-12-28,60.900691986083984
2006-12-29,60.3209342956543
2007-01-03,60.42141342163086
2007-01-04,60.58378982543945
2007-01-05,59.31595993041992
2007-01-08,59.08402633666992
2007-01-09,59.64061737060547
2007-01-10,60.1044807434082
2007-01-11,60.47552490234375
2007-01-12,61.05533981323242
2007-01-16,60.64558792114258
2007-01-17,60.382755279541016
2007-01-18,59.88029098510742
2007-01-19,60.1121940612793
2007-01-22,59.67156219482422
2007-01-23,60.23590087890625
2007-01-24,60.89295959472656
2007-01-25,60.127689361572266
2007-01-26,60.35184860229492
2007-01-29,60.87750244140625
2007-01-30,61.209922790527344
2007-01-31,61.341346740722656
2007-02-01,61.99844741821289
2007-02-02,62.03711700439453
2007-02-05,62.029354095458984
2007-02-06,62.183956146240234
2007-02-07,62.75602340698242
2007-02-08,62.65549850463867
2007-02-09,62.08345031738281
2007-02-12,61.91337966918945
2007-02-13,62.36949157714844
2007-02-14,62.46226119995117
2007-02-15,62.508644104003906
2007-02-16,62.74827194213867
2007-02-20,63.35125732421875
2007-02-21,63.46720886230469
2007-02-22,63.69139862060547
2007-02-23,63.35125732421875
2007-02-26,63.30485534667969
2007-02-27,60.336395263671875
2007-02-28,60.93934631347656
2007-03-01,60.62238311767578
2007-03-02,59.416439056396484
2007-03-05,58.11000061035156
2007-03-06,59.694759368896484
2007-03-07,59.50147247314453
2007-03-08,59.94987869262695
2007-03-09,60.43683624267578
2007-03-12,60.6069450378418
2007-03-13,59.05312728881836
2007-03-14,59.67927932739258
2007-03-15,60.143089294433594
2007-03-16,59.7333984375
2007-03-19,60.47552490234375
2007-03-20,60.954837799072266
2007-03-21,62.05252456665039
2007-03-22,62.05252456665039
2007-03-23,62.14857482910156
2007-03-26,62.01691818237305
2007-03-27,61.7303466796875
2007-03-28,61.30435562133789
2007-03-29,61.38179397583008
2007-03-30,61.5367317199707
2007-04-02,61.69159698486328
2007-04-03,62.3499755859375
2007-04-04,62.34223175048828
2007-04-05,62.303489685058594
2007-04-09,62.38870620727539
2007-04-10,62.582332611083984
2007-04-11,62.19504928588867
2007-04-12,62.61330032348633
2007-04-13,63.01610565185547
2007-04-16,63.88351821899414
2007-04-17,63.689903259277344
2007-04-18,63.31814193725586
2007-04-19,63.01610565185547
2007-04-20,63.75185012817383
2007-04-23,63.682167053222656
2007-04-24,63.65119552612305
2007-04-25,63.82932662963867
2007-04-26,64.18563079833984
2007-04-27,63.91454315185547
2007-04-30,62.535865783691406
2007-05-01,62.79142379760742
2007-05-02,63.62794876098633
2007-05-03,63.74409103393555
2007-05-04,64.1468734741211
2007-05-07,63.96099853515625
2007-05-08,63.73638153076172
2007-05-09,63.99195098876953
2007-05-10,63.20197677612305
2007-05-11,63.775108337402344
2007-05-14,63.21744155883789
2007-05-15,62.7139778137207
2007-05-16,63.0548095703125
2007-05-17,62.56682586669922
2007-05-18,63.302650451660156
2007-05-21,64.10041046142578
2007-05-22,64.49541473388672
2007-05-23,64.32504272460938
2007-05-24,63.48078536987305
2007-05-25,63.891265869140625
2007-05-29,64.47991943359375
2007-05-30,64.91366577148438
2007-05-31,65.26995849609375
2007-06-01,65.6030044555664
2007-06-04,65.67271423339844
2007-06-05,65.40938568115234
2007-06-06,64.68132019042969
2007-06-07,63.34136962890625
2007-06-08,64.17012786865234
2007-06-11,64.18563079833984
2007-06-12,63.12452697753906
2007-06-13,63.96870422363281
2007-06-14,64.54967498779297
2007-06-15,65.3164291381836
2007-06-18,65.19248962402344
2007-06-19,65.36290740966797
2007-06-20,64.2320556640625
2007-06-21,64.73552703857422
2007-06-22,64.22433471679688
2007-06-25,63.891265869140625
2007-06-26,63.41881561279297
2007-06-27,64.74325561523438
2007-06-28,64.73473358154297
2007-06-29,64.33123016357422
2007-07-02,65.16153717041016
2007-07-03,65.47197723388672
2007-07-05,65.5805892944336
2007-07-06,65.80565643310547
2007-07-09,65.74352264404297
2007-07-10,64.66487884521484
2007-07-11,65.05291748046875
2007-07-12,65.82112884521484
2007-07-13,65.88324737548828
2007-07-16,65.55731201171875
2007-07-17,65.60387420654297
2007-07-18,65.39435577392578
2007-07-19,65.5805892944336
2007-07-20,64.60281372070312
2007-07-23,64.36227416992188
2007-07-24,62.856773376464844
2007-07-25,62.623966217041016
2007-07-26,60.94780349731445
2007-07-27,59.46562576293945
2007-07-30,60.49771499633789
2007-07-31,59.83037567138672
2007-08-01,60.156288146972656
2007-08-02,60.629669189453125
2007-08-03,58.472328186035156
2007-08-06,59.000022888183594
2007-08-07,59.90796661376953
2007-08-08,61.70829772949219
2007-08-09,60.28818893432617
2007-08-10,60.575286865234375
2007-08-13,60.249385833740234
2007-08-14,59.217308044433594
2007-08-15,58.35594177246094
2007-08-16,59.65189743041992
2007-08-17,60.84695053100586
2007-08-20,60.89350128173828
2007-08-21,61.06419372558594
2007-08-22,61.793643951416016
2007-08-23,61.002159118652344
2007-08-24,61.793643951416016
2007-08-27,60.9400634765625
2007-08-28,59.40353775024414
2007-08-29,60.96333312988281
2007-08-30,60.55206298828125
2007-08-31,61.1030158996582
2007-09-04,61.88678741455078
2007-09-05,61.312557220458984
2007-09-06,61.32805252075195
2007-09-07,60.319244384765625
2007-09-10,59.481170654296875
2007-09-11,60.52099609375
2007-09-12,60.14075469970703
2007-09-13,60.28818893432617
2007-09-14,60.5986213684082
2007-09-17,59.931251525878906
2007-09-18,62.484317779541016
2007-09-19,63.32241439819336
2007-09-20,62.69382858276367
2007-09-21,62.82574462890625
2007-09-24,62.34464645385742
2007-09-25,62.09178924560547
2007-09-26,62.63634490966797
2007-09-27,63.009700775146484
2007-09-28,62.262943267822266
2007-10-01,63.81096267700195
2007-10-02,64.22323608398438
2007-10-03,64.0443115234375
2007-10-04,64.14546966552734
2007-10-05,65.44454193115234
2007-10-08,64.9544677734375
2007-10-09,65.48340606689453
2007-10-10,65.42898559570312
2007-10-11,64.69000244140625
2007-10-12,65.20340728759766
2007-10-15,64.44884490966797
2007-10-16,63.709835052490234
2007-10-17,63.95876693725586
2007-10-18,63.803165435791016
2007-10-19,61.52394104003906
2007-10-22,62.82305145263672
2007-10-23,63.305328369140625
2007-10-24,62.900821685791016
2007-10-25,62.745262145996094
2007-10-26,63.79543685913086
2007-10-29,63.72539138793945
2007-10-30,63.219757080078125
2007-10-31,64.03656005859375
2007-11-01,61.562835693359375
2007-11-02,61.86620330810547
2007-11-05,61.049415588378906
2007-11-06,62.20073318481445
2007-11-07,60.27149963378906
2007-11-08,60.45046615600586
2007-11-09,59.78143310546875
2007-11-12,59.20581817626953
2007-11-13,61.06501007080078
2007-11-14,60.714927673339844
2007-11-15,59.851470947265625
2007-11-16,59.34581756591797
2007-11-19,58.06230926513672
2007-11-20,58.39679718017578
2007-11-21,57.17548370361328
2007-11-23,58.3890380859375
2007-11-26,56.86433029174805
2007-11-27,57.52553939819336
2007-11-28,59.797035217285156
2007-11-29,59.283573150634766
2007-11-30,59.625885009765625
2007-12-03,58.92578125
2007-12-04,58.303409576416016
2007-12-05,59.462528228759766
2007-12-06,60.87049865722656
2007-12-07,61.05720138549805
2007-12-10,61.53948974609375
2007-12-11,59.39250183105469
2007-12-12,59.828121185302734
2007-12-13,59.50141143798828
2007-12-14,58.34233093261719
2007-12-17,57.44778060913086
2007-12-18,58.474571228027344
2007-12-19,58.886863708496094
2007-12-20,59.773685455322266
2007-12-21,61.142765045166016
2007-12-24,61.586151123046875
2007-12-26,61.87399673461914
2007-12-27,60.4042854309082
2007-12-28,59.75646209716797
2007-12-31,59.24129867553711
2008-01-02,58.66372299194336
2008-01-03,58.01590347290039
2008-01-04,56.26753234863281
2008-01-07,56.392433166503906
2008-01-08,54.6518440246582
2008-01-09,55.2060432434082
2008-01-10,55.96311569213867
2008-01-11,54.807979583740234
2008-01-14,55.26067352294922
2008-01-15,54.245994567871094
2008-01-16,54.30061721801758
2008-01-17,52.98155975341797
2008-01-18,52.46641159057617
2008-01-22,52.091758728027344
2008-01-23,53.871360778808594
2008-01-24,53.83233642578125
2008-01-25,53.442081451416016
2008-01-28,54.573822021484375
2008-01-29,54.714298248291016
2008-01-30,54.027462005615234
2008-01-31,55.36994552612305
2008-02-01,56.673423767089844
2008-02-04,56.03337097167969
2008-02-05,54.59722900390625
2008-02-06,53.871360778808594
2008-02-07,54.72211837768555
2008-02-08,54.3786735534668
2008-02-11,54.402095794677734
2008-02-12,54.83138656616211
2008-02-13,56.072383880615234
2008-02-14,54.77675247192383
2008-02-15,54.5347785949707
2008-02-19,55.2060432434082
2008-02-20,55.237247467041016
2008-02-21,54.18355941772461
2008-02-22,54.18355941772461
2008-02-25,55.237247467041016
2008-02-26,55.75239181518555
2008-02-27,55.72898483276367
2008-02-28,54.88603973388672
2008-02-29,53.746463775634766
2008-03-03,53.2313117980957
2008-03-04,52.91911697387695
2008-03-05,53.42645263671875
2008-03-06,51.646873474121094
2008-03-07,51.48295593261719
2008-03-10,50.34340286254883
2008-03-11,52.52888107299805
2008-03-12,51.92006301879883
2008-03-13,52.958133697509766
2008-03-14,51.62345886230469
2008-03-17,50.78049087524414
2008-03-18,53.11424255371094
2008-03-19,51.78738021850586
2008-03-20,52.66935729980469
2008-03-24,54.71764373779297
2008-03-25,54.897438049316406
2008-03-26,54.444034576416016
2008-03-27,53.94367980957031
2008-03-28,53.31040573120117
2008-03-31,53.38861846923828
2008-04-01,55.34308624267578
2008-04-02,55.47599792480469
2008-04-03,55.647979736328125
2008-04-04,55.6323356628418
2008-04-07,55.53853225708008
2008-04-08,55.483795166015625
2008-04-09,54.576934814453125
2008-04-10,55.15544891357422
2008-04-11,53.74042510986328
2008-04-14,53.576236724853516
2008-04-15,53.920230865478516
2008-04-16,55.66361618041992
2008-04-17,55.44472885131836
2008-04-18,56.031044006347656
2008-04-21,56.03887939453125
2008-04-22,55.014739990234375
2008-04-23,55.15544891357422
2008-04-24,55.68708419799805
2008-04-25,56.21088790893555
2008-04-28,56.58611297607422
2008-04-29,56.08576965332031
2008-04-30,55.819984436035156
2008-05-01,56.78157424926758
2008-05-02,56.719024658203125
2008-05-05,56.5001220703125
2008-05-06,56.96140670776367
2008-05-07,55.94504165649414
2008-05-08,56.062347412109375
2008-05-09,55.89814758300781
2008-05-12,57.12557601928711
2008-05-13,57.45392608642578
2008-05-14,57.38356399536133
2008-05-15,57.500816345214844
2008-05-16,57.813541412353516
2008-05-19,57.82918167114258
2008-05-20,57.61809539794922
2008-05-21,56.797210693359375
2008-05-22,57.20376205444336
2008-05-23,56.4532470703125
2008-05-27,57.32102584838867
2008-05-28,57.58682632446289
2008-05-29,58.17317199707031
2008-05-30,58.37644958496094
2008-06-02,57.844818115234375
2008-06-03,57.727516174316406
2008-06-04,58.0871696472168
2008-06-05,59.57256317138672
2008-06-06,57.79010009765625
2008-06-09,57.60247039794922
2008-06-10,57.180301666259766
2008-06-11,56.18743133544922
2008-06-12,56.304656982421875
2008-06-13,57.32102584838867
2008-06-16,57.68063735961914
2008-06-17,57.63375473022461
2008-06-18,57.172462463378906
2008-06-19,57.649375915527344
2008-06-20,56.73466873168945
2008-06-23,56.20304870605469
2008-06-24,55.272708892822266
2008-06-25,55.89814758300781
2008-06-26,54.459659576416016
2008-06-27,54.5143928527832
2008-06-30,53.98277282714844
2008-07-01,54.02184295654297
2008-07-02,52.48930740356445
2008-07-03,52.206817626953125
2008-07-07,51.54766845703125
2008-07-08,53.415279388427734
2008-07-09,51.98710632324219
2008-07-10,52.49715805053711
2008-07-11,52.787506103515625
2008-07-14,51.91647720336914
2008-07-15,51.69676971435547
2008-07-16,53.59575653076172
2008-07-17,53.67420959472656
2008-07-18,54.0508918762207
2008-07-21,54.71003723144531
2008-07-22,56.083309173583984
2008-07-23,56.44426727294922
2008-07-24,55.0161018371582
2008-07-25,55.4633674621582
2008-07-28,54.5217170715332
2008-07-29,55.8557243347168
2008-07-30,56.193153381347656
2008-07-31,55.965576171875
2008-08-01,56.03622055053711
2008-08-04,55.518272399902344
2008-08-05,56.467811584472656
2008-08-06,56.750301361083984
2008-08-07,55.90281677246094
2008-08-08,57.378074645996094
2008-08-11,58.75130081176758
2008-08-12,58.311885833740234
2008-08-13,58.523738861083984
2008-08-14,59.08872985839844
2008-08-15,58.93180847167969
2008-08-18,58.17058563232422
2008-08-19,57.20542526245117
2008-08-20,57.28390121459961
2008-08-21,56.62473678588867
2008-08-22,57.81751251220703
2008-08-25,56.546268463134766
2008-08-26,56.63258361816406
2008-08-27,57.30744552612305
2008-08-28,58.46882247924805
2008-08-29,57.966583251953125
2008-09-02,57.95090866088867
2008-09-03,58.186317443847656
2008-09-04,56.35793685913086
2008-09-05,56.21668243408203
2008-09-08,56.875831604003906
2008-09-09,55.56538009643555
2008-09-10,56.083309173583984
2008-09-11,56.436378479003906
2008-09-12,56.69536590576172
2008-09-15,54.152915954589844
2008-09-16,55.7144889831543
2008-09-17,53.203407287597656
2008-09-18,56.34226608276367
2008-09-19,58.853294372558594
2008-09-22,56.45994186401367
2008-09-23,55.706626892089844
2008-09-24,54.998905181884766
2008-09-25,55.28200149536133
2008-09-26,55.541481018066406
2008-09-29,51.153564453125
2008-09-30,53.47334289550781
2008-10-01,52.70269775390625
2008-10-02,49.99756622314453
2008-10-03,49.30555725097656
2008-10-06,46.96217346191406
2008-10-07,43.87958908081055
2008-10-08,42.82585144042969
2008-10-09,39.310760498046875
2008-10-10,41.24522018432617
2008-10-13,44.807491302490234
2008-10-14,43.549320220947266
2008-10-15,39.64105224609375
2008-10-16,42.2360725402832
2008-10-17,41.04863357543945
2008-10-20,43.00669860839844
2008-10-21,41.81929016113281
2008-10-22,39.703948974609375
2008-10-23,38.52439880371094
2008-10-24,37.09318542480469
2008-10-27,35.276668548583984
2008-10-28,38.0997428894043
2008-10-29,38.29634094238281
2008-10-30,40.44313430786133
2008-10-31,42.267520904541016
2008-11-03,42.32257080078125
2008-11-04,42.810115814208984
2008-11-05,40.5689697265625
2008-11-06,38.996219635009766
2008-11-07,39.80617904663086
2008-11-10,38.8861198425293
2008-11-11,38.04471206665039
2008-11-12,35.82712936401367
2008-11-13,38.7760124206543
2008-11-14,35.89004135131836
2008-11-17,35.583351135253906
2008-11-18,35.41035079956055
2008-11-19,32.52436828613281
2008-11-20,30.298948287963867
2008-11-21,31.958173751831055
2008-11-24,34.20720291137695
2008-11-25,34.773399353027344
2008-11-26,36.857276916503906
2008-11-28,37.22686767578125
2008-12-01,33.043365478515625
2008-12-02,34.78126525878906
2008-12-03,35.83500289916992
2008-12-04,34.647579193115234
2008-12-05,36.251773834228516
2008-12-08,37.85598373413086
2008-12-09,36.68428421020508
2008-12-10,37.549293518066406
2008-12-11,35.646263122558594
2008-12-12,36.87300491333008
2008-12-15,35.68557357788086
2008-12-16,38.00539779663086
2008-12-17,38.351383209228516
2008-12-18,38.10761260986328
2008-12-19,38.29634094238281
2008-12-22,37.557151794433594
2008-12-23,37.01121139526367
2008-12-24,37.14590072631836
2008-12-26,37.676815032958984
2008-12-29,37.09837341308594
2008-12-30,38.12844467163086
2008-12-31,39.01589584350586
2009-01-02,39.79240036010742
2009-01-05,39.93504333496094
2009-01-06,40.60853958129883
2009-01-07,39.41205596923828
2009-01-08,39.60225296020508
2009-01-09,38.136356353759766
2009-01-12,37.00328826904297
2009-01-13,37.49456787109375
2009-01-14,35.846439361572266
2009-01-15,36.42488479614258
2009-01-16,36.8289680480957
2009-01-20,34.33303451538086
2009-01-21,36.04454040527344
2009-01-22,34.99862289428711
2009-01-23,35.172950744628906
2009-01-26,35.569122314453125
2009-01-27,35.957374572753906
2009-01-28,37.43907928466797
2009-01-29,35.973228454589844
2009-01-30,35.24424743652344
2009-02-02,35.52948760986328
2009-02-03,35.783050537109375
2009-02-04,35.521575927734375
2009-02-05,35.93360900878906
2009-02-06,37.209312438964844
2009-02-09,37.04291534423828
2009-02-10,35.33140182495117
2009-02-11,35.46610641479492
2009-02-12,35.7672004699707
2009-02-13,35.39479446411133
2009-02-17,33.9923095703125
2009-02-18,33.50896453857422
2009-02-19,33.04148483276367
2009-02-20,32.597755432128906
2009-02-23,31.34583282470703
2009-02-24,32.50266647338867
2009-02-25,31.829164505004883
2009-02-26,31.234893798828125
2009-02-27,31.02096939086914
2009-03-02,29.269832611083984
2009-03-03,28.715192794799805
2009-03-04,29.309457778930664
2009-03-05,27.74850845336914
2009-03-06,27.89114761352539
2009-03-09,27.249319076538086
2009-03-10,29.024211883544922
2009-03-11,29.063831329345703
2009-03-12,30.87039566040039
2009-03-13,31.195276260375977
2009-03-16,30.632705688476562
2009-03-17,32.05104064941406
2009-03-18,33.16033935546875
2009-03-19,32.81170654296875
2009-03-20,31.67862892150879
2009-03-23,34.37263870239258
2009-03-24,33.037940979003906
2009-03-25,33.968017578125
2009-03-26,35.27967834472656
2009-03-27,34.0952262878418
2009-03-30,33.11744689941406
2009-03-31,33.427452087402344
2009-04-01,34.00776672363281
2009-04-02,35.708961486816406
2009-04-03,36.27335739135742
2009-04-06,35.6533088684082
2009-04-07,34.389347076416016
2009-04-08,35.02531051635742
2009-04-09,37.076263427734375
2009-04-13,37.0921630859375
2009-04-14,36.01898193359375
2009-04-15,36.56748580932617
2009-04-16,37.624786376953125
2009-04-17,37.958656311035156
2009-04-20,36.01103210449219
2009-04-21,37.25910568237305
2009-04-22,37.25115966796875
2009-04-23,37.1637077331543
2009-04-24,37.85531234741211
2009-04-27,37.449886322021484
2009-04-28,37.505531311035156
2009-04-29,38.928489685058594
2009-04-30,38.57075500488281
2009-05-01,38.80924606323242
2009-05-04,40.22425842285156
2009-05-05,40.025508880615234
2009-05-06,40.136802673339844
2009-05-07,39.19081115722656
2009-05-08,40.55017852783203
2009-05-11,39.95397186279297
2009-05-12,39.389564514160156
2009-05-13,37.58503723144531
2009-05-14,38.10969543457031
2009-05-15,37.96660614013672
2009-05-18,39.238529205322266
2009-05-19,39.254425048828125
2009-05-20,38.88874053955078
2009-05-21,38.387908935546875
2009-05-22,37.990447998046875
2009-05-26,39.80292510986328
2009-05-27,39.03182601928711
2009-05-28,39.07951736450195
2009-05-29,39.882415771484375
2009-06-01,41.44050979614258
2009-06-02,41.95724105834961
2009-06-03,41.67898178100586
2009-06-04,42.275203704833984
2009-06-05,42.29110336303711
2009-06-08,41.7902946472168
2009-06-09,41.98108673095703
2009-06-10,41.81414794921875
2009-06-11,41.83002853393555
2009-06-12,41.95724105834961
2009-06-15,40.828399658203125
2009-06-16,40.144752502441406
2009-06-17,40.3593864440918
2009-06-18,40.542232513427734
2009-06-19,40.788658142089844
2009-06-22,39.34186553955078
2009-06-23,39.02387619018555
2009-06-24,39.44519805908203
2009-06-25,40.58197021484375
2009-06-26,40.725067138671875
2009-06-29,40.725067138671875
2009-06-30,40.60581588745117
2009-07-01,41.23383331298828
2009-07-02,39.81467056274414
2009-07-06,39.46366882324219
2009-07-07,38.61008834838867
2009-07-08,38.34685516357422
2009-07-09,38.18730163574219
2009-07-10,38.37077331542969
2009-07-13,39.29612731933594
2009-07-14,39.52749252319336
2009-07-15,41.0511360168457
2009-07-16,41.56167984008789
2009-07-17,41.402156829833984
2009-07-20,41.912689208984375
2009-07-21,41.84089279174805
2009-07-22,42.167972564697266
2009-07-23,43.50017547607422
2009-07-24,43.72353744506836
2009-07-27,43.94690704345703
2009-07-28,43.970848083496094
2009-07-29,43.74747848510742
2009-07-30,44.51328659057617
2009-07-31,44.329803466796875
2009-08-03,45.103607177734375
2009-08-04,45.55833053588867
2009-08-05,45.103607177734375
2009-08-06,44.4734001159668
2009-08-07,45.54237365722656
2009-08-10,45.62214279174805
2009-08-11,44.888240814208984
2009-08-12,45.56629943847656
2009-08-13,45.94121551513672
2009-08-14,44.99990463256836
2009-08-17,43.73152160644531
2009-08-18,44.3138542175293
2009-08-19,44.856327056884766
2009-08-20,45.342926025390625
2009-08-21,46.38796615600586
2009-08-24,46.37199401855469
2009-08-25,46.5714225769043
2009-08-26,46.67512893676758
2009-08-27,46.603336334228516
2009-08-28,46.30818176269531
2009-08-31,45.63010787963867
2009-09-01,44.60902404785156
2009-09-02,44.38565444946289
2009-09-03,44.88025665283203
2009-09-04,45.510433197021484
2009-09-08,46.013023376464844
2009-09-09,46.802772521972656
2009-09-10,47.38511276245117
2009-09-11,47.401058197021484
2009-09-14,47.90364456176758
2009-09-15,48.294532775878906
2009-09-16,49.291690826416016
2009-09-17,49.187984466552734
2009-09-18,49.38742446899414
2009-09-21,49.25179672241211
2009-09-22,49.591644287109375
2009-09-23,49.119869232177734
2009-09-24,48.1363639831543
2009-09-25,47.84048843383789
2009-09-28,48.98393249511719
2009-09-29,48.768043518066406
2009-09-30,48.16832733154297
2009-10-01,46.729034423828125
2009-10-02,46.377220153808594
2009-10-05,47.208805084228516
2009-10-06,48.08836364746094
2009-10-07,48.104373931884766
2009-10-08,48.544158935546875
2009-10-09,49.11186981201172
2009-10-12,49.119869232177734
2009-10-13,48.911964416503906
2009-10-14,49.8475227355957
2009-10-15,49.81550598144531
2009-10-16,49.31977462768555
2009-10-19,49.727569580078125
2009-10-20,49.0399055480957
2009-10-21,48.376224517822266
2009-10-22,49.04790496826172
2009-10-23,48.024417877197266
2009-10-26,47.592620849609375
2009-10-27,47.00891876220703
2009-10-28,45.44166564941406
2009-10-29,46.305259704589844
2009-10-30,45.0418815612793
2009-11-02,44.953914642333984
2009-11-03,45.633609771728516
2009-11-04,44.9779052734375
2009-11-05,46.409183502197266
2009-11-06,46.44117736816406
2009-11-09,47.352745056152344
2009-11-10,47.05687713623047
2009-11-11,47.38471221923828
2009-11-12,46.51316452026367
2009-11-13,46.96092987060547
2009-11-16,48.2003173828125
2009-11-17,48.2003173828125
2009-11-18,48.104373931884766
2009-11-19,46.904945373535156
2009-11-20,46.84899139404297
2009-11-23,47.66459274291992
2009-11-24,47.44868087768555
2009-11-25,47.44069290161133
2009-11-27,46.041378021240234
2009-11-30,46.44918441772461
2009-12-01,47.168827056884766
2009-12-02,47.728546142578125
2009-12-03,47.14484405517578
2009-12-04,48.31224822998047
2009-12-07,48.38422393798828
2009-12-08,48.0084228515625
2009-12-09,47.85647964477539
2009-12-10,47.66459274291992
2009-12-11,48.112361907958984
2009-12-14,48.839996337890625
2009-12-15,48.704071044921875
2009-12-16,49.01591491699219
2009-12-17,48.47216796875
2009-12-18,48.91996765136719
2009-12-21,49.5676383972168
2009-12-22,50.03141784667969
2009-12-23,50.67610168457031
2009-12-24,50.86880111694336
2009-12-28,50.788509368896484
2009-12-29,50.76441192626953
2009-12-30,50.73231506347656
2009-12-31,50.130165100097656
2010-01-04,51.36656188964844
2010-01-05,51.18994140625
2010-01-06,51.141761779785156
2010-01-07,51.51909255981445
2010-01-08,51.800106048583984
2010-01-11,51.591365814208984
2010-01-12,51.02937316894531
2010-01-13,51.68770980834961
2010-01-14,51.880374908447266
2010-01-15,51.12571334838867
2010-01-19,52.065040588378906
2010-01-20,51.310367584228516
2010-01-21,50.467369079589844
2010-01-22,49.56014633178711
2010-01-25,49.6163444519043
2010-01-26,49.126609802246094
2010-01-27,49.648460388183594
2010-01-28,48.79744338989258
2010-01-29,48.25951385498047
2010-02-01,48.829559326171875
2010-02-02,49.36746597290039
2010-02-03,49.038299560546875
2010-02-04,47.40047836303711
2010-02-05,47.58513259887695
2010-02-08,47.11144256591797
2010-02-09,47.76176071166992
2010-02-10,47.8741569519043
2010-02-11,48.636863708496094
2010-02-12,48.990116119384766
2010-02-16,49.817047119140625
2010-02-17,50.15425491333008
2010-02-18,50.56370544433594
2010-02-19,50.627933502197266
2010-02-22,50.78047561645508
2010-02-23,50.18638610839844
2010-02-24,50.61186981201172
2010-02-25,50.627933502197266
2010-02-26,50.419189453125
2010-03-01,51.591365814208984
2010-03-02,51.984771728515625
2010-03-03,52.28179931640625
2010-03-04,52.41828918457031
2010-03-05,53.48609924316406
2010-03-08,53.58242416381836
2010-03-09,53.775123596191406
2010-03-10,54.23276138305664
2010-03-11,54.39333724975586
2010-03-12,54.369239807128906
2010-03-15,54.1845817565918
2010-03-16,54.650230407714844
2010-03-17,54.97138977050781
2010-03-18,54.80277633666992
2010-03-19,54.12036895751953
2010-03-22,54.8830680847168
2010-03-23,55.581546783447266
2010-03-24,54.94731903076172
2010-03-25,54.60124588012695
2010-03-26,54.577091217041016
2010-03-29,54.874874114990234
2010-03-30,55.04389572143555
2010-03-31,54.56903839111328
2010-04-01,55.07609558105469
2010-04-05,56.10630416870117
2010-04-06,56.43628692626953
2010-04-07,56.25922775268555
2010-04-08,56.202877044677734
2010-04-09,56.54092788696289
2010-04-12,56.774349212646484
2010-04-13,56.90311813354492
2010-04-14,58.11845397949219
2010-04-15,58.29549789428711
2010-04-16,57.514793395996094
2010-04-19,57.23310852050781
2010-04-20,58.0138053894043
2010-04-21,58.41621398925781
2010-04-22,59.03597640991211
2010-04-23,59.663753509521484
2010-04-26,59.43840026855469
2010-04-27,58.078189849853516
2010-04-28,58.17477035522461
2010-04-29,59.40623092651367
2010-04-30,57.66773986816406
2010-05-03,58.96353530883789
2010-05-04,57.11236572265625
2010-05-05,56.275306701660156
2010-05-06,54.166622161865234
2010-05-07,52.60519790649414
2010-05-10,55.55899429321289
2010-05-11,55.929237365722656
2010-05-12,57.64358139038086
2010-05-13,57.08823776245117
2010-05-14,55.985572814941406
2010-05-17,56.0902214050293
2010-05-18,55.0117073059082
2010-05-19,54.35977554321289
2010-05-20,51.60718536376953
2010-05-21,52.37179183959961
2010-05-24,51.67156219482422
2010-05-25,51.66352081298828
2010-05-26,51.792301177978516
2010-05-27,54.01370620727539
2010-05-28,53.32151794433594
2010-06-01,51.70375442504883
2010-06-02,53.17662811279297
2010-06-03,53.86075210571289
2010-06-04,51.156463623046875
2010-06-07,49.83649826049805
2010-06-08,49.81236267089844
2010-06-09,49.84455108642578
2010-06-10,51.56694030761719
2010-06-11,52.26715850830078
2010-06-14,52.59713363647461
2010-06-15,53.91709899902344
2010-06-16,53.66761016845703
2010-06-17,53.731990814208984
2010-06-18,53.76420593261719
2010-06-21,53.20881652832031
2010-06-22,52.11425018310547
2010-06-23,51.96936798095703
2010-06-24,51.1403694152832
2010-06-25,52.017635345458984
2010-06-28,51.71986770629883
2010-06-29,49.764076232910156
2010-06-30,49.1926383972168
2010-07-01,48.83849334716797
2010-07-02,48.30473327636719
2010-07-06,47.67487716674805
2010-07-07,49.33833312988281
2010-07-08,50.0489387512207
2010-07-09,50.82413864135742
2010-07-12,50.25079345703125
2010-07-13,51.84158706665039
2010-07-14,51.65585708618164
2010-07-15,51.17943572998047
2010-07-16,49.314109802246094
2010-07-19,49.524051666259766
2010-07-20,50.35578155517578
2010-07-21,49.451385498046875
2010-07-22,51.21171951293945
2010-07-23,52.471439361572266
2010-07-26,53.666534423828125
2010-07-27,53.47271728515625
2010-07-28,52.60872268676758
2010-07-29,52.471439361572266
2010-07-30,52.50373458862305
2010-08-02,53.41622543334961
2010-08-03,52.98823165893555
2010-08-04,53.5454216003418
2010-08-05,52.91556167602539
2010-08-06,52.60064697265625
2010-08-09,53.18205261230469
2010-08-10,52.18073272705078
2010-08-11,50.129695892333984
2010-08-12,49.87935256958008
2010-08-13,49.314109802246094
2010-08-16,49.70978927612305
2010-08-17,50.56573486328125
2010-08-18,50.719154357910156
2010-08-19,49.33024978637695
2010-08-20,49.37871170043945
2010-08-23,48.70847702026367
2010-08-24,48.15129852294922
2010-08-25,48.8780632019043
2010-08-26,48.514686584472656
2010-08-27,49.78246307373047
2010-08-30,48.692325592041016
2010-08-31,48.595428466796875
2010-09-01,50.47691345214844
2010-09-02,51.0340690612793
2010-09-03,51.94654846191406
2010-09-07,50.96139144897461
2010-09-08,51.26017761230469
2010-09-09,51.292503356933594
2010-09-10,51.45398712158203
2010-09-13,52.70562744140625
2010-09-14,52.4794921875
2010-09-15,52.77828598022461
2010-09-16,52.43912124633789
2010-09-17,52.65715026855469
2010-09-20,54.118736267089844
2010-09-21,53.803810119628906
2010-09-22,53.16588592529297
2010-09-23,52.52230453491211
2010-09-24,54.23042297363281
2010-09-27,54.092811584472656
2010-09-28,54.6270866394043
2010-09-29,54.780906677246094
2010-09-30,54.64326477050781
2010-10-01,54.93470001220703
2010-10-04,54.18995666503906
2010-10-05,55.728050231933594
2010-10-06,55.541866302490234
2010-10-07,55.379974365234375
2010-10-08,56.084232330322266
2010-10-11,56.1328239440918
2010-10-12,56.278507232666016
2010-10-13,57.136634826660156
2010-10-14,57.09614944458008
2010-10-15,56.90186309814453
2010-10-18,57.379486083984375
2010-10-19,56.26233673095703
2010-10-20,56.83710479736328
2010-10-21,56.561859130859375
2010-10-22,56.92617416381836
2010-10-25,57.26615905761719
2010-10-26,57.225677490234375
2010-10-27,57.0799560546875
2010-10-28,56.73185348510742
2010-10-29,56.90995788574219
2010-11-01,56.521366119384766
2010-11-02,57.69520950317383
2010-11-03,57.9218864440918
2010-11-04,59.38711929321289
2010-11-05,59.719051361083984
2010-11-08,59.67045593261719
2010-11-09,58.87714385986328
2010-11-10,59.532840728759766
2010-11-11,59.298072814941406
2010-11-12,58.310489654541016
2010-11-15,58.318538665771484
2010-11-16,57.18518829345703
2010-11-17,57.33900833129883
2010-11-18,58.45619201660156
2010-11-19,58.65044021606445
2010-11-22,58.93379592895508
2010-11-23,58.375221252441406
2010-11-24,59.686649322509766
2010-11-26,59.27379608154297
2010-11-29,59.362831115722656
2010-11-30,58.893306732177734
2010-12-01,60.21283721923828
2010-12-02,60.819969177246094
2010-12-03,61.25712585449219
2010-12-06,61.637630462646484
2010-12-07,61.993804931640625
2010-12-08,61.95332717895508
2010-12-09,62.16382598876953
2010-12-10,62.94095230102539
2010-12-13,62.61713790893555
2010-12-14,62.58480453491211
2010-12-15,62.390480041503906
2010-12-16,62.96522903442383
2010-12-17,63.159523010253906
2010-12-20,63.410491943359375
2010-12-21,64.11477661132812
2010-12-22,64.09606170654297
2010-12-23,64.0147476196289
2010-12-27,64.2099380493164
2010-12-28,64.03103637695312
2010-12-29,64.16924285888672
2010-12-30,64.04727935791016
2010-12-31,63.62441635131836
2011-01-03,64.73037719726562
2011-01-04,63.77080535888672
2011-01-05,64.51892852783203
2011-01-06,64.21808624267578
2011-01-07,63.85215377807617
2011-01-10,64.21808624267578
2011-01-11,64.47827911376953
2011-01-12,65.03125762939453
2011-01-13,65.00686645507812
2011-01-14,65.49479675292969
2011-01-18,65.54357147216797
2011-01-19,63.8602409362793
2011-01-20,63.193424224853516
2011-01-21,62.77056884765625
2011-01-24,63.234092712402344
2011-01-25,63.331661224365234
2011-01-26,64.34003448486328
2011-01-27,64.52708435058594
2011-01-28,62.94948959350586
2011-01-31,63.388607025146484
2011-02-01,64.85237884521484
2011-02-02,64.60836791992188
2011-02-03,64.83607482910156
2011-02-04,64.94994354248047
2011-02-07,65.59234619140625
2011-02-08,66.05590057373047
2011-02-09,65.76313018798828
2011-02-10,66.02334594726562
2011-02-11,66.73896026611328
2011-02-14,67.08049774169922
2011-02-15,66.69828796386719
2011-02-16,67.23504638671875
2011-02-17,67.70667266845703
2011-02-18,67.77983856201172
2011-02-22,66.03959655761719
2011-02-23,64.90111541748047
2011-02-24,65.31587219238281
2011-02-25,66.82843780517578
2011-02-28,66.90161895751953
2011-03-01,65.55984497070312
2011-03-02,65.8363037109375
2011-03-03,67.33261108398438
2011-03-04,67.03984069824219
2011-03-07,65.9420394897461
2011-03-08,67.01546478271484
2011-03-09,66.7470932006836
2011-03-10,65.03125762939453
2011-03-11,65.20203399658203
2011-03-14,64.85237884521484
2011-03-15,64.2750015258789
2011-03-16,63.632572174072266
2011-03-17,63.77080535888672
2011-03-18,64.61648559570312
2011-03-21,66.1128158569336
2011-03-22,65.76313018798828
2011-03-23,65.9664077758789
2011-03-24,66.4219741821289
2011-03-25,67.00051879882812
2011-03-28,66.8538589477539
2011-03-29,67.48131561279297
2011-03-30,68.3532485961914
2011-03-31,68.58956909179688
2011-04-01,68.89108276367188
2011-04-04,69.04591369628906
2011-04-05,69.42076873779297
2011-04-06,69.57557678222656
2011-04-07,69.15998840332031
2011-04-08,68.43473815917969
2011-04-11,67.8235855102539
2011-04-12,66.93535614013672
2011-04-13,67.02497863769531
2011-04-14,67.33460998535156
2011-04-15,68.05172729492188
2011-04-18,66.92720794677734
2011-04-19,66.94351196289062
2011-04-20,68.31249237060547
2011-04-21,68.8177261352539
2011-04-25,68.72811126708984
2011-04-26,69.41263580322266
2011-04-27,69.82820129394531
2011-04-28,70.14601135253906
2011-04-29,70.39863586425781
2011-05-02,69.57557678222656
2011-05-03,68.69548797607422
2011-05-04,67.80728149414062
2011-05-05,67.49761199951172
2011-05-06,67.8561782836914
2011-05-09,68.64662170410156
2011-05-10,69.69783782958984
2011-05-11,68.41029357910156
2011-05-12,69.01331329345703
2011-05-13,68.05172729492188
2011-05-16,67.05758666992188
2011-05-17,66.84568786621094
2011-05-18,67.87246704101562
2011-05-19,68.01914978027344
2011-05-20,67.52206420898438
2011-05-23,66.30786895751953
2011-05-24,65.9900894165039
2011-05-25,66.82122802734375
2011-05-26,67.70132446289062
2011-05-27,68.16580963134766
2011-05-31,69.13555908203125
2011-06-01,66.9108657836914
2011-06-02,66.8864517211914
2011-06-03,65.9085693359375
2011-06-06,64.82475280761719
2011-06-07,64.97960662841797
2011-06-08,64.25434875488281
2011-06-09,64.59658813476562
2011-06-10,63.56168746948242
2011-06-13,63.382408142089844
2011-06-14,64.74327087402344
2011-06-15,63.586116790771484
2011-06-16,63.732818603515625
2011-06-17,63.74910354614258
2011-06-20,64.33580017089844
2011-06-21,65.72930145263672
2011-06-22,65.22407531738281
2011-06-23,65.4766616821289
2011-06-24,65.14257049560547
2011-06-27,65.64778900146484
2011-06-28,66.66641235351562
2011-06-29,66.9842300415039
2011-06-30,67.47319030761719
2011-07-01,68.52434539794922
2011-07-05,68.68949890136719
2011-07-06,68.96736907958984
2011-07-07,70.00542449951172
2011-07-08,69.58038330078125
2011-07-11,68.10099792480469
2011-07-12,67.71683502197266
2011-07-13,68.32168579101562
2011-07-14,67.23462677001953
2011-07-15,67.68415069580078
2011-07-18,66.59709167480469
2011-07-19,68.10099792480469
2011-07-20,67.98655700683594
2011-07-21,68.60773468017578
2011-07-22,68.6976318359375
2011-07-25,67.88848114013672
2011-07-26,67.37355041503906
2011-07-27,65.36290740966797
2011-07-28,65.25666809082031
2011-07-29,65.1749267578125
2011-08-01,64.74990844726562
2011-08-02,62.73105239868164
2011-08-03,63.14791488647461
2011-08-04,59.339115142822266
2011-08-05,58.301055908203125
2011-08-08,53.22535705566406
2011-08-09,56.77265548706055
2011-08-10,53.99365997314453
2011-08-11,56.6909065246582
2011-08-12,57.04233169555664
2011-08-15,58.652523040771484
2011-08-16,57.57361602783203
2011-08-17,57.58995819091797
2011-08-18,54.31242370605469
2011-08-19,53.35614013671875
2011-08-22,53.16816711425781
2011-08-23,55.73460388183594
2011-08-24,56.56011962890625
2011-08-25,55.170631408691406
2011-08-26,56.486568450927734
2011-08-29,59.159263610839844
2011-08-30,59.50254821777344
2011-08-31,59.37996292114258
2011-09-01,58.104888916015625
2011-09-02,55.955284118652344
2011-09-06,55.79998779296875
2011-09-07,57.90871810913086
2011-09-08,56.846187591552734
2011-09-09,55.170631408691406
2011-09-12,55.64469909667969
2011-09-13,56.54376983642578
2011-09-14,57.55727767944336
2011-09-15,58.366477966308594
2011-09-16,58.45634841918945
2011-09-19,57.4101448059082
2011-09-20,56.51925277709961
2011-09-21,54.42685317993164
2011-09-22,52.90658187866211
2011-09-23,53.448150634765625
2011-09-26,54.457366943359375
2011-09-27,55.630706787109375
2011-09-28,53.49736785888672
2011-09-29,54.424556732177734
2011-09-30,52.7589111328125
2011-10-03,50.04301834106445
2011-10-04,53.16094970703125
2011-10-05,53.89120864868164
2011-10-06,55.089149475097656
2011-10-07,53.74351501464844
2011-10-10,56.09838104248047
2011-10-11,56.48402786254883
2011-10-12,57.288124084472656
2011-10-13,57.23890686035156
2011-10-14,58.3712043762207
2011-10-17,56.59888458251953
2011-10-18,58.100425720214844
2011-10-19,56.96813201904297
2011-10-20,57.12403106689453
2011-10-21,58.362998962402344
2011-10-24,60.24196243286133
2011-10-25,58.55169677734375
2011-10-26,59.56095504760742
2011-10-27,62.70351791381836
2011-10-28,62.38347625732422
2011-10-31,60.72608947753906
2011-11-01,58.57633590698242
2011-11-02,60.02042770385742
2011-11-03,61.513755798339844
2011-11-04,61.21016311645508
2011-11-07,61.087100982666016
2011-11-08,61.981441497802734
2011-11-09,59.027626037597656
2011-11-10,59.462493896484375
2011-11-11,61.029659271240234
2011-11-14,60.151729583740234
2011-11-15,60.914817810058594
2011-11-16,59.930179595947266
2011-11-17,59.07685470581055
2011-11-18,59.060447692871094
2011-11-21,57.64915084838867
2011-11-22,57.1650505065918
2011-11-23,55.36812973022461
2011-11-25,54.66249465942383
2011-11-28,57.26350021362305
2011-11-29,57.15686798095703
2011-11-30,60.49633026123047
2011-12-01,60.06147003173828
2011-12-02,60.3076057434082
2011-12-05,61.34144592285156
2011-12-06,61.39889907836914
2011-12-07,61.275821685791016
2011-12-08,59.37221908569336
2011-12-09,61.160926818847656
2011-12-12,60.282997131347656
2011-12-13,59.027626037597656
2011-12-14,58.28915023803711
2011-12-15,58.83071517944336
2011-12-16,59.290199279785156
2011-12-19,58.26451873779297
2011-12-20,60.602996826171875
2011-12-21,60.84914779663086
2011-12-22,61.236637115478516
2011-12-23,61.46752166748047
2011-12-27,61.648948669433594
2011-12-28,60.52757263183594
2011-12-29,61.137760162353516
2011-12-30,60.807899475097656
2012-01-03,61.813819885253906
2012-01-04,61.475772857666016
2012-01-05,61.82207489013672
2012-01-06,61.66542434692383
2012-01-09,61.978736877441406
2012-01-10,62.88572311401367
2012-01-11,63.1330680847168
2012-01-12,63.32271194458008
2012-01-13,62.98465347290039
2012-01-17,62.95991897583008
2012-01-18,64.08124542236328
2012-01-19,64.47704315185547
2012-01-20,64.51821899414062
2012-01-23,64.4357681274414
2012-01-24,64.80680847167969
2012-01-25,65.35922241210938
2012-01-26,65.28504180908203
2012-01-27,65.73027801513672
2012-01-30,65.21906280517578
2012-01-31,65.1530990600586
2012-02-01,66.5548095703125
2012-02-02,66.93403625488281
2012-02-03,68.3934555053711
2012-02-06,68.17085266113281
2012-02-07,68.1296157836914
2012-02-08,68.27803039550781
2012-02-09,67.93995666503906
2012-02-10,67.00828552246094
2012-02-13,67.87400817871094
2012-02-14,67.56893157958984
2012-02-15,67.00828552246094
2012-02-16,68.2697982788086
2012-02-17,68.26151275634766
2012-02-21,67.79981994628906
2012-02-22,67.26386260986328
2012-02-23,68.2697982788086
2012-02-24,68.13787841796875
2012-02-27,68.02241516113281
2012-02-28,67.84102630615234
2012-02-29,66.82688903808594
2012-03-01,67.17317199707031
2012-03-02,66.16727447509766
2012-03-05,66.24147033691406
2012-03-06,64.9222412109375
2012-03-07,65.53240966796875
2012-03-08,66.3816146850586
2012-03-09,67.28038787841797
2012-03-12,67.14844512939453
2012-03-13,68.48416900634766
2012-03-14,67.92346954345703
2012-03-15,68.492431640625
2012-03-16,68.4346923828125
2012-03-19,69.01183319091797
2012-03-20,68.3934555053711
2012-03-21,68.37694549560547
2012-03-22,67.71733856201172
2012-03-23,68.37982940673828
2012-03-26,69.80233764648438
2012-03-27,69.31436920166016
2012-03-28,68.90914916992188
2012-03-29,68.71063232421875
2012-03-30,68.4873275756836
2012-04-02,69.3309326171875
2012-04-03,68.86776733398438
2012-04-04,67.767822265625
2012-04-05,67.47006225585938
2012-04-09,66.36184692382812
2012-04-10,64.7987289428711
2012-04-11,65.71675109863281
2012-04-12,66.65953826904297
2012-04-13,65.78291320800781
2012-04-16,65.89041900634766
2012-04-17,66.8415298461914
2012-04-18,66.33699798583984
2012-04-19,65.95655822753906
2012-04-20,66.33699798583984
2012-04-23,65.41899108886719
2012-04-24,65.91522979736328
2012-04-25,66.9407730102539
2012-04-26,67.60240173339844
2012-04-27,68.1316909790039
2012-04-30,67.37908935546875
2012-05-01,67.44525909423828
2012-05-02,67.62718963623047
2012-05-03,66.67610931396484
2012-05-04,65.41071319580078
2012-05-07,65.58438873291016
2012-05-08,65.54306030273438
2012-05-09,65.17090606689453
2012-05-10,65.41899108886719
2012-05-11,65.25359344482422
2012-05-14,64.38520050048828
2012-05-15,64.26942443847656
2012-05-16,63.80628967285156
2012-05-17,62.35895538330078
2012-05-18,61.77174758911133
2012-05-21,63.22733688354492
2012-05-22,62.8469123840332
2012-05-23,63.25218200683594
2012-05-24,63.38450241088867
2012-05-25,63.34312057495117
2012-05-29,64.26112365722656
2012-05-30,63.028865814208984
2012-05-31,62.94614791870117
2012-06-01,61.05222702026367
2012-06-04,60.911617279052734
2012-06-05,61.697330474853516
2012-06-06,63.21906280517578
2012-06-07,62.8055534362793
2012-06-08,63.657379150390625
2012-06-11,62.25144958496094
2012-06-12,63.03712463378906
2012-06-13,62.30931854248047
2012-06-14,63.020599365234375
2012-06-15,63.86418533325195
2012-06-18,63.9386100769043
2012-06-19,65.04682159423828
2012-06-20,64.94757843017578
2012-06-21,63.367942810058594
2012-06-22,64.08746337890625
2012-06-25,63.08674621582031
2012-06-26,63.33359146118164
2012-06-27,64.3642349243164
2012-06-28,64.25617980957031
2012-06-29,66.12623596191406
2012-07-02,66.89095306396484
2012-07-03,67.76366424560547
2012-07-05,67.68880462646484
2012-07-06,66.93247985839844
2012-07-09,66.67479705810547
2012-07-10,65.93508911132812
2012-07-11,65.71066284179688
2012-07-12,65.48627471923828
2012-07-13,66.30078887939453
2012-07-16,66.03484344482422
2012-07-17,66.26756286621094
2012-07-18,66.67479705810547
2012-07-19,66.45040893554688
2012-07-20,65.60260772705078
2012-07-23,64.5553970336914
2012-07-24,63.707645416259766
2012-07-25,63.848941802978516
2012-07-26,64.39749145507812
2012-07-27,65.92676544189453
2012-07-30,65.70237731933594
2012-07-31,65.12056732177734
2012-08-01,64.04837799072266
2012-08-02,63.81565856933594
2012-08-03,65.336669921875
2012-08-06,65.84363555908203
2012-08-07,66.4421157836914
2012-08-08,66.34236145019531
2012-08-09,66.65817260742188
2012-08-10,66.42547607421875
2012-08-13,66.31741333007812
2012-08-14,66.15950775146484
2012-08-15,66.74130249023438
2012-08-16,67.43948364257812
2012-08-17,67.91322326660156
2012-08-20,67.76366424560547
2012-08-21,67.72208404541016
2012-08-22,67.39793395996094
2012-08-23,66.9241714477539
2012-08-24,67.10699462890625
2012-08-27,67.30648803710938
2012-08-28,67.61398315429688
2012-08-29,67.82180786132812
2012-08-30,67.1485595703125
2012-08-31,67.4228515625
2012-09-04,68.24571990966797
2012-09-05,68.2623291015625
2012-09-06,69.5173568725586
2012-09-07,70.03266906738281
2012-09-10,69.71682739257812
2012-09-11,69.8664321899414
2012-09-12,70.22383880615234
2012-09-13,71.14635467529297
2012-09-14,71.81134033203125
2012-09-17,71.47887420654297
2012-09-18,71.24614715576172
2012-09-19,71.12147521972656
2012-09-20,70.80564880371094
2012-09-21,71.06329345703125
2012-09-24,70.83135223388672
2012-09-25,69.81336212158203
2012-09-26,69.37116241455078
2012-09-27,70.12210083007812
2012-09-28,69.6214828491211
2012-10-01,69.85511779785156
2012-10-02,69.98859405517578
2012-10-03,69.78833770751953
2012-10-04,70.2639389038086
2012-10-05,70.18051147460938
2012-10-08,69.73829650878906
2012-10-09,68.92059326171875
2012-10-10,68.81211853027344
2012-10-11,69.0624008178711
2012-10-12,68.50341033935547
2012-10-15,68.95391845703125
2012-10-16,69.46293640136719
2012-10-17,70.08871459960938
2012-10-18,69.70491027832031
2012-10-19,68.2947769165039
2012-10-22,68.27810668945312
2012-10-23,67.93599700927734
2012-10-24,67.75241088867188
2012-10-25,68.0278091430664
2012-10-26,67.70237731933594
2012-10-31,68.11121368408203
2012-11-01,68.82878875732422
2012-11-02,67.74406433105469
2012-11-05,68.19465637207031
2012-11-06,68.70362854003906
2012-11-07,67.03485107421875
2012-11-08,66.09199523925781
2012-11-09,66.23384094238281
2012-11-12,66.04194641113281
2012-11-13,65.66642761230469
2012-11-14,64.4482421875
2012-11-15,64.11448669433594
2012-11-16,64.6485366821289
2012-11-19,66.01690673828125
2012-11-20,66.13368225097656
2012-11-21,66.48416137695312
2012-11-23,67.14335632324219
2012-11-26,67.36026763916016
2012-11-27,67.27684020996094
2012-11-28,67.84420776367188
2012-11-29,68.62018585205078
2012-11-30,68.4867172241211
2012-12-03,68.4115982055664
2012-12-04,68.4950180053711
2012-12-05,68.4115982055664
2012-12-06,68.52008056640625
2012-12-07,68.57012176513672
2012-12-10,68.87051391601562
2012-12-11,69.5964126586914
2012-12-12,69.20426940917969
2012-12-13,68.76205444335938
2012-12-14,68.72032928466797
2012-12-17,69.68821716308594
2012-12-18,70.639404296875
2012-12-19,70.79679870605469
2012-12-20,71.15027618408203
2012-12-21,70.8557357788086
2012-12-24,70.51065063476562
2012-12-26,70.00568389892578
2012-12-27,69.95518493652344
2012-12-28,69.45861053466797
2012-12-31,70.9651107788086
2013-01-02,73.0523452758789
2013-01-03,72.88401794433594
2013-01-04,73.42266845703125
2013-01-07,73.14492797851562
2013-01-08,73.09441375732422
2013-01-09,73.44789123535156
2013-01-10,73.6162338256836
2013-01-11,73.50682067871094
2013-01-14,73.54887390136719
2013-01-15,73.86869049072266
2013-01-16,73.6498794555664
2013-01-17,74.33160400390625
2013-01-18,74.54200744628906
2013-01-22,75.08062744140625
2013-01-23,74.90390014648438
2013-01-24,75.1479721069336
2013-01-25,75.69503784179688
2013-01-28,75.74552917480469
2013-01-29,75.78758239746094
2013-01-30,74.87862396240234
2013-01-31,75.39202880859375
2013-02-01,76.05693054199219
2013-02-04,75.13954162597656
2013-02-05,75.8128433227539
2013-02-06,76.13265991210938
2013-02-07,75.88017272949219
2013-02-08,76.41881561279297
2013-02-11,76.33464050292969
2013-02-12,76.67130279541016
2013-02-13,76.99110412597656
2013-02-14,77.1846923828125
2013-02-15,77.20992279052734
2013-02-19,77.89164733886719
2013-02-20,76.44406127929688
2013-02-21,75.70342254638672
2013-02-22,76.61238861083984
2013-02-25,74.92073822021484
2013-02-26,75.21529388427734
2013-02-27,76.00639343261719
2013-02-28,76.14949035644531
2013-03-01,76.49456024169922
2013-03-04,76.69654083251953
2013-03-05,77.58867645263672
2013-03-06,77.79060363769531
2013-03-07,78.16095733642578
2013-03-08,78.8847427368164
2013-03-11,78.85948181152344
2013-03-12,78.69959259033203
2013-03-13,78.994140625
2013-03-14,79.78527069091797
2013-03-15,79.7431869506836
2013-03-18,79.3055419921875
2013-03-19,78.96891784667969
2013-03-20,79.70112609863281
2013-03-21,79.00255584716797
2013-03-22,79.24663543701172
2013-03-25,79.29218292236328
2013-03-26,79.54539489746094
2013-03-27,79.59606170654297
2013-03-28,79.69730377197266
2013-04-01,78.62545776367188
2013-04-02,78.13594055175781
2013-04-03,76.91217803955078
2013-04-04,77.57048034667969
2013-04-05,77.4185562133789
2013-04-08,78.06001281738281
2013-04-09,77.83210754394531
2013-04-10,79.24154663085938
2013-04-11,79.35128784179688
2013-04-12,79.03056335449219
2013-04-15,76.05132293701172
2013-04-16,77.3679428100586
2013-04-17,76.0259780883789
2013-04-18,75.60400390625
2013-04-19,76.47331237792969
2013-04-22,76.69274139404297
2013-04-23,77.90808868408203
2013-04-24,78.31317901611328
2013-04-25,78.82801818847656
2013-04-26,78.40602111816406
2013-04-29,78.97149658203125
2013-04-30,79.41881561279297
2013-05-01,77.49449157714844
2013-05-02,78.72674560546875
2013-05-03,79.975830078125
2013-05-06,80.49063110351562
2013-05-07,81.14897155761719
2013-05-08,81.3852767944336
2013-05-09,81.10678100585938
2013-05-10,81.72286224365234
2013-05-13,81.663818359375
2013-05-14,82.7103500366211
2013-05-15,82.87914276123047
2013-05-16,82.66812133789062
2013-05-17,83.59650421142578
2013-05-20,83.73158264160156
2013-05-21,83.74845886230469
2013-05-22,82.52467346191406
2013-05-23,82.62596893310547
2013-05-24,82.60906219482422
2013-05-28,83.68091583251953
2013-05-29,82.90446472167969
2013-05-30,83.46148681640625
2013-05-31,82.54154968261719
2013-06-03,83.32648468017578
2013-06-04,82.4402847290039
2013-06-05,81.3852767944336
2013-06-06,82.24613952636719
2013-06-07,82.87914276123047
2013-06-10,83.385498046875
2013-06-11,82.48250579833984
2013-06-12,81.663818359375
2013-06-13,83.10700988769531
2013-06-14,82.46558380126953
2013-06-17,83.00575256347656
2013-06-18,83.98474884033203
2013-06-19,82.95508575439453
2013-06-20,80.7607421875
2013-06-21,80.9970474243164
2013-06-24,79.93366241455078
2013-06-25,80.70169067382812
2013-06-26,81.08142852783203
2013-06-27,82.3389663696289
2013-06-28,81.8663558959961
2013-07-01,83.19985961914062
2013-07-02,83.1405258178711
2013-07-03,83.31005096435547
2013-07-05,84.48829650878906
2013-07-08,84.82740783691406
2013-07-09,85.61575317382812
2013-07-10,85.85308837890625
2013-07-11,86.86183166503906
2013-07-12,87.03983306884766
2013-07-15,87.80274963378906
2013-07-16,87.3619384765625
2013-07-17,87.70104217529297
2013-07-18,88.28592681884766
2013-07-19,88.42153930664062
2013-07-22,88.60806274414062
2013-07-23,88.5487060546875
2013-07-24,87.81121826171875
2013-07-25,88.61651611328125
2013-07-26,88.260498046875
2013-07-29,87.64168548583984
2013-07-30,87.71798706054688
2013-07-31,87.87059020996094
2013-08-01,89.0657958984375
2013-08-02,89.1421127319336
2013-08-05,89.44725036621094
2013-08-06,88.5487060546875
2013-08-07,87.92142486572266
2013-08-08,88.28592681884766
2013-08-09,88.19271087646484
2013-08-12,88.6589126586914
2013-08-13,88.5402603149414
2013-08-14,88.19271087646484
2013-08-15,86.55668640136719
2013-08-16,86.192138671875
2013-08-19,85.31904602050781
2013-08-20,86.54818725585938
2013-08-21,86.02262115478516
2013-08-22,87.23481750488281
2013-08-23,87.4552001953125
2013-08-26,87.46369934082031
2013-08-27,85.41229248046875
2013-08-28,85.58182525634766
2013-08-29,86.43797302246094
2013-08-30,85.0901870727539
2013-09-03,85.66659545898438
2013-09-04,86.4210433959961
2013-09-05,86.55668640136719
2013-09-06,86.79402160644531
2013-09-09,88.1079330444336
2013-09-10,88.97257232666016
2013-09-11,89.01494598388672
2013-09-12,88.36222076416016
2013-09-13,88.84540557861328
2013-09-16,89.04039764404297
2013-09-17,89.92195129394531
2013-09-18,90.77811431884766
2013-09-19,90.68490600585938
2013-09-20,90.3542709350586
2013-09-23,90.36272430419922
2013-09-24,90.66278839111328
2013-09-25,90.4928207397461
2013-09-26,90.99424743652344
2013-09-27,90.5862808227539
2013-09-30,90.61178588867188
2013-10-01,91.66571044921875
2013-10-02,91.29174041748047
2013-10-03,90.35679626464844
2013-10-04,90.96024322509766
2013-10-07,89.8978500366211
2013-10-08,88.4444351196289
2013-10-09,88.08747100830078
2013-10-10,90.21232604980469
2013-10-11,91.52120208740234
2013-10-14,91.98017883300781
2013-10-15,91.07923889160156
2013-10-16,92.20965576171875
2013-10-17,93.01709747314453
2013-10-18,94.07951354980469
2013-10-21,93.89252471923828
2013-10-22,94.13902282714844
2013-10-23,93.82454681396484
2013-10-24,94.32601165771484
2013-10-25,94.4110107421875
2013-10-28,94.36849975585938
2013-10-29,94.6404800415039
2013-10-30,93.34857940673828
2013-10-31,92.80464172363281
2013-11-01,92.4051513671875
2013-11-04,93.4675521850586
2013-11-05,93.14460754394531
2013-11-06,92.74512481689453
2013-11-07,91.18122863769531
2013-11-08,92.838623046875
2013-11-11,92.96611022949219
2013-11-12,93.0426254272461
2013-11-13,93.93502044677734
2013-11-14,93.84154510498047
2013-11-15,94.19852447509766
2013-11-18,93.53557586669922
2013-11-19,92.9576416015625
2013-11-20,92.92362213134766
2013-11-21,94.59798431396484
2013-11-22,95.06542205810547
2013-11-25,95.1844711303711
2013-11-26,95.88990783691406
2013-11-27,96.42533111572266
2013-11-29,96.47636413574219
2013-12-02,95.50743103027344
2013-12-03,95.0484390258789
2013-12-04,94.79348754882812
2013-12-05,94.8614730834961
2013-12-06,95.60090637207031
2013-12-09,95.575439453125
2013-12-10,94.7084732055664
2013-12-11,93.153076171875
2013-12-12,93.3570785522461
2013-12-13,93.66304779052734
2013-12-16,94.77649688720703
2013-12-17,94.6404800415039
2013-12-18,95.94091796875
2013-12-19,95.22694396972656
2013-12-20,96.83332061767578
2013-12-23,97.93138885498047
2013-12-24,98.30681610107422
2013-12-26,98.31536102294922
2013-12-27,98.25562286376953
2013-12-30,98.19588470458984
2013-12-31,98.4262466430664
2014-01-02,97.35973358154297
2014-01-03,97.85462188720703
2014-01-06,97.0611343383789
2014-01-07,97.87165069580078
2014-01-08,97.99964904785156
2014-01-09,98.02528381347656
2014-01-10,98.56278228759766
2014-01-13,97.21471405029297
2014-01-14,98.40918731689453
2014-01-15,99.14295196533203
2014-01-16,99.26238250732422
2014-01-17,98.91259765625
2014-01-21,99.50131225585938
2014-01-22,100.00469970703125
2014-01-23,99.33065032958984
2014-01-24,96.7966079711914
2014-01-27,95.38032531738281
2014-01-28,96.3870620727539
2014-01-29,94.99637603759766
2014-01-30,96.41268157958984
2014-01-31,95.69599151611328
2014-02-03,92.70121765136719
2014-02-04,93.40087127685547
2014-02-05,92.70121765136719
2014-02-06,93.43498229980469
2014-02-07,94.49297332763672
2014-02-10,94.74039459228516
2014-02-11,95.58506774902344
2014-02-12,95.96047973632812
2014-02-13,97.18055725097656
2014-02-14,97.31707000732422
2014-02-18,98.33240509033203
2014-02-19,97.32561492919922
2014-02-20,98.3750991821289
2014-02-21,98.6822280883789
2014-02-24,99.4074478149414
2014-02-25,99.50984191894531
2014-02-26,100.1241683959961
2014-02-27,100.67019653320312
2014-02-28,100.26917266845703
2014-03-03,99.7316665649414
2014-03-04,102.2401123046875
2014-03-05,102.18035125732422
2014-03-06,102.16331481933594
2014-03-07,102.1291732788086
2014-03-10,101.78791046142578
2014-03-11,100.72994232177734
2014-03-12,101.03706359863281
2014-03-13,99.86819458007812
2014-03-14,100.28623962402344
2014-03-17,100.72994232177734
2014-03-18,102.19745635986328
2014-03-19,101.53193664550781
2014-03-20,101.66850280761719
2014-03-21,101.19920349121094
2014-03-24,100.04737091064453
2014-03-25,100.02339172363281
2014-03-26,98.10729217529297
2014-03-27,97.85921478271484
2014-03-28,97.7651138305664
2014-03-31,99.5186996459961
2014-04-01,100.82747650146484
2014-04-02,101.2808837890625
2014-04-03,100.25438690185547
2014-04-04,97.93618774414062
2014-04-07,96.5076675415039
2014-04-08,97.18341827392578
2014-04-09,98.58631896972656
2014-04-10,95.77200317382812
2014-04-11,94.44612121582031
2014-04-14,94.71131134033203
2014-04-15,95.07910919189453
2014-04-16,96.11418914794922
2014-04-17,96.59317779541016
2014-04-21,97.04655456542969
2014-04-22,98.04740905761719
2014-04-23,97.43148803710938
2014-04-24,97.18341827392578
2014-04-25,95.47261810302734
2014-04-28,94.91659545898438
2014-04-29,95.15611267089844
2014-04-30,95.78911590576172
2014-05-01,95.75489044189453
2014-05-02,95.83187103271484
2014-05-05,95.7121353149414
2014-05-06,94.15526580810547
2014-05-07,94.21514892578125
2014-05-08,93.26566314697266
2014-05-09,94.12105560302734
2014-05-12,96.25959014892578
2014-05-13,95.31861114501953
2014-05-14,93.77033233642578
2014-05-15,93.13734436035156
2014-05-16,93.72756958007812
2014-05-19,94.7369613647461
2014-05-20,93.29130554199219
2014-05-21,93.77033233642578
2014-05-22,94.74552154541016
2014-05-23,95.78058624267578
2014-05-27,97.15776062011719
2014-05-28,96.653076171875
2014-05-29,96.97816467285156
2014-05-30,96.54186248779297
2014-06-02,96.02010345458984
2014-06-03,95.78911590576172
2014-06-04,96.16549682617188
2014-06-05,98.18424987792969
2014-06-06,99.1252212524414
2014-06-09,99.99775695800781
2014-06-10,99.801025390625
2014-06-11,99.31342315673828
2014-06-12,98.70603942871094
2014-06-13,98.87713623046875
2014-06-16,99.3562240600586
2014-06-17,100.05760955810547
2014-06-18,100.73338317871094
2014-06-19,100.8189468383789
2014-06-20,101.15251922607422
2014-06-23,100.9557876586914
2014-06-24,99.87799072265625
2014-06-25,100.72482299804688
2014-06-26,100.55377960205078
2014-06-27,101.22953033447266
2014-06-30,101.631591796875
2014-07-01,102.6666259765625
2014-07-02,102.2707748413086
2014-07-03,102.88906860351562
2014-07-07,101.12870025634766
2014-07-08,99.90074920654297
2014-07-09,100.02958679199219
2014-07-10,98.96479797363281
2014-07-11,98.83598327636719
2014-07-14,99.34262084960938
2014-07-15,98.36367797851562
2014-07-16,98.0975112915039
2014-07-17,96.58619689941406
2014-07-18,98.08892059326172
2014-07-21,97.69389343261719
2014-07-22,98.5182876586914
2014-07-23,98.63846588134766
2014-07-24,98.44098663330078
2014-07-25,97.54793548583984
2014-07-28,97.05846405029297
2014-07-29,97.32463836669922
2014-07-30,97.71109008789062
2014-07-31,95.478515625
2014-08-01,95.04055786132812
2014-08-04,95.88206481933594
2014-08-05,95.64163208007812
2014-08-06,95.94218444824219
2014-08-07,95.478515625
2014-08-08,96.40587615966797
2014-08-11,97.32463836669922
2014-08-12,96.65489959716797
2014-08-13,97.41053009033203
2014-08-14,97.55651092529297
2014-08-15,97.36760711669922
2014-08-18,98.78447723388672
2014-08-19,99.1279296875
2014-08-20,98.70716857910156
2014-08-21,98.92186737060547
2014-08-22,98.93045043945312
2014-08-25,99.39413452148438
2014-08-26,100.2957992553711
2014-08-27,100.0467529296875
2014-08-28,99.53153228759766
2014-08-29,100.08967590332031
2014-09-02,100.63926696777344
2014-09-03,100.00384521484375
2014-09-04,99.61740112304688
2014-09-05,99.93514251708984
2014-09-08,100.08967590332031
2014-09-09,98.90470886230469
2014-09-10,99.4886245727539
2014-09-11,100.13264465332031
2014-09-12,99.06782531738281
2014-09-15,97.98587036132812
2014-09-16,98.2606430053711
2014-09-17,98.5182876586914
2014-09-18,99.11936950683594
2014-09-19,97.86564636230469
2014-09-22,96.49174499511719
2014-09-23,95.59011840820312
2014-09-24,96.45547485351562
2014-09-25,94.82807922363281
2014-09-26,95.68052673339844
2014-09-29,95.60301208496094
2014-09-30,94.15648651123047
2014-10-01,92.82182312011719
2014-10-02,93.7087173461914
2014-10-03,94.4147720336914
2014-10-06,93.60538482666016
2014-10-07,92.0640869140625
2014-10-08,93.82926177978516
2014-10-09,91.29773712158203
2014-10-10,90.18697357177734
2014-10-13,89.82535552978516
2014-10-14,90.87582397460938
2014-10-15,91.78854370117188
2014-10-16,92.82182312011719
2014-10-17,92.54625701904297
2014-10-20,93.63118743896484
2014-10-21,95.17250061035156
2014-10-22,93.81201934814453
2014-10-23,95.47389221191406
2014-10-24,95.63746643066406
2014-10-27,95.58580780029297
2014-10-28,98.30675506591797
2014-10-29,98.0742416381836
2014-10-30,98.90948486328125
2014-10-31,100.36467742919922
2014-11-03,100.19244384765625
2014-11-04,99.72747039794922
2014-11-05,99.90829467773438
2014-11-06,100.33882904052734
2014-11-07,100.49382781982422
2014-11-10,100.99323272705078
2014-11-11,101.0621109008789
2014-11-12,101.51847839355469
2014-11-13,100.65744018554688
2014-11-14,100.47661590576172
2014-11-17,99.6413803100586
2014-11-18,100.21829223632812
2014-11-19,99.15058135986328
2014-11-20,100.26133728027344
2014-11-21,100.38189697265625
2014-11-24,101.57876586914062
2014-11-25,101.65625762939453
2014-11-26,101.99205780029297
2014-11-28,100.47661590576172
2014-12-01,98.90948486328125
2014-12-02,100.09774780273438
2014-12-03,101.0621109008789
2014-12-04,100.57994079589844
2014-12-05,101.33765411376953
2014-12-08,100.0719223022461
2014-12-09,101.7509765625
2014-12-10,99.5897445678711
2014-12-11,99.98580169677734
2014-12-12,98.77169799804688
2014-12-15,97.77291107177734
2014-12-16,97.6351089477539
2014-12-17,100.64881896972656
2014-12-18,102.1470718383789
2014-12-19,102.37952423095703
2014-12-22,103.0770034790039
2014-12-23,103.20616149902344
2014-12-24,103.5042953491211
2014-12-26,104.17843627929688
2014-12-29,104.61921691894531
2014-12-30,104.005615234375
2014-12-31,103.38333129882812
2015-01-02,102.78697204589844
2015-01-05,101.41280364990234
2015-01-06,99.6583480834961
2015-01-07,100.88560485839844
2015-01-08,102.59685516357422
2015-01-09,101.61161041259766
2015-01-12,101.27452850341797
2015-01-13,101.35230255126953
2015-01-14,100.94612121582031
2015-01-15,99.2435073852539
2015-01-16,100.85968017578125
2015-01-20,100.4361801147461
2015-01-21,100.11640167236328
2015-01-22,102.15605926513672
2015-01-23,102.0869369506836
2015-01-26,103.07218170166016
2015-01-27,102.57957458496094
2015-01-28,100.85102081298828
2015-01-29,102.24250030517578
2015-01-30,99.99540710449219
2015-02-02,100.91154479980469
2015-02-03,102.71785736083984
2015-02-04,102.33753967285156
2015-02-05,103.65989685058594
2015-02-06,103.54753112792969
2015-02-09,102.72648620605469
2015-02-10,103.38333129882812
2015-02-11,103.23641204833984
2015-02-12,104.41179656982422
2015-02-13,105.0340805053711
2015-02-17,105.36251831054688
2015-02-18,105.474853515625
2015-02-19,105.48346710205078
2015-02-20,105.76868438720703
2015-02-23,105.87240600585938
2015-02-24,106.01066589355469
2015-02-25,106.1316909790039
2015-02-26,106.52059173583984
2015-02-27,105.94154357910156
2015-03-02,106.7107162475586
2015-03-03,106.07982635498047
2015-03-04,105.75141143798828
2015-03-05,106.06256103515625
2015-03-06,104.72291564941406
2015-03-09,105.18097686767578
2015-03-10,103.97103118896484
2015-03-11,104.610595703125
2015-03-12,106.34777069091797
2015-03-13,105.96746826171875
2015-03-16,106.5897445678711
2015-03-17,106.87496185302734
2015-03-18,107.73058319091797
2015-03-19,107.93799591064453
2015-03-20,108.88870239257812
2015-03-23,108.79360961914062
2015-03-24,108.76773071289062
2015-03-25,106.16958618164062
2015-03-26,106.03955841064453
2015-03-27,106.71571350097656
2015-03-30,108.1634521484375
2015-03-31,107.81668853759766
2015-04-01,107.86003112792969
2015-04-02,108.05944061279297
2015-04-06,108.53622436523438
2015-04-07,107.84272766113281
2015-04-08,108.77029418945312
2015-04-09,108.38018798828125
2015-04-10,108.90030670166016
2015-04-13,108.96966552734375
2015-04-14,108.94366455078125
2015-04-15,109.70655822753906
2015-04-16,109.64585876464844
2015-04-17,107.86870574951172
2015-04-20,108.92630767822266
2015-04-21,108.81362915039062
2015-04-22,108.97834014892578
2015-04-23,109.47250366210938
2015-04-24,109.10839080810547
2015-04-27,107.90340423583984
2015-04-28,108.5015640258789
2015-04-29,107.32257080078125
2015-04-30,105.05126953125
2015-05-01,105.73612213134766
2015-05-04,106.11758422851562
2015-05-05,104.76518249511719
2015-05-06,105.12931060791016
2015-05-07,105.52806854248047
2015-05-08,106.31695556640625
2015-05-11,106.37763977050781
2015-05-12,106.1869125366211
2015-05-13,106.1869125366211
2015-05-14,107.31390380859375
2015-05-15,107.19252014160156
2015-05-18,108.40617370605469
2015-05-19,108.25881958007812
2015-05-20,108.45821380615234
2015-05-21,108.33683776855469
2015-05-22,107.86870574951172
2015-05-26,106.83712005615234
2015-05-27,108.14613342285156
2015-05-28,108.0507583618164
2015-05-29,107.40058135986328
2015-06-01,107.73867797851562
2015-06-02,107.94673919677734
2015-06-03,109.0217056274414
2015-06-04,107.92938995361328
2015-06-05,108.70963287353516
2015-06-08,108.20681762695312
2015-06-09,107.87737274169922
2015-06-10,109.22106170654297
2015-06-11,109.49849700927734
2015-06-12,109.16905212402344
2015-06-15,108.82231903076172
2015-06-16,109.59385681152344
2015-06-17,109.42913055419922
2015-06-18,110.89420318603516
2015-06-19,110.84221649169922
2015-06-22,111.60506439208984
2015-06-23,111.8391342163086
2015-06-24,110.89420318603516
2015-06-25,110.83354187011719
2015-06-26,110.53009033203125
2015-06-29,107.73867797851562
2015-06-30,108.2414779663086
2015-07-01,108.56221008300781
2015-07-02,107.76043701171875
2015-07-06,107.7256088256836
2015-07-07,107.84749603271484
2015-07-08,106.20210266113281
2015-07-09,106.58515167236328
2015-07-10,108.06511688232422
2015-07-13,109.283935546875
2015-07-14,109.89335632324219
2015-07-15,109.31006622314453
2015-07-16,109.9630126953125
2015-07-17,109.48419189453125
2015-07-20,108.89220428466797
2015-07-21,108.37852478027344
2015-07-22,108.77900695800781
2015-07-23,107.57759094238281
2015-07-24,105.84516143798828
2015-07-27,104.96588897705078
2015-07-28,105.86256408691406
2015-07-29,106.15856170654297
2015-07-30,106.46326446533203
2015-07-31,107.04658508300781
2015-08-03,106.51551055908203
2015-08-04,106.26300811767578
2015-08-05,106.5068130493164
2015-08-06,105.07035064697266
2015-08-07,104.36519622802734
2015-08-10,105.5665512084961
2015-08-11,104.66117095947266
2015-08-12,104.4609375
2015-08-13,104.11270904541016
2015-08-14,104.7830581665039
2015-08-17,105.88868713378906
2015-08-18,105.04423522949219
2015-08-19,103.95602416992188
2015-08-20,101.32685089111328
2015-08-21,100.14285278320312
2015-08-24,96.23395538330078
2015-08-25,95.49394226074219
2015-08-26,97.9228744506836
2015-08-27,99.6727523803711
2015-08-28,100.656494140625
2015-08-31,100.29086303710938
2015-09-01,97.41793823242188
2015-09-02,99.16780853271484
2015-09-03,99.01111602783203
2015-09-04,98.26239776611328
2015-09-08,100.50849914550781
2015-09-09,99.35066223144531
2015-09-10,99.80333709716797
2015-09-11,100.27346801757812
2015-09-14,99.81201934814453
2015-09-15,100.93505859375
2015-09-16,101.80565643310547
2015-09-17,102.15386962890625
2015-09-18,100.74356079101562
2015-09-21,100.56073760986328
2015-09-22,99.03722381591797
2015-09-23,98.74120330810547
2015-09-24,98.57581329345703
2015-09-25,97.27841186523438
2015-09-28,94.55439758300781
2015-09-29,93.8821029663086
2015-09-30,95.34017181396484
2015-10-01,95.17428588867188
2015-10-02,96.58866882324219
2015-10-05,98.89363098144531
2015-10-06,98.21263122558594
2015-10-07,99.95003509521484
2015-10-08,100.84930419921875
2015-10-09,101.05010986328125
2015-10-12,100.90168762207031
2015-10-13,99.52222442626953
2015-10-14,98.54437255859375
2015-10-15,100.90168762207031
2015-10-16,100.77072143554688
2015-10-19,100.96281433105469
2015-10-20,100.8231201171875
2015-10-21,99.28650665283203
2015-10-22,100.1595687866211
2015-10-23,101.14612579345703
2015-10-26,100.45645141601562
2015-10-27,99.3563461303711
2015-10-28,102.25496673583984
2015-10-29,101.16362762451172
2015-10-30,100.70087432861328
2015-11-02,102.7962875366211
2015-11-03,103.3288803100586
2015-11-04,103.27648162841797
2015-11-05,103.35503387451172
2015-11-06,104.08842468261719
2015-11-09,102.86613464355469
2015-11-10,103.17167663574219
2015-11-11,102.2724380493164
2015-11-12,100.31674194335938
2015-11-13,99.59207153320312
2015-11-16,100.44769287109375
2015-11-17,100.06353759765625
2015-11-18,101.75730895996094
2015-11-19,101.32949829101562
2015-11-20,101.98432159423828
2015-11-23,102.49068450927734
2015-11-24,103.24151611328125
2015-11-25,104.04479217529297
2015-11-27,104.43768310546875
2015-11-30,103.98365783691406
2015-12-01,104.67340850830078
2015-12-02,103.54712677001953
2015-12-03,101.80095672607422
2015-12-04,102.8311767578125
2015-12-07,101.28582000732422
2015-12-08,100.72705841064453
2015-12-09,99.6008071899414
2015-12-10,99.93255615234375
2015-12-11,97.70622253417969
2015-12-14,97.00775909423828
2015-12-15,98.40467071533203
2015-12-16,99.9063949584961
2015-12-17,98.84123992919922
2015-12-18,97.3307876586914
2015-12-21,98.06417846679688
2015-12-22,98.96343994140625
2015-12-23,100.21194458007812
2015-12-24,100.4013900756836
2015-12-28,99.9366226196289
2015-12-29,101.01519012451172
2015-12-30,99.9980239868164
2015-12-31,98.75286102294922
2016-01-04,96.46424865722656
2016-01-05,96.67469024658203
2016-01-06,95.20154571533203
2016-01-07,92.65861511230469
2016-01-08,91.06271362304688
2016-01-11,90.66813659667969
2016-01-12,90.9399642944336
2016-01-13,88.0199966430664
2016-01-14,89.23883056640625
2016-01-15,87.7920150756836
2016-01-19,86.60822296142578
2016-01-20,86.9677505493164
2016-01-21,86.76606750488281
2016-01-22,88.88809204101562
2016-01-25,86.91514587402344
2016-01-26,88.65131378173828
2016-01-27,87.4324951171875
2016-01-28,87.41495513916016
2016-01-29,90.28228759765625
2016-02-01,89.87017059326172
2016-02-02,87.93228149414062
2016-02-03,88.04629516601562
2016-02-04,88.38826751708984
2016-02-05,85.9681167602539
2016-02-08,84.55635833740234
2016-02-09,83.9864273071289
2016-02-10,84.0302505493164
2016-02-11,83.11831665039062
2016-02-12,84.69666290283203
2016-02-16,86.70467376708984
2016-02-17,88.0638198852539
2016-02-18,87.64291381835938
2016-02-19,88.08136749267578
2016-02-22,89.06346893310547
2016-02-23,88.24797821044922
2016-02-24,89.09854888916016
2016-02-25,89.91404724121094
2016-02-26,90.48397064208984
2016-02-29,90.08065032958984
2016-03-01,92.01850891113281
2016-03-02,92.96552276611328
2016-03-03,93.9388656616211
2016-03-04,94.4561996459961
2016-03-07,95.48214721679688
2016-03-08,93.17597198486328
2016-03-09,93.64949798583984
2016-03-10,92.88662719726562
2016-03-11,94.87706756591797
2016-03-14,94.63157653808594
2016-03-15,93.1584243774414
2016-03-16,93.81610107421875
2016-03-17,95.25414276123047
2016-03-18,96.11349487304688
2016-03-21,95.88550567626953
2016-03-22,95.77149200439453
2016-03-23,94.00106048583984
2016-03-24,94.28250122070312
2016-03-28,94.39685821533203
2016-03-29,97.01773834228516
2016-03-30,97.02655029296875
2016-03-31,97.29917907714844
2016-04-01,97.73015594482422
2016-04-04,96.9122314453125
2016-04-05,95.8128662109375
2016-04-06,96.89464569091797
2016-04-07,95.58418273925781
2016-04-08,95.96236419677734
2016-04-11,95.66331481933594
2016-04-12,96.69234466552734
2016-04-13,98.7767562866211
2016-04-14,98.65361785888672
2016-04-15,98.89988708496094
2016-04-18,99.6474609375
2016-04-19,99.72660064697266
2016-04-20,99.87613677978516
2016-04-21,99.37480163574219
2016-04-22,100.35985565185547
2016-04-25,99.6474609375
2016-04-26,100.62369537353516
2016-04-27,100.97550201416016
2016-04-28,99.8233642578125
2016-04-29,98.92627716064453
2016-05-02,99.8057632446289
2016-05-03,98.16987609863281
2016-05-04,97.36073303222656
2016-05-05,96.9737548828125
2016-05-06,97.54542541503906
2016-05-09,97.82688903808594
2016-05-10,98.81195068359375
2016-05-11,97.58943176269531
2016-05-12,97.07054901123047
2016-05-13,96.4284896850586
2016-05-16,97.65098571777344
2016-05-17,96.10306549072266
2016-05-18,96.60438537597656
2016-05-19,95.83043670654297
2016-05-20,97.43990325927734
2016-05-23,97.3255844116211
2016-05-24,99.3308334350586
2016-05-25,99.91130828857422
2016-05-26,99.79698944091797
2016-05-27,100.79080963134766
2016-05-31,101.14262390136719
2016-06-01,101.82862854003906
2016-06-02,102.61139678955078
2016-06-03,101.99574279785156
2016-06-06,103.0951156616211
2016-06-07,103.3941650390625
2016-06-08,104.15929412841797
2016-06-09,103.49088287353516
2016-06-10,102.08368682861328
2016-06-13,100.97550201416016
2016-06-14,100.68529510498047
2016-06-15,100.755615234375
2016-06-16,100.74683380126953
2016-06-17,100.31590270996094
2016-06-20,101.40647888183594
2016-06-21,101.21298217773438
2016-06-22,100.81719970703125
2016-06-23,102.74331665039062
2016-06-24,98.83829498291016
2016-06-27,95.59296417236328
2016-06-28,97.07054901123047
2016-06-29,99.27808380126953
2016-06-30,101.12504577636719
2016-07-01,101.485595703125
2016-07-05,99.9905014038086
2016-07-06,100.71649932861328
2016-07-07,100.92876434326172
2016-07-08,103.28105926513672
2016-07-11,104.47491455078125
2016-07-12,105.87215423583984
2016-07-13,105.45655059814453
2016-07-14,105.5626220703125
2016-07-15,105.85445404052734
2016-07-18,106.03133392333984
2016-07-19,105.500732421875
2016-07-20,106.19053649902344
2016-07-21,105.68643188476562
2016-07-22,106.4735107421875
2016-07-25,106.31432342529297
2016-07-26,106.82723236083984
2016-07-27,107.12789154052734
2016-07-28,106.85377502441406
2016-07-29,107.06599426269531
2016-08-01,107.15443420410156
2016-08-02,105.65991973876953
2016-08-03,106.51769256591797
2016-08-04,106.6150131225586
2016-08-05,108.15373229980469
2016-08-08,108.10066986083984
2016-08-09,108.21565246582031
2016-08-10,107.43741607666016
2016-08-11,107.95032501220703
2016-08-12,108.05646514892578
2016-08-15,109.12650299072266
2016-08-16,108.24215698242188
2016-08-17,107.92379760742188
2016-08-18,108.71973419189453
2016-08-19,108.71973419189453
2016-08-22,108.96730041503906
2016-08-23,109.72783660888672
2016-08-24,108.83467102050781
2016-08-25,109.04690551757812
2016-08-26,108.82583618164062
2016-08-29,109.39176940917969
2016-08-30,109.59518432617188
2016-08-31,108.9761734008789
2016-09-01,109.05574035644531
2016-09-02,110.10809326171875
2016-09-06,110.21421813964844
2016-09-07,110.90401458740234
2016-09-08,110.68292236328125
2016-09-09,107.22516632080078
2016-09-12,108.71973419189453
2016-09-13,106.63270568847656
2016-09-14,106.65036010742188
2016-09-15,107.92379760742188
2016-09-16,107.7646255493164
2016-09-19,108.48092651367188
2016-09-20,108.02108764648438
2016-09-21,109.58634948730469
2016-09-22,111.16046905517578
2016-09-23,110.37338256835938
2016-09-26,109.27735137939453
2016-09-27,109.7207260131836
2016-09-28,110.56318664550781
2016-09-29,108.94923400878906
2016-09-30,110.14639282226562
2016-10-03,109.800537109375
2016-10-04,109.25960540771484
2016-10-05,109.91583251953125
2016-10-06,109.800537109375
2016-10-07,108.92264556884766
2016-10-10,110.22620391845703
2016-10-11,108.21321868896484
2016-10-12,108.12455749511719
2016-10-13,107.22888946533203
2016-10-14,106.79440307617188
2016-10-17,106.67021942138672
2016-10-18,107.28211212158203
2016-10-19,107.73435974121094
2016-10-20,107.41513061523438
2016-10-21,107.3619155883789
2016-10-24,108.04473876953125
2016-10-25,107.23775482177734
2016-10-26,106.17362976074219
2016-10-27,104.95877075195312
2016-10-28,104.66615295410156
2016-10-31,105.08287811279297
2016-11-01,103.79707336425781
2016-11-02,102.47577667236328
2016-11-03,101.97920227050781
2016-11-04,102.6353759765625
2016-11-07,105.14496612548828
2016-11-08,105.41987609863281
2016-11-09,108.66546630859375
2016-11-10,110.40355682373047
2016-11-11,112.93973541259766
2016-11-14,114.52704620361328
2016-11-15,114.88178253173828
2016-11-16,114.87291717529297
2016-11-17,115.54682159423828
2016-11-18,116.15872955322266
2016-11-21,116.6996841430664
2016-11-22,117.76380920410156
2016-11-23,118.49986267089844
2016-11-25,118.89002227783203
2016-11-28,117.34701538085938
2016-11-29,117.28492736816406
2016-11-30,116.70852661132812
2016-12-01,116.1409912109375
2016-12-02,116.07891845703125
2016-12-05,118.07418060302734
2016-12-06,119.35107421875
2016-12-07,120.51275634765625
2016-12-08,122.41048431396484
2016-12-09,122.64990234375
2016-12-12,121.35526275634766
2016-12-13,121.36407470703125
2016-12-14,119.84772491455078
2016-12-15,120.74337768554688
2016-12-16,120.52168273925781
2016-12-19,121.31089782714844
2016-12-20,122.3395767211914
2016-12-21,121.54143524169922
2016-12-22,120.49343872070312
2016-12-23,121.134521484375
2016-12-27,121.6777114868164
2016-12-28,120.43108367919922
2016-12-29,120.5379867553711
2016-12-30,120.07494354248047
2017-01-03,120.6715316772461
2017-01-04,122.68386840820312
2017-01-05,121.26809692382812
2017-01-06,120.8228530883789
2017-01-09,120.03043365478516
2017-01-10,121.17906951904297
2017-01-11,121.39276123046875
2017-01-12,120.45781707763672
2017-01-13,121.3304214477539
2017-01-17,119.68312072753906
2017-01-18,120.07494354248047
2017-01-19,119.09544372558594
2017-01-20,119.7098388671875
2017-01-23,119.2112045288086
2017-01-24,121.03657531738281
2017-01-25,122.17636108398438
2017-01-26,121.68658447265625
2017-01-27,121.26809692382812
2017-01-30,119.57625579833984
2017-01-31,120.41329956054688
2017-02-01,120.34205627441406
2017-02-02,120.03931427001953
2017-02-03,121.87358093261719
2017-02-06,120.95646667480469
2017-02-07,120.42217254638672
2017-02-08,120.20848846435547
2017-02-09,121.90029907226562
2017-02-10,122.82637023925781
2017-02-13,123.14693450927734
2017-02-14,123.55650329589844
2017-02-15,124.29553985595703
2017-02-16,123.94831848144531
2017-02-17,123.86817169189453
2017-02-21,124.83873748779297
2017-02-22,124.28668212890625
2017-02-23,123.54764556884766
2017-02-24,123.45854949951172
2017-02-27,124.66068267822266
2017-02-28,122.73734283447266
2017-03-01,124.98123168945312
2017-03-02,123.54764556884766
2017-03-03,123.45854949951172
2017-03-06,122.6126480102539
2017-03-07,121.81127166748047
2017-03-08,121.00983428955078
2017-03-09,120.52904510498047
2017-03-10,121.06331634521484
2017-03-13,121.34822082519531
2017-03-14,120.76950073242188
2017-03-15,122.63935852050781
2017-03-16,122.79969024658203
2017-03-17,123.28939056396484
2017-03-20,122.755126953125
2017-03-21,119.29135131835938
2017-03-22,119.31804656982422
2017-03-23,120.0125732421875
2017-03-24,120.0992202758789
2017-03-27,120.32245635986328
2017-03-28,121.26008605957031
2017-03-29,121.65303802490234
2017-03-30,122.57279968261719
2017-03-31,122.76927947998047
2017-04-03,121.47441101074219
2017-04-04,121.33154296875
2017-04-05,119.95632934570312
2017-04-06,121.07255554199219
2017-04-07,121.01899719238281
2017-04-10,121.28691864013672
2017-04-11,122.25131225585938
2017-04-12,120.59031677246094
2017-04-13,119.41161346435547
2017-04-17,120.81360626220703
2017-04-18,120.84040832519531
2017-04-19,121.26008605957031
2017-04-20,122.80498504638672
2017-04-21,122.52816009521484
2017-04-24,124.05516815185547
2017-04-25,125.26075744628906
2017-04-26,125.9036636352539
2017-04-27,125.86797332763672
2017-04-28,124.18026733398438
2017-05-01,124.89457702636719
2017-05-02,124.26056671142578
2017-05-03,123.4925537109375
2017-05-04,123.32293701171875
2017-05-05,124.1176986694336
2017-05-08,123.59973907470703
2017-05-09,123.54618072509766
2017-05-10,124.31416320800781
2017-05-11,123.44793701171875
2017-05-12,122.7960205078125
2017-05-15,123.75157165527344
2017-05-16,123.79622650146484
2017-05-17,120.4563980102539
2017-05-18,120.89397430419922
2017-05-19,121.47441101074219
2017-05-22,122.29595947265625
2017-05-23,122.69783020019531
2017-05-24,122.77818298339844
2017-05-25,122.85855102539062
2017-05-26,122.82283020019531
2017-05-30,121.85842895507812
2017-05-31,121.7333984375
2017-06-01,124.08200073242188
2017-06-02,124.88566589355469
2017-06-05,124.10873413085938
2017-06-06,123.99269104003906
2017-06-07,124.10873413085938
2017-06-08,125.80550384521484
2017-06-09,126.45729064941406
2017-06-12,126.251953125
2017-06-13,126.89492797851562
2017-06-14,126.144775390625
2017-06-15,125.50182342529297
2017-06-16,125.18928527832031
2017-06-19,126.11800384521484
2017-06-20,124.84105682373047
2017-06-21,124.5284423828125
2017-06-22,125.00175476074219
2017-06-23,125.83224487304688
2017-06-26,125.98405456542969
2017-06-27,124.87675476074219
2017-06-28,126.78778076171875
2017-06-29,126.03762817382812
2017-06-30,125.84112548828125
2017-07-03,126.89492797851562
2017-07-05,126.43949127197266
2017-07-06,124.78837585449219
2017-07-07,125.9991226196289
2017-07-10,125.45204162597656
2017-07-11,125.81975555419922
2017-07-12,126.78837585449219
2017-07-13,126.89596557617188
2017-07-14,127.11125946044922
2017-07-17,127.40723419189453
2017-07-18,127.07536315917969
2017-07-19,128.3399200439453
2017-07-20,128.42962646484375
2017-07-21,127.84663391113281
2017-07-24,128.02601623535156
2017-07-25,129.19192504882812
2017-07-26,128.47450256347656
2017-07-27,127.65830993652344
2017-07-28,127.31749725341797
2017-07-31,126.91395568847656
2017-08-01,127.15609741210938
2017-08-02,125.76590728759766
2017-08-03,125.1381607055664
2017-08-04,125.74800872802734
2017-08-07,125.95429229736328
2017-08-08,125.55968475341797
2017-08-09,124.47447967529297
2017-08-10,122.21440887451172
2017-08-11,122.39376831054688
2017-08-14,124.2502670288086
2017-08-15,123.22785949707031
2017-08-16,123.26370239257812
2017-08-17,121.01260375976562
2017-08-18,121.00362396240234
2017-08-21,120.92292022705078
2017-08-22,122.23233032226562
2017-08-23,122.03500366210938
2017-08-24,122.41170501708984
2017-08-25,122.76150512695312
2017-08-28,123.28165435791016
2017-08-29,123.30854034423828
2017-08-30,124.09777069091797
2017-08-31,125.3174819946289
2017-09-01,126.02604675292969
2017-09-05,124.81526184082031
2017-09-06,125.07536315917969
2017-09-07,124.76145935058594
2017-09-08,124.8601303100586
2017-09-11,126.1695327758789
2017-09-12,126.94082641601562
2017-09-13,127.31749725341797
2017-09-14,127.200927734375
2017-09-15,127.7210922241211
2017-09-18,128.59100341796875
2017-09-19,128.59100341796875
2017-09-20,129.0036163330078
2017-09-21,128.86907958984375
2017-09-22,129.41610717773438
2017-09-25,129.59556579589844
2017-09-26,130.00816345214844
2017-09-27,132.55242919921875
2017-09-28,132.90304565429688
2017-09-29,133.2176971435547
2017-10-02,134.85389709472656
2017-10-03,135.15061950683594
2017-10-04,134.71908569335938
2017-10-05,135.08766174316406
2017-10-06,134.89891052246094
2017-10-09,134.34146118164062
2017-10-10,134.7281036376953
2017-10-11,134.629150390625
2017-10-12,134.5302734375
2017-10-13,134.28753662109375
2017-10-16,134.17071533203125
2017-10-17,133.78411865234375
2017-10-18,134.42237854003906
2017-10-19,134.21563720703125
2017-10-20,134.83595275878906
2017-10-23,133.8290252685547
2017-10-24,134.10777282714844
2017-10-25,133.46043395996094
2017-10-26,133.7390899658203
2017-10-27,134.6651153564453
2017-10-30,133.24462890625
2017-10-31,134.18862915039062
2017-11-01,133.29861450195312
2017-11-02,133.69419860839844
2017-11-03,133.6042938232422
2017-11-06,133.75711059570312
2017-11-07,132.15684509277344
2017-11-08,132.33660888671875
2017-11-09,131.86915588378906
2017-11-10,131.77024841308594
2017-11-13,131.80621337890625
2017-11-14,131.44659423828125
2017-11-15,130.92518615722656
2017-11-16,132.84913635253906
2017-11-17,133.46043395996094
2017-11-20,134.431396484375
2017-11-21,135.83387756347656
2017-11-22,135.65408325195312
2017-11-24,135.70797729492188
2017-11-27,135.2944793701172
2017-11-28,137.42514038085938
2017-11-29,137.88363647460938
2017-11-30,138.1353759765625
2017-12-01,137.56898498535156
2017-12-04,137.0565185546875
2017-12-05,135.68997192382812
2017-12-06,135.0517120361328
2017-12-07,135.9956817626953
2017-12-08,136.12155151367188
2017-12-11,136.0675811767578
2017-12-12,135.6450653076172
2017-12-13,136.4542236328125
2017-12-14,134.94378662109375
2017-12-15,136.8677520751953
2017-12-18,138.71974182128906
2017-12-19,137.62289428710938
2017-12-20,137.89260864257812
2017-12-21,138.496337890625
2017-12-22,138.24366760253906
2017-12-26,138.3249053955078
2017-12-27,138.18951416015625
2017-12-28,138.73098754882812
2017-12-29,137.58486938476562
2018-01-02,138.88442993164062
2018-01-03,139.02879333496094
2018-01-04,139.39878845214844
2018-01-05,139.6875762939453
2018-01-08,139.9041290283203
2018-01-09,139.71463012695312
2018-01-10,139.73268127441406
2018-01-11,142.13314819335938
2018-01-12,142.72877502441406
2018-01-16,140.90586853027344
2018-01-17,142.24143981933594
2018-01-18,141.26681518554688
2018-01-19,143.12582397460938
2018-01-22,143.8928985595703
2018-01-23,144.3531494140625
2018-01-24,143.45970153808594
2018-01-25,143.51390075683594
2018-01-26,144.02825927734375
2018-01-29,143.21604919433594
2018-01-30,141.84437561035156
2018-01-31,141.10443115234375
2018-02-01,141.54661560058594
2018-02-02,138.8212432861328
2018-02-05,133.4878387451172
2018-02-06,135.085205078125
2018-02-07,135.2205352783203
2018-02-08,131.24984741210938
2018-02-09,132.45005798339844
2018-02-12,133.70443725585938
2018-02-13,133.9932403564453
2018-02-14,136.40267944335938
2018-02-15,137.89175415039062
2018-02-16,138.37901306152344
2018-02-20,137.24197387695312
2018-02-21,137.38632202148438
2018-02-22,137.16981506347656
2018-02-23,138.95655822753906
2018-02-26,139.8680877685547
2018-02-27,137.85560607910156
2018-02-28,135.6807098388672
2018-03-01,135.31980895996094
2018-03-02,137.4856414794922
2018-03-05,138.7129364013672
2018-03-06,140.21096801757812
2018-03-07,141.4473114013672
2018-03-08,141.15850830078125
2018-03-09,143.4146270751953
2018-03-12,143.6672821044922
2018-03-13,142.99949645996094
2018-03-14,142.32266235351562
2018-03-15,141.60975646972656
2018-03-16,142.4038543701172
2018-03-19,141.0321807861328
2018-03-20,140.99612426757812
2018-03-21,141.81727600097656
2018-03-22,138.70761108398438
2018-03-23,135.72268676757812
2018-03-26,138.68951416015625
2018-03-27,136.0030517578125
2018-03-28,135.95785522460938
2018-03-29,137.33274841308594
2018-04-02,133.98602294921875
2018-04-03,135.90359497070312
2018-04-04,137.6312255859375
2018-04-05,138.77088928222656
2018-04-06,136.0030517578125
2018-04-09,136.1658935546875
2018-04-10,138.73472595214844
2018-04-11,139.03321838378906
2018-04-12,139.9829559326172
2018-04-13,139.25030517578125
2018-04-16,140.5347137451172
2018-04-17,142.0633087158203
2018-04-18,142.44325256347656
2018-04-19,141.4573516845703
2018-04-20,140.69752502441406
2018-04-23,140.48947143554688
2018-04-24,139.6844482421875
2018-04-25,139.4763946533203
2018-04-26,140.11865234375
2018-04-27,139.9196319580078
2018-04-30,138.68045043945312
2018-05-01,139.35885620117188
2018-05-02,139.88343811035156
2018-05-03,139.1236572265625
2018-05-04,140.86033630371094
2018-05-07,142.0542755126953
2018-05-08,142.75979614257812
2018-05-09,143.5286407470703
2018-05-10,144.2974853515625
2018-05-11,144.57789611816406
2018-05-14,144.02613830566406
2018-05-15,144.05331420898438
2018-05-16,145.55477905273438
2018-05-17,146.22409057617188
2018-05-18,146.41403198242188
2018-05-21,147.3819122314453
2018-05-22,146.3145751953125
2018-05-23,146.50453186035156
2018-05-24,146.55882263183594
2018-05-25,146.2964324951172
2018-05-29,146.0974884033203
2018-05-30,148.4130401611328
2018-05-31,147.22811889648438
2018-06-01,148.19598388671875
2018-06-04,148.98287963867188
2018-06-05,149.90553283691406
2018-06-06,150.99093627929688
2018-06-07,150.16778564453125
2018-06-08,150.6201171875
2018-06-11,150.84622192382812
2018-06-12,151.53359985351562
2018-06-13,150.9366455078125
2018-06-14,151.74163818359375
2018-06-15,151.7869110107422
2018-06-18,152.5015106201172
2018-06-19,152.51051330566406
2018-06-20,153.7406768798828
2018-06-21,152.30252075195312
2018-06-22,151.79595947265625
2018-06-25,149.31753540039062
2018-06-26,150.18594360351562
2018-06-27,147.7798614501953
2018-06-28,148.23216247558594
2018-06-29,148.1326446533203
2018-07-02,149.15478515625
2018-07-03,149.7493438720703
2018-07-05,151.45596313476562
2018-07-06,152.73599243164062
2018-07-09,153.69821166992188
2018-07-10,152.9992218017578
2018-07-11,151.70108032226562
2018-07-12,152.43643188476562
2018-07-13,151.98252868652344
2018-07-16,151.39247131347656
2018-07-17,152.06417846679688
2018-07-18,152.49085998535156
2018-07-19,153.57118225097656
2018-07-20,152.94476318359375
2018-07-23,153.1354217529297
2018-07-24,151.50135803222656
2018-07-25,152.05511474609375
2018-07-26,152.87216186523438
2018-07-27,150.02171325683594
2018-07-30,149.0594482421875
2018-07-31,150.57542419433594
2018-08-01,150.4755859375
2018-08-02,151.57400512695312
2018-08-03,151.04745483398438
2018-08-06,151.8917694091797
2018-08-07,152.2548065185547
2018-08-08,152.11871337890625
2018-08-09,152.50904846191406
2018-08-10,152.08233642578125
2018-08-13,151.1927490234375
2018-08-14,152.6906280517578
2018-08-15,150.7751922607422
2018-08-16,152.1731719970703
2018-08-17,152.82679748535156
2018-08-20,153.25343322753906
2018-08-21,155.01454162597656
2018-08-22,155.3958282470703
2018-08-23,154.9237518310547
2018-08-24,155.7680206298828
2018-08-27,155.9949493408203
2018-08-28,156.14019775390625
2018-08-29,156.59410095214844
2018-08-30,156.467041015625
2018-08-31,157.066162109375
2018-09-04,156.36715698242188
2018-09-05,155.9495391845703
2018-09-06,154.8965606689453
2018-09-07,154.8148193359375
2018-09-10,155.0054168701172
2018-09-11,155.25967407226562
2018-09-12,154.88746643066406
2018-09-13,154.9237518310547
2018-09-14,155.57740783691406
2018-09-17,153.92515563964844
2018-09-18,154.56976318359375
2018-09-19,154.0069122314453
2018-09-20,155.43211364746094
2018-09-21,154.68771362304688
2018-09-24,154.11581420898438
2018-09-25,154.3518524169922
2018-09-26,152.9410400390625
2018-09-27,152.9500732421875
2018-09-28,153.41432189941406
2018-10-01,151.39369201660156
2018-10-02,149.75531005859375
2018-10-03,151.06602478027344
2018-10-04,148.9452667236328
2018-10-05,147.5981903076172
2018-10-08,147.28875732421875
2018-10-09,146.7152862548828
2018-10-10,142.50103759765625
2018-10-11,139.77957153320312
2018-10-12,139.80682373046875
2018-10-15,140.32565307617188
2018-10-16,144.3942413330078
2018-10-17,143.7753448486328
2018-10-18,141.0811004638672
2018-10-19,139.58839416503906
2018-10-22,139.28799438476562
2018-10-23,138.04104614257812
2018-10-24,132.8437957763672
2018-10-25,135.72006225585938
2018-10-26,134.2363739013672
2018-10-29,133.4991455078125
2018-10-30,136.2843780517578
2018-10-31,136.5574188232422
2018-11-01,139.70669555664062
2018-11-02,140.17092895507812
2018-11-05,140.06170654296875
2018-11-06,140.7534637451172
2018-11-07,143.27471923828125
2018-11-08,142.89242553710938
2018-11-09,140.2437744140625
2018-11-12,137.46762084960938
2018-11-13,137.03077697753906
2018-11-14,136.02947998046875
2018-11-15,137.96823120117188
2018-11-16,138.2958984375
2018-11-19,135.49244689941406
2018-11-20,132.88023376464844
2018-11-21,134.73703002929688
2018-11-23,134.60958862304688
2018-11-26,136.35716247558594
2018-11-27,135.22854614257812
2018-11-28,138.56893920898438
2018-11-29,138.1957550048828
2018-11-30,138.9148406982422
2018-12-03,140.2437744140625
2018-12-04,134.27284240722656
2018-12-06,133.98153686523438
2018-12-07,131.08706665039062
2018-12-10,130.70477294921875
2018-12-11,130.56832885742188
2018-12-12,131.81529235839844
2018-12-13,129.94940185546875
2018-12-14,127.98336029052734
2018-12-17,125.13309478759766
2018-12-18,124.97786712646484
2018-12-19,122.37510681152344
2018-12-20,120.3567886352539
2018-12-21,117.23351287841797
2018-12-24,114.95951080322266
2018-12-26,120.48466491699219
2018-12-27,120.98695373535156
2018-12-28,121.33399200439453
2018-12-31,122.28376007080078
2019-01-02,122.97782135009766
2019-01-03,120.77689361572266
2019-01-04,125.2883529663086
2019-01-07,127.48011779785156
2019-01-08,129.4344940185547
2019-01-09,130.50299072265625
2019-01-10,131.1787872314453
2019-01-11,131.21534729003906
2019-01-14,129.90939331054688
2019-01-15,131.00527954101562
2019-01-16,131.9824981689453
2019-01-17,133.17880249023438
2019-01-18,134.54867553710938
2019-01-22,132.42080688476562
2019-01-23,132.05548095703125
2019-01-24,132.85003662109375
2019-01-25,134.55780029296875
2019-01-28,133.83631896972656
2019-01-29,133.51670837402344
2019-01-30,134.97792053222656
2019-01-31,136.1285858154297
2019-02-01,136.23818969726562
2019-02-04,137.86376953125
2019-02-05,138.00987243652344
2019-02-06,137.8363800048828
2019-02-07,136.70396423339844
2019-02-08,136.85003662109375
2019-02-11,137.99160766601562
2019-02-12,139.71768188476562
2019-02-13,140.11033630371094
2019-02-14,140.4299774169922
2019-02-15,142.6674346923828
2019-02-19,143.0601348876953
2019-02-20,143.7358856201172
2019-02-21,143.18797302246094
2019-02-22,144.4300537109375
2019-02-25,144.466552734375
2019-02-26,143.47105407714844
2019-02-27,143.67201232910156
2019-02-28,143.17886352539062
2019-03-01,144.51217651367188
2019-03-04,143.20619201660156
2019-03-05,142.53956604003906
2019-03-06,139.74502563476562
2019-03-07,138.52130126953125
2019-03-08,138.48475646972656
2019-03-11,140.9049072265625
2019-03-12,140.9779052734375
2019-03-13,141.53504943847656
2019-03-14,140.9596405029297
2019-03-15,141.3340606689453
2019-03-18,142.23818969726562
2019-03-19,141.51673889160156
2019-03-20,140.33734130859375
2019-03-21,142.17787170410156
2019-03-22,137.0042724609375
2019-03-25,137.60862731933594
2019-03-26,139.05540466308594
2019-03-27,138.51515197753906
2019-03-28,139.75131225585938
2019-03-29,140.18167114257812
2019-04-01,141.71087646484375
2019-04-02,141.34457397460938
2019-04-03,142.07711791992188
2019-04-04,142.7730712890625
2019-04-05,144.1099853515625
2019-04-08,143.87185668945312
2019-04-09,142.11380004882812
2019-04-10,144.0458221435547
2019-04-11,143.86270141601562
2019-04-12,144.38462829589844
2019-04-15,143.91761779785156
2019-04-16,144.25645446777344
2019-04-17,142.93789672851562
2019-04-18,142.5166473388672
2019-04-22,142.14125061035156
2019-04-23,144.28395080566406
2019-04-24,144.7326202392578
2019-04-25,143.5330810546875
2019-04-26,144.92489624023438
2019-04-29,145.62081909179688
2019-04-30,144.94322204589844
2019-05-01,143.56967163085938
2019-05-02,144.23812866210938
2019-05-03,146.994384765625
2019-05-06,147.15916442871094
2019-05-07,144.24725341796875
2019-05-08,143.54220581054688
2019-05-09,143.02029418945312
2019-05-10,143.41404724121094
2019-05-13,138.8447265625
2019-05-14,140.59371948242188
2019-05-15,141.0515899658203
2019-05-16,141.93060302734375
2019-05-17,139.9527587890625
2019-05-20,138.982177734375
2019-05-21,140.85012817382812
2019-05-22,139.66888427734375
2019-05-23,136.7936553955078
2019-05-24,138.07559204101562
2019-05-28,136.97674560546875
2019-05-29,135.8321533203125
2019-05-30,135.4567413330078
2019-05-31,133.56129455566406
2019-06-03,134.02828979492188
2019-06-04,137.4987335205078
2019-06-05,137.5261688232422
2019-06-06,137.16908264160156
2019-06-07,138.13973999023438
2019-06-10,138.95468139648438
2019-06-11,138.5426483154297
2019-06-12,138.6982421875
2019-06-13,140.16336059570312
2019-06-14,138.93637084960938
2019-06-17,139.8947296142578
2019-06-18,141.521240234375
2019-06-19,142.02664184570312
2019-06-20,142.69740295410156
2019-06-21,141.46609497070312
2019-06-24,139.7477569580078
2019-06-25,138.89315795898438
2019-06-26,138.57156372070312
2019-06-27,141.17208862304688
2019-06-28,142.8904266357422
2019-07-01,143.44174194335938
2019-07-02,142.5687713623047
2019-07-03,143.58876037597656
2019-07-05,143.97471618652344
2019-07-08,142.60556030273438
2019-07-09,142.79856872558594
2019-07-10,143.04661560058594
2019-07-11,142.3482208251953
2019-07-12,143.45094299316406
2019-07-15,142.69740295410156
2019-07-16,142.65147399902344
2019-07-17,141.6315155029297
2019-07-18,142.1644287109375
2019-07-19,141.3466339111328
2019-07-22,141.21798706054688
2019-07-23,142.15530395507812
2019-07-24,144.5076904296875
2019-07-25,142.76177978515625
2019-07-26,144.4525146484375
2019-07-29,143.4876708984375
2019-07-30,145.0406494140625
2019-07-31,143.86444091796875
2019-08-01,141.77854919433594
2019-08-02,140.20718383789062
2019-08-05,135.9985809326172
2019-08-06,137.24830627441406
2019-08-07,137.2115478515625
2019-08-08,140.17042541503906
2019-08-09,138.40615844726562
2019-08-12,136.61427307128906
2019-08-13,138.08453369140625
2019-08-14,134.22512817382812
2019-08-15,133.69216918945312
2019-08-16,136.57752990722656
2019-08-19,137.9558868408203
2019-08-20,137.05531311035156
2019-08-21,138.1856231689453
2019-08-22,137.86398315429688
2019-08-23,133.63699340820312
2019-08-26,135.1072540283203
2019-08-27,133.10401916503906
2019-08-28,134.65696716308594
2019-08-29,137.0186004638672
2019-08-30,136.77044677734375
2019-09-03,134.76724243164062
2019-09-04,135.85154724121094
2019-09-05,138.3785400390625
2019-09-06,137.74449157714844
2019-09-09,139.59149169921875
2019-09-10,141.3741912841797
2019-09-11,144.26881408691406
2019-09-12,144.30548095703125
2019-09-13,144.55360412597656
2019-09-16,145.0957794189453
2019-09-17,144.7190399169922
2019-09-18,143.82769775390625
2019-09-19,143.12928771972656
2019-09-20,142.82608032226562
2019-09-23,142.7158203125
2019-09-24,140.5616912841797
2019-09-25,142.10165405273438
2019-09-26,140.51560974121094
2019-09-27,139.39060974121094
2019-09-30,139.5565643310547
2019-10-01,136.8177947998047
2019-10-02,135.7850341796875
2019-10-03,136.2368621826172
2019-10-04,137.5278778076172
2019-10-07,137.2881317138672
2019-10-08,135.05654907226562
2019-10-09,135.6743621826172
2019-10-10,136.21841430664062
2019-10-11,138.5237579345703
2019-10-14,138.01654052734375
2019-10-15,139.60267639160156
2019-10-16,139.7501983642578
2019-10-17,141.40084838867188
2019-10-18,140.72769165039062
2019-10-21,142.04632568359375
2019-10-22,142.20310974121094
2019-10-23,142.37828063964844
2019-10-24,142.1754150390625
2019-10-25,142.93161010742188
2019-10-28,144.16726684570312
2019-10-29,144.63758850097656
2019-10-30,144.15805053710938
2019-10-31,143.3465576171875
2019-11-01,145.79025268554688
2019-11-04,146.57408142089844
2019-11-05,146.75843811035156
2019-11-06,145.91006469726562
2019-11-07,146.29739379882812
2019-11-08,146.69393920898438
2019-11-11,146.41726684570312
2019-11-12,146.46339416503906
2019-11-13,145.83633422851562
2019-11-14,145.79025268554688
2019-11-15,146.54637145996094
2019-11-18,146.1775360107422
2019-11-19,146.7216339111328
2019-11-20,146.1682891845703
2019-11-21,145.4490203857422
2019-11-22,145.90086364746094
2019-11-25,148.99925231933594
2019-11-26,149.10072326660156
2019-11-27,150.1519317626953
2019-11-29,149.1745147705078
2019-12-02,147.71751403808594
2019-12-03,147.2471923828125
2019-12-04,148.26153564453125
2019-12-05,148.40911865234375
2019-12-06,150.14279174804688
2019-12-09,149.85687255859375
2019-12-10,149.9490509033203
2019-12-11,149.90296936035156
2019-12-12,151.1939697265625
2019-12-13,150.613037109375
2019-12-16,151.67459106445312
2019-12-17,152.4335174560547
2019-12-18,152.729736328125
2019-12-19,153.3868408203125
2019-12-20,153.60891723632812
2019-12-23,153.91432189941406
2019-12-24,154.26605224609375
2019-12-26,154.26605224609375
2019-12-27,153.50714111328125
2019-12-30,153.118408203125
2019-12-31,153.3312530517578
2020-01-02,153.4330596923828
2020-01-03,152.83148193359375
2020-01-06,153.03512573242188
2020-01-07,152.52606201171875
2020-01-08,152.99810791015625
2020-01-09,153.18319702148438
2020-01-10,152.60939025878906
2020-01-13,153.5996856689453
2020-01-14,154.16427612304688
2020-01-15,154.90467834472656
2020-01-16,156.90379333496094
2020-01-17,156.4781036376953
2020-01-21,155.18231201171875
2020-01-22,155.0805206298828
2020-01-23,154.9787139892578
2020-01-24,153.07212829589844
2020-01-27,151.33216857910156
2020-01-28,152.59083557128906
2020-01-29,151.7208709716797
2020-01-30,151.7208709716797
2020-01-31,148.57411193847656
2020-02-03,150.2307891845703
2020-02-04,152.49830627441406
2020-02-05,154.84912109375
2020-02-06,154.4974365234375
2020-02-07,152.60009765625
2020-02-10,153.46084594726562
2020-02-11,154.52517700195312
2020-02-12,155.58953857421875
2020-02-13,155.99676513671875
2020-02-14,155.39520263671875
2020-02-18,155.06199645996094
2020-02-19,155.85797119140625
2020-02-20,156.23741149902344
2020-02-21,154.65476989746094
2020-02-24,149.99942016601562
2020-02-25,144.6683807373047
2020-02-26,142.9931640625
2020-02-27,137.95835876464844
2020-02-28,135.4316864013672
2020-03-02,139.78164672851562
2020-03-03,136.93101501464844
2020-03-04,140.8274688720703
2020-03-05,136.3479461669922
2020-03-06,133.6454315185547
2020-03-09,120.65111541748047
2020-03-10,124.41793823242188
2020-03-11,116.50475311279297
2020-03-12,103.63072967529297
2020-03-13,110.57215881347656
2020-03-16,95.90261840820312
2020-03-17,100.29884338378906
2020-03-18,92.52448272705078
2020-03-19,96.1340103149414
2020-03-20,93.84796142578125
2020-03-23,92.45967864990234
2020-03-24,100.91895294189453
2020-03-25,102.1732406616211
2020-03-26,108.52828216552734
2020-03-27,104.5796127319336
2020-03-30,106.88378143310547
2020-03-31,106.34491729736328
2020-04-01,99.09791564941406
2020-04-02,100.03630828857422
2020-04-03,97.20255279541016
2020-04-06,104.64463806152344
2020-04-07,104.91407012939453
2020-04-08,109.69896697998047
2020-04-09,114.94837951660156
2020-04-13,111.83587646484375
2020-04-14,114.10287475585938
2020-04-15,109.44810485839844
2020-04-16,108.62120819091797
2020-04-17,113.40605926513672
2020-04-20,112.06816101074219
2020-04-21,109.39234161376953
2020-04-22,110.72096252441406
2020-04-23,111.80802154541016
2020-04-24,113.73126220703125
2020-04-27,118.23737335205078
2020-04-28,119.95625305175781
2020-04-29,125.85606384277344
2020-04-30,121.0711441040039
2020-05-01,116.2677001953125
2020-05-04,116.76941680908203
2020-05-05,117.67063903808594
2020-05-06,116.80657196044922
2020-05-07,118.40460968017578
2020-05-08,122.9758071899414
2020-05-11,122.36261749267578
2020-05-12,117.96794891357422
2020-05-13,114.0192642211914
2020-05-14,114.39091491699219
2020-05-15,116.21195220947266
2020-05-18,123.27313232421875
2020-05-19,120.83885955810547
2020-05-20,124.49954986572266
2020-05-21,124.72257232666016
2020-05-22,125.32643127441406
2020-05-26,128.94064331054688
2020-05-27,132.94503784179688
2020-05-28,129.79541015625
2020-05-29,129.0521697998047
2020-06-01,130.287841796875
2020-06-02,131.36558532714844
2020-06-03,134.5338134765625
2020-06-04,134.3386993408203
2020-06-05,139.53236389160156
2020-06-08,142.23606872558594
2020-06-09,139.60670471191406
2020-06-10,135.81597900390625
2020-06-11,125.45651245117188
2020-06-12,128.46681213378906
2020-06-15,131.4369354248047
2020-06-16,134.5972137451172
2020-06-17,132.16404724121094
2020-06-18,132.117431640625
2020-06-19,131.4369354248047
2020-06-22,132.75135803222656
2020-06-23,133.31069946289062
2020-06-24,128.985107421875
2020-06-25,130.93356323242188
2020-06-26,127.4096450805664
2020-06-29,131.5767822265625
2020-06-30,133.47853088378906
2020-07-01,132.2106475830078
2020-07-02,132.75135803222656
2020-07-06,133.7115936279297
2020-07-07,131.34368896484375
2020-07-08,132.32254028320312
2020-07-09,129.6470489501953
2020-07-10,131.7352294921875
2020-07-13,130.06651306152344
2020-07-14,132.22003173828125
2020-07-15,137.0676727294922
2020-07-16,136.25662231445312
2020-07-17,136.65745544433594
2020-07-20,136.0701446533203
2020-07-21,137.99989318847656
2020-07-22,138.07447814941406
2020-07-23,138.21434020996094
2020-07-24,136.1820526123047
2020-07-27,137.59906005859375
2020-07-28,136.22865295410156
2020-07-29,139.23049926757812
2020-07-30,138.68045043945312
2020-07-31,137.37530517578125
2020-08-03,139.61268615722656
2020-08-04,140.57290649414062
2020-08-05,143.36962890625
2020-08-06,143.31373596191406
2020-08-07,145.5883331298828
2020-08-10,147.0985870361328
2020-08-11,146.25027465820312
2020-08-12,146.84690856933594
2020-08-13,146.53927612304688
2020-08-14,146.4459991455078
2020-08-17,147.20118713378906
2020-08-18,145.79345703125
2020-08-19,145.80279541015625
2020-08-20,145.20614624023438
2020-08-21,144.13406372070312
2020-08-24,145.64430236816406
2020-08-25,145.80279541015625
2020-08-26,144.88919067382812
2020-08-27,145.24342346191406
2020-08-28,146.4739990234375
2020-08-31,144.89849853515625
2020-09-01,146.55789184570312
2020-09-02,147.7231903076172
2020-09-03,143.3603057861328
2020-09-04,142.44667053222656
2020-09-08,139.70590209960938
2020-09-09,141.8220977783203
2020-09-10,139.9762420654297
2020-09-11,139.0439910888672
2020-09-14,142.7077178955078
2020-09-15,142.9780731201172
2020-09-16,144.32981872558594
2020-09-17,143.2764129638672
2020-09-18,142.90347290039062
2020-09-21,137.89732360839844
2020-09-22,138.9601287841797
2020-09-23,134.82015991210938
2020-09-24,134.82015991210938
2020-09-25,137.00991821289062
2020-09-28,140.38818359375
2020-09-29,139.75184631347656
2020-09-30,140.17286682128906
2020-10-01,142.40948486328125
2020-10-02,143.03648376464844
2020-10-05,146.98550415039062
2020-10-06,146.5644073486328
2020-10-07,149.76480102539062
2020-10-08,151.4679718017578
2020-10-09,152.2540740966797
2020-10-12,153.27406311035156
2020-10-13,152.2540740966797
2020-10-14,150.74740600585938
2020-10-15,152.30081176757812
2020-10-16,151.92648315429688
2020-10-19,150.11106872558594
2020-10-20,150.43861389160156
2020-10-21,149.14720153808594
2020-10-22,151.72067260742188
2020-10-23,152.6002960205078
2020-10-26,149.30630493164062
2020-10-27,148.02423095703125
2020-10-28,143.46688842773438
2020-10-29,145.1793975830078
2020-10-30,143.2610626220703
2020-11-02,145.81576538085938
2020-11-03,149.9519805908203
2020-11-04,150.12039184570312
2020-11-05,154.3220977783203
2020-11-06,153.11497497558594
2020-11-09,158.6642303466797
2020-11-10,161.61196899414062
2020-11-11,161.54652404785156
2020-11-12,159.06661987304688
2020-11-13,162.36061096191406
2020-11-16,166.22549438476562
2020-11-17,167.002197265625
2020-11-18,164.66270446777344
2020-11-19,165.92599487304688
2020-11-20,166.10382080078125
2020-11-23,169.21066284179688
2020-11-24,172.3923797607422
2020-11-25,171.80279541015625
2020-11-27,172.53271484375
2020-11-30,169.39776611328125
2020-12-01,170.96994018554688
2020-12-02,171.14779663085938
2020-12-03,172.11158752441406
2020-12-04,176.11685180664062
2020-12-07,176.28529357910156
2020-12-08,178.54989624023438
2020-12-09,177.24917602539062
2020-12-10,178.961669921875
2020-12-11,178.0819854736328
2020-12-14,178.2904052734375
2020-12-15,182.74928283691406
2020-12-16,182.09217834472656
2020-12-17,184.2606658935547
2020-12-18,183.36886596679688
2020-12-21,183.27503967285156
2020-12-22,185.35897827148438
2020-12-23,186.93594360351562
2020-12-24,186.81396484375
2020-12-28,186.1193084716797
2020-12-29,182.51461791992188
2020-12-30,184.37327575683594
2020-12-31,184.04478454589844
2021-01-04,181.6416473388672
2021-01-05,184.44839477539062
2021-01-06,191.9956817626953
2021-01-07,195.41261291503906
2021-01-08,194.9901580810547
2021-01-11,194.82118225097656
2021-01-12,198.3131866455078
2021-01-13,196.89576721191406
2021-01-14,200.82899475097656
2021-01-15,197.83448791503906
2021-01-19,200.3690185546875
2021-01-20,201.2514190673828
2021-01-21,199.50543212890625
2021-01-22,201.8240203857422
2021-01-25,201.6268768310547
2021-01-26,200.22816467285156
2021-01-27,196.55784606933594
2021-01-28,195.9288787841797
2021-01-29,192.9625244140625
2021-02-01,197.7030487060547
2021-02-02,200.51922607421875
2021-02-03,201.12001037597656
2021-02-04,205.22216796875
2021-02-05,208.0664825439453
2021-02-08,213.379638671875
2021-02-09,214.38406372070312
2021-02-10,212.97598266601562
2021-02-11,212.73194885253906
2021-02-12,213.33267211914062
2021-02-16,211.9903564453125
2021-02-17,210.3288116455078
2021-02-18,207.07139587402344
2021-02-19,211.38949584960938
2021-02-22,210.01904296875
2021-02-23,208.1697235107422
2021-02-24,213.088623046875
2021-02-25,205.2128143310547
2021-02-26,204.93121337890625
2021-03-01,212.21563720703125
2021-03-02,208.13221740722656
2021-03-03,205.87928771972656
2021-03-04,200.12498474121094
2021-03-05,204.3679656982422
2021-03-08,205.33480834960938
2021-03-09,209.6529083251953
2021-03-10,213.29513549804688
2021-03-11,217.98875427246094
2021-03-12,219.27481079101562
2021-03-15,220.05393981933594
2021-03-16,216.37411499023438
2021-03-17,218.0731964111328
2021-03-18,211.43646240234375
2021-03-19,213.03231811523438
2021-03-22,211.42710876464844
2021-03-23,203.7577667236328
2021-03-24,199.04542541503906
2021-03-25,203.7647705078125
2021-03-26,207.47964477539062
2021-03-29,201.6392822265625
2021-03-30,205.034423828125
2021-03-31,207.78997802734375
2021-04-01,210.4233856201172
2021-04-05,211.5801544189453
2021-04-06,210.95945739746094
2021-04-07,207.55490112304688
2021-04-08,209.3136444091797
2021-04-09,209.34181213378906
2021-04-12,208.52362060546875
2021-04-13,207.9781494140625
2021-04-14,210.02838134765625
2021-04-15,210.9406280517578
2021-04-16,211.2792205810547
2021-04-19,208.53302001953125
2021-04-20,204.26319885253906
2021-04-21,209.2572021484375
2021-04-22,208.39193725585938
2021-04-23,212.32315063476562
2021-04-26,214.53330993652344
2021-04-27,214.85302734375
2021-04-28,215.21981811523438
2021-04-29,214.42041015625
2021-04-30,211.50491333007812
2021-05-03,212.53944396972656
2021-05-04,210.0001678466797
2021-05-05,209.1631317138672
2021-05-06,209.34181213378906
2021-05-07,211.97512817382812
2021-05-10,206.58616638183594
2021-05-11,205.92788696289062
2021-05-12,199.24102783203125
2021-05-13,202.90895080566406
2021-05-14,207.86524963378906
2021-05-17,208.1474151611328
2021-05-18,206.56741333007812
2021-05-19,204.9779815673828
2021-05-20,206.3416748046875
2021-05-21,206.87774658203125
2021-05-24,208.22262573242188
2021-05-25,206.2100067138672
2021-05-26,210.05661010742188
2021-05-27,212.21966552734375
2021-05-28,212.07862854003906
2021-06-01,214.4862823486328
2021-06-02,214.74017333984375
2021-06-03,212.9438934326172
2021-06-04,213.8655548095703
2021-06-07,216.73403930664062
2021-06-08,219.02880859375
2021-06-09,217.57101440429688
2021-06-10,215.9575653076172
2021-06-11,218.2369384765625
2021-06-14,217.5964813232422
2021-06-15,216.97482299804688
2021-06-16,216.5133056640625
2021-06-17,214.08319091796875
2021-06-18,209.22303771972656
2021-06-21,213.69703674316406
2021-06-22,214.66720581054688
2021-06-23,215.3736114501953
2021-06-24,218.41592407226562
2021-06-25,218.7832489013672
2021-06-28,217.05018615722656
2021-06-29,216.01409912109375
2021-06-30,216.04232788085938
2021-07-01,217.94493103027344
2021-07-02,215.87281799316406
2021-07-06,212.73631286621094
2021-07-07,210.75830078125
2021-07-08,208.81802368164062
2021-07-09,213.22608947753906
2021-07-12,213.40505981445312
2021-07-13,209.3831787109375
2021-07-14,206.1524200439453
2021-07-15,204.9844970703125
2021-07-16,202.4602508544922
2021-07-19,199.42730712890625
2021-07-20,205.61557006835938
2021-07-21,209.1571044921875
2021-07-22,205.83216857910156
2021-07-23,206.79293823242188
2021-07-26,207.395751953125
2021-07-27,204.9750518798828
2021-07-28,207.9891815185547
2021-07-29,209.5903778076172
2021-07-30,208.20579528808594
2021-08-02,207.169677734375
2021-08-03,208.02682495117188
2021-08-04,205.43663024902344
2021-08-05,209.12881469726562
2021-08-06,210.40980529785156
2021-08-09,209.2512664794922
2021-08-10,209.6657257080078
2021-08-11,210.6923828125
2021-08-12,210.19314575195312
2021-08-13,208.28114318847656
2021-08-16,206.34083557128906
2021-08-17,203.8259735107422
2021-08-18,202.0457763671875
2021-08-19,199.6251220703125
2021-08-20,202.99708557128906
2021-08-23,206.85882568359375
2021-08-24,208.89334106445312
2021-08-25,209.6280517578125
2021-08-26,207.40516662597656
2021-08-27,213.2543182373047
2021-08-30,212.37838745117188
2021-08-31,212.79278564453125
2021-09-01,214.22447204589844
2021-09-02,215.71266174316406
2021-09-03,214.71426391601562
2021-09-07,213.2355194091797
2021-09-08,210.90899658203125
2021-09-09,210.80540466308594
2021-09-10,208.74266052246094
2021-09-13,209.92945861816406
2021-09-14,207.25445556640625
2021-09-15,209.12881469726562
2021-09-16,209.27957153320312
2021-09-17,209.55270385742188
2021-09-20,204.57005310058594
2021-09-21,204.880859375
2021-09-22,208.06451416015625
2021-09-23,211.74728393554688
2021-09-24,210.72604370117188
2021-09-27,213.92874145507812
2021-09-28,209.06326293945312
2021-09-29,208.6192626953125
2021-09-30,206.6636199951172
2021-10-01,209.9985809326172
2021-10-04,208.0901641845703
2021-10-05,208.8081817626953
2021-10-06,207.7217254638672
2021-10-07,210.9244384765625
2021-10-08,209.3372344970703
2021-10-11,208.13739013671875
2021-10-12,209.28057861328125
2021-10-13,210.27255249023438
2021-10-14,213.39024353027344
2021-10-15,212.71945190429688
2021-10-18,212.59658813476562
2021-10-19,213.39024353027344
2021-10-20,214.80735778808594
2021-10-21,215.3552703857422
2021-10-22,214.8451385498047
2021-10-25,216.88575744628906
2021-10-26,215.2513885498047
2021-10-27,211.29286193847656
2021-10-28,215.50645446777344
2021-10-29,215.4497833251953
2021-11-01,221.03323364257812
2021-11-02,221.4961700439453
2021-11-03,225.4546661376953
2021-11-04,225.36965942382812
2021-11-05,228.44952392578125
2021-11-08,229.15809631347656
2021-11-09,227.8259735107422
2021-11-10,224.2359619140625
2021-11-11,226.04042053222656
2021-11-12,226.26712036132812
2021-11-15,225.36965942382812
2021-11-16,225.7853240966797
2021-11-17,222.82830810546875
2021-11-18,221.88351440429688
2021-11-19,219.8617401123047
2021-11-22,218.92645263671875
2021-11-23,218.5485382080078
2021-11-24,218.78469848632812
2021-11-26,210.53707885742188
2021-11-29,210.4048309326172
2021-11-30,206.11566162109375
2021-12-01,201.47694396972656
2021-12-02,207.09820556640625
2021-12-03,202.8468475341797
2021-12-06,206.91868591308594
2021-12-07,211.71803283691406
2021-12-08,213.16348266601562
2021-12-09,208.33584594726562
2021-12-10,207.75950622558594
2021-12-13,204.72340393066406
2021-12-14,202.9607696533203
2021-12-15,206.1826934814453
2021-12-16,202.01319885253906
2021-12-17,203.8704833984375
2021-12-20,201.00868225097656
2021-12-21,206.7512664794922
2021-12-22,208.74127197265625
2021-12-23,210.4090576171875
2021-12-27,212.38011169433594
2021-12-28,211.08187866210938
2021-12-29,211.30931091308594
2021-12-30,211.25244140625
2021-12-31,210.79757690429688
2022-01-03,213.51727294921875
2022-01-04,213.19505310058594
2022-01-05,205.97425842285156
2022-01-06,207.1492919921875
2022-01-07,204.75177001953125
2022-01-10,204.04107666015625
2022-01-11,206.2111053466797
2022-01-12,204.67596435546875
2022-01-13,202.79971313476562
2022-01-14,203.08399963378906
2022-01-18,196.94342041015625
2022-01-19,193.74046325683594
2022-01-20,190.23428344726562
2022-01-21,186.67124938964844
2022-01-24,190.9734344482422
2022-01-25,188.42431640625
2022-01-26,185.70465087890625
2022-01-27,181.48780822753906
2022-01-28,185.02236938476562
2022-01-31,190.69862365722656
2022-02-01,192.7075653076172
2022-02-02,190.79336547851562
2022-02-03,187.18295288085938
2022-02-04,187.9884490966797
2022-02-07,188.91709899902344
2022-02-08,192.13897705078125
2022-02-09,195.78733825683594
2022-02-10,192.78338623046875
2022-02-11,190.83126831054688
2022-02-14,190.16795349121094
2022-02-15,195.2661590576172
2022-02-16,195.6736297607422
2022-02-17,190.6606903076172
2022-02-18,189.02134704589844
2022-02-22,186.35853576660156
2022-02-23,182.87130737304688
2022-02-24,187.66627502441406
2022-02-25,191.89260864257812
2022-02-28,192.66966247558594
2022-03-01,189.04029846191406
2022-03-02,193.54148864746094
2022-03-03,191.24822998046875
2022-03-04,188.2537841796875
2022-03-07,183.5725555419922
2022-03-08,184.5864715576172
2022-03-09,189.78890991210938
2022-03-10,189.44778442382812
2022-03-11,186.42483520507812
2022-03-14,182.61546325683594
2022-03-15,185.52459716796875
2022-03-16,191.36192321777344
2022-03-17,194.36585998535156
2022-03-18,196.41275024414062
2022-03-21,194.67857360839844
2022-03-22,196.63072204589844
2022-03-23,193.2192840576172
2022-03-24,195.44102478027344
2022-03-25,195.7069091796875
2022-03-28,195.7733612060547
2022-03-29,201.01449584960938
2022-03-30,196.9792022705078
2022-03-31,194.8998565673828
2022-04-01,197.08367919921875
2022-04-04,197.40647888183594
2022-04-05,192.7350616455078
2022-04-06,190.0005340576172
2022-04-07,189.3833770751953
2022-04-08,187.87371826171875
2022-04-11,186.6108856201172
2022-04-12,187.1995849609375
2022-04-13,190.7601318359375
2022-04-14,188.90863037109375
2022-04-18,187.63633728027344
2022-04-19,191.37730407714844
2022-04-20,192.10841369628906
2022-04-21,187.80722045898438
2022-04-22,182.94590759277344
2022-04-25,184.05679321289062
2022-04-26,178.25546264648438
2022-04-27,177.51487731933594
2022-04-28,180.82858276367188
2022-04-29,175.60641479492188
2022-05-02,177.4484100341797
2022-05-03,178.96755981445312
2022-05-04,183.7434844970703
2022-05-05,176.2900390625
2022-05-06,173.3561553955078
2022-05-09,166.0641632080078
2022-05-10,166.11158752441406
2022-05-11,161.98141479492188
2022-05-12,163.88034057617188
2022-05-13,169.0740203857422
2022-05-16,168.2669219970703
2022-05-17,173.4131317138672
2022-05-18,167.33645629882812
2022-05-19,167.61180114746094
2022-05-20,167.18455505371094
2022-05-23,169.20692443847656
2022-05-24,166.70030212402344
2022-05-25,169.7006072998047
2022-05-26,173.4890594482422
2022-05-27,178.16050720214844
2022-05-31,175.94822692871094
2022-06-01,174.95126342773438
2022-06-02,179.22393798828125
2022-06-03,177.6097869873047
2022-06-06,178.37889099121094
2022-06-07,181.25584411621094
2022-06-08,178.45484924316406
2022-06-09,174.7554931640625
2022-06-10,170.0145721435547
2022-06-13,162.02745056152344
2022-06-14,161.246826171875
2022-06-15,163.60775756835938
2022-06-16,156.02993774414062
2022-06-17,157.24851989746094
2022-06-21,160.0663604736328
2022-06-22,159.76174926757812
2022-06-23,161.6752166748047
2022-06-24,166.68263244628906
2022-06-27,167.30142211914062
2022-06-28,164.15988159179688
2022-06-29,162.49391174316406
2022-06-30,161.22779846191406
2022-07-01,163.17935180664062
2022-07-05,164.5311737060547
2022-07-06,163.31263732910156
2022-07-07,167.1776885986328
2022-07-08,167.15866088867188
2022-07-11,163.79812622070312
2022-07-12,163.23646545410156
2022-07-13,163.0936737060547
2022-07-14,161.41819763183594
2022-07-15,164.7786865234375
2022-07-18,164.3122100830078
2022-07-19,170.1098175048828
2022-07-20,172.77532958984375
2022-07-21,173.66067504882812
2022-07-22,170.8904266357422
2022-07-25,171.7757568359375
2022-07-26,170.71908569335938
2022-07-27,174.60313415527344
2022-07-28,177.0021514892578
2022-07-29,178.25872802734375
2022-08-01,178.19210815429688
2022-08-02,178.020751953125
2022-08-03,180.6387176513672
2022-08-04,180.25790405273438
2022-08-05,181.63829040527344
2022-08-08,183.561279296875
2022-08-09,181.05760192871094
2022-08-10,186.22683715820312
2022-08-11,186.9218292236328
2022-08-12,190.7392578125
2022-08-15,191.41517639160156
2022-08-16,191.3390350341797
2022-08-17,188.12132263183594
2022-08-18,189.36837768554688
2022-08-19,185.30340576171875
2022-08-22,181.4859619140625
2022-08-23,181.7810821533203
2022-08-24,183.17100524902344
2022-08-25,186.01739501953125
2022-08-26,179.90567016601562
2022-08-29,178.24925231933594
2022-08-30,175.75503540039062
2022-08-31,174.68882751464844
2022-09-01,172.7848358154297
2022-09-02,171.4425811767578
2022-09-06,169.74803161621094
2022-09-07,173.44174194335938
2022-09-08,174.88873291015625
2022-09-09,178.4015350341797
2022-09-12,180.56256103515625
2022-09-13,173.49884033203125
2022-09-14,174.17477416992188
2022-09-15,172.9086151123047
2022-09-16,170.3953857421875
2022-09-19,171.85191345214844
2022-09-20,169.510009765625
2022-09-21,166.92063903808594
2022-09-22,163.16030883789062
2022-09-23,159.27622985839844
2022-09-26,157.09542846679688
2022-09-27,157.6312713623047
2022-09-28,162.6167755126953
2022-09-29,158.97097778320312
2022-09-30,157.81309509277344
2022-10-03,161.9947967529297
2022-10-04,168.4156494140625
2022-10-05,167.171630859375
2022-10-06,166.23388671875
2022-10-07,161.34410095214844
2022-10-10,160.44459533691406
2022-10-11,160.49244689941406
2022-10-12,160.0523223876953
2022-10-13,164.0138702392578
2022-10-14,159.6216583251953
2022-10-17,164.7124481201172
2022-10-18,166.6645050048828
2022-10-19,163.83209228515625
2022-10-20,161.74600219726562
2022-10-21,165.25782775878906
2022-10-24,165.96595764160156
2022-10-25,170.49215698242188
2022-10-26,171.33419799804688
2022-10-27,171.37246704101562
2022-10-28,175.26710510253906
2022-10-31,175.42974853515625
2022-11-01,175.66900634765625
2022-11-02,169.8414306640625
2022-11-03,168.7027130126953
2022-11-04,170.9801483154297
2022-11-07,171.7552490234375
2022-11-08,171.8222198486328
2022-11-09,167.10470581054688
2022-11-10,177.39146423339844
2022-11-11,178.8459014892578
2022-11-14,176.84597778320312
2022-11-15,179.46791076660156
2022-11-16,176.31011962890625
2022-11-17,174.67379760742188
2022-11-18,175.80299377441406
2022-11-21,174.88433837890625
2022-11-22,176.7503204345703
2022-11-23,177.20960998535156
2022-11-25,177.58279418945312
2022-11-28,174.0039825439453
2022-11-29,174.51109313964844
2022-11-30,179.29568481445312
2022-12-01,178.90333557128906
2022-12-02,179.94638061523438
2022-12-05,174.98959350585938
2022-12-06,172.31024169921875
2022-12-07,171.80308532714844
2022-12-08,173.04705810546875
2022-12-09,170.9227294921875
2022-12-12,172.9322509765625
2022-12-13,174.36460876464844
2022-12-14,173.22067260742188
2022-12-15,168.8850860595703
2022-12-16,167.62574768066406
2022-12-19,165.35699462890625
2022-12-20,166.2318115234375
2022-12-21,169.09657287597656
2022-12-22,166.8855438232422
2022-12-23,167.64498901367188
2022-12-27,166.5202178955078
2022-12-28,163.9342498779297
2022-12-29,168.08717346191406
2022-12-30,167.6161346435547
2023-01-03,166.69325256347656
2023-01-04,168.76971435546875
2023-01-05,166.96243286132812
2023-01-06,170.7115936279297
2023-01-09,171.0
2023-01-10,173.52822875976562
2023-01-11,175.69125366210938
2023-01-12,178.6425018310547
2023-01-13,179.8153076171875
2023-01-17,179.59422302246094
2023-01-18,176.69100952148438
2023-01-19,174.99903869628906
2023-01-20,177.88302612304688
2023-01-23,180.08448791503906
2023-01-24,179.69996643066406
2023-01-25,180.19984436035156
2023-01-26,181.2669219970703
2023-01-27,182.24745178222656
2023-01-30,179.70956420898438
2023-01-31,184.073974609375
2023-02-01,186.96759033203125
2023-02-02,190.6494140625
2023-02-03,189.37086486816406
2023-02-06,186.63107299804688
2023-02-07,188.01536560058594
2023-02-08,185.2659912109375
2023-02-09,182.5839080810547
2023-02-10,182.94918823242188
2023-02-13,185.15065002441406
2023-02-14,185.06411743164062
2023-02-15,186.938720703125
2023-02-16,185.15065002441406
2023-02-17,185.66015625
2023-02-21,180.18057250976562
2023-02-22,180.67092895507812
2023-02-23,181.95904541015625
2023-02-24,180.2575225830078
2023-02-27,180.89199829101562
2023-02-28,180.9015655517578
2023-03-01,181.13233947753906
2023-03-02,181.56494140625
2023-03-03,184.09320068359375
2023-03-06,181.40150451660156
2023-03-07,179.29617309570312
2023-03-08,179.3827362060547
2023-03-09,174.3934326171875
2023-03-10,169.36572265625
2023-03-13,166.60671997070312
2023-03-14,169.6925811767578
2023-03-15,166.8951416015625
2023-03-16,169.1734619140625
2023-03-17,164.60719299316406
2023-03-20,166.7413330078125
2023-03-21,169.81756591796875
2023-03-22,165.0013427734375
2023-03-23,164.26901245117188
2023-03-24,165.7548828125
2023-03-27,167.59780883789062
2023-03-28,167.35658264160156
2023-03-29,169.25738525390625
2023-03-30,169.02578735351562
2023-03-31,172.1326904296875
2023-04-03,172.20982360839844
2023-04-04,169.1898193359375
2023-04-05,167.5302734375
2023-04-06,167.78109741210938
2023-04-10,169.5757598876953
2023-04-11,170.91693115234375
2023-04-12,169.66259765625
2023-04-13,171.91078186035156
2023-04-14,170.30905151367188
2023-04-17,172.49932861328125
2023-04-18,171.7660675048828
2023-04-19,171.98793029785156
2023-04-20,171.10028076171875
2023-04-21,171.32220458984375
2023-04-24,171.20639038085938
2023-04-25,166.98025512695312
2023-04-26,165.3689422607422
2023-04-27,167.57850646972656
2023-04-28,169.0451202392578
2023-05-01,169.14158630371094
2023-05-02,165.66806030273438
2023-05-03,166.2759246826172
2023-05-04,164.41371154785156
2023-05-05,168.32147216796875
2023-05-08,167.93553161621094
2023-05-09,167.43377685546875
2023-05-10,168.28285217285156
2023-05-11,166.98992919921875
2023-05-12,166.6522216796875
2023-05-15,168.68809509277344
2023-05-16,166.22767639160156
2023-05-17,169.93275451660156
2023-05-18,170.96517944335938
2023-05-19,169.92312622070312
2023-05-22,171.99758911132812
2023-05-23,171.18714904785156
2023-05-24,169.37313842773438
2023-05-25,168.05128479003906
2023-05-26,169.96173095703125
2023-05-30,169.33457946777344
2023-05-31,167.6653594970703
2023-06-01,169.47926330566406
2023-06-02,175.62550354003906
2023-06-05,173.2711944580078
2023-06-06,177.83505249023438
2023-06-07,181.16244506835938
2023-06-08,180.4851531982422
2023-06-09,179.02415466308594
2023-06-12,179.7691650390625
2023-06-13,181.83004760742188
2023-06-14,179.8756103515625
2023-06-15,181.35594177246094
2023-06-16,179.9046630859375
2023-06-20,179.1209259033203
2023-06-21,178.70486450195312
2023-06-22,177.37933349609375
2023-06-23,174.7089385986328
2023-06-26,174.88308715820312
2023-06-27,177.4083709716797
2023-06-28,178.27915954589844
2023-06-29,180.33033752441406
2023-06-30,181.1914520263672
2023-07-03,181.55911254882812
2023-07-05,179.7498321533203
2023-07-06,176.8472137451172
2023-07-07,178.71453857421875
2023-07-10,181.77197265625
2023-07-11,183.63931274414062
2023-07-12,185.64215087890625
2023-07-13,187.141845703125
2023-07-14,185.31320190429688
2023-07-17,187.29661560058594
2023-07-18,189.60906982421875
2023-07-19,190.41213989257812
2023-07-20,188.7479705810547
2023-07-21,188.14810180664062
2023-07-24,188.61248779296875
2023-07-25,188.5931396484375
2023-07-26,190.08319091796875
2023-07-27,187.6256103515625
2023-07-28,190.05410766601562
2023-07-31,192.2601318359375
2023-08-01,191.37965393066406
2023-08-02,188.77699279785156
2023-08-03,188.24484252929688
2023-08-04,187.86749267578125
2023-08-07,187.9932861328125
2023-08-08,186.81288146972656
2023-08-09,185.3518829345703
2023-08-10,184.5294952392578
2023-08-11,184.7907257080078
2023-08-14,184.471435546875
2023-08-15,182.03321838378906
2023-08-16,179.80787658691406
2023-08-17,177.68893432617188
2023-08-18,178.65646362304688
2023-08-21,178.3953094482422
2023-08-22,177.8631134033203
2023-08-23,179.75950622558594
2023-08-24,177.27291870117188
2023-08-25,178.027587890625
2023-08-28,179.61436462402344
2023-08-29,182.12030029296875
2023-08-30,182.8072509765625
2023-08-31,182.4879608154297
2023-09-01,184.65525817871094
2023-09-05,180.76573181152344
2023-09-06,180.08847045898438
2023-09-07,178.346923828125
2023-09-08,177.95021057128906
2023-09-11,178.37591552734375
2023-09-12,178.20175170898438
2023-09-13,177.03102111816406
2023-09-14,179.5272979736328
2023-09-15,177.65025329589844
2023-09-18,176.4698486328125
2023-09-19,175.7828826904297
2023-09-20,174.02197265625
2023-09-21,171.3225555419922
2023-09-22,170.93553161621094
2023-09-25,171.6999053955078
2023-09-26,169.4923095703125
2023-09-27,171.0767822265625
2023-09-28,172.62237548828125
2023-09-29,171.80581665039062
2023-10-02,169.2103729248047
2023-10-03,166.36216735839844
2023-10-04,166.43995666503906
2023-10-05,166.5663299560547
2023-10-06,168.1702423095703
2023-10-09,169.142333984375
2023-10-10,171.05731201171875
2023-10-11,170.76571655273438
2023-10-12,166.90655517578125
2023-10-13,165.51646423339844
2023-10-16,168.189697265625
2023-10-17,170.06582641601562
2023-10-18,166.5663299560547
2023-10-19,163.91253662109375
2023-10-20,161.7933807373047
2023-10-23,160.42276000976562
2023-10-24,161.8225555419922
2023-10-25,159.1493377685547
2023-10-26,159.55760192871094
2023-10-27,157.68148803710938
2023-10-30,158.55633544921875
2023-10-31,159.927001953125
2023-11-01,160.8407440185547
2023-11-02,165.12762451171875
2023-11-03,169.61865234375
2023-11-06,167.49949645996094
2023-11-07,166.90655517578125
2023-11-08,165.12762451171875
2023-11-09,162.57106018066406
2023-11-10,164.3888397216797
2023-11-13,164.44717407226562
2023-11-14,173.4778289794922
2023-11-15,173.77915954589844
2023-11-16,170.96983337402344
2023-11-17,173.31256103515625
2023-11-20,174.32354736328125
2023-11-21,172.07803344726562
2023-11-22,173.15701293945312
2023-11-24,174.32354736328125
2023-11-27,173.74026489257812
2023-11-28,173.0695343017578
2023-11-29,173.9832763671875
2023-11-30,174.64431762695312
2023-12-01,179.7477569580078
2023-12-04,181.67245483398438
2023-12-05,179.2422637939453
2023-12-06,178.92149353027344
2023-12-07,180.21432495117188
2023-12-08,181.58499145507812
2023-12-11,181.96412658691406
2023-12-12,181.77940368652344
2023-12-13,187.93267822265625
2023-12-14,193.16249084472656
2023-12-15,191.5391082763672
2023-12-18,191.60716247558594
2023-12-19,195.3205108642578
2023-12-20,191.49986267089844
2023-12-21,194.75851440429688
2023-12-22,196.57321166992188
2023-12-26,199.1294403076172
2023-12-27,199.83187866210938
2023-12-28,199.07089233398438
2023-12-29,195.8219757080078
2024-01-02,194.6609649658203
2024-01-03,189.47052001953125
2024-01-04,189.0998077392578
2024-01-05,188.5436553955078
2024-01-08,191.93890380859375
2024-01-09,190.22177124023438
2024-01-10,190.32911682128906
2024-01-11,188.83636474609375
2024-01-12,188.524169921875
2024-01-16,186.19235229492188
2024-01-17,184.865478515625
2024-01-18,185.9582061767578
2024-01-19,187.7436065673828
2024-01-22,191.75352478027344
2024-01-23,191.1974334716797
2024-01-24,189.6266326904297
2024-01-25,191.1974334716797
2024-01-26,191.20718383789062
2024-01-29,194.55364990234375
2024-01-30,192.89503479003906
2024-01-31,188.18267822265625
2024-02-01,190.68032836914062
2024-02-02,189.67538452148438
2024-02-05,187.26556396484375
2024-02-06,188.95339965820312
2024-02-07,188.51441955566406
2024-02-08,191.37303161621094
2024-02-09,194.4853515625
2024-02-12,198.01719665527344
2024-02-13,189.8705596923828
2024-02-14,194.2804718017578
2024-02-15,199.46115112304688
2024-02-16,196.74884033203125
2024-02-20,194.0365447998047
2024-02-21,193.1194305419922
2024-02-22,194.58290100097656
2024-02-23,195.02195739746094
2024-02-26,196.25125122070312
2024-02-27,199.0318603515625
2024-02-28,197.3927764892578
2024-02-29,198.7684326171875
2024-03-01,200.8758087158203
2024-03-04,200.69044494628906
2024-03-05,198.7684326171875
2024-03-06,200.2514190673828
2024-03-07,201.91978454589844
2024-03-08,201.79293823242188
2024-03-11,200.19288635253906
2024-03-12,199.91970825195312
2024-03-13,200.70021057128906
2024-03-14,197.10983276367188
2024-03-15,197.48056030273438
2024-03-18,196.3488006591797
2024-03-19,197.1781463623047
2024-03-20,201.0807342529297
2024-03-21,203.39105224609375
2024-03-22,200.58384704589844
2024-03-25,201.04356384277344
2024-03-26,200.68165588378906
2024-03-27,205.05386352539062
2024-03-28,205.69943237304688
2024-04-01,203.76275634765625
2024-04-02,200.01651000976562
2024-04-03,201.32720947265625
2024-04-04,199.312255859375
2024-04-05,199.97740173339844
2024-04-08,201.07290649414062
2024-04-09,201.86520385742188
2024-04-10,196.53439331054688
2024-04-11,197.86463928222656
2024-04-12,194.34339904785156
2024-04-15,191.4970703125
2024-04-16,190.79281616210938
2024-04-17,188.77789306640625
2024-04-18,188.62136840820312
2024-04-19,188.91482543945312
2024-04-22,191.02757263183594
2024-04-23,194.2260284423828
2024-04-24,193.35549926757812
2024-04-25,192.1817626953125
2024-04-26,194.02061462402344
2024-04-29,195.58563232421875
2024-04-30,191.6144561767578
2024-05-01,192.0154571533203
2024-05-02,195.54649353027344
2024-05-03,197.4832000732422
2024-05-06,200.0360870361328
2024-05-07,200.4860382080078
2024-05-08,199.32205200195312
2024-05-09,201.35655212402344
2024-05-10,199.84043884277344
2024-05-13,200.26107788085938
2024-05-14,202.33465576171875
2024-05-15,204.85826110839844
2024-05-16,203.38125610351562
2024-05-17,203.5279998779297
2024-05-20,203.97792053222656
2024-05-21,203.78228759765625
2024-05-22,202.060791015625
2024-05-23,198.74497985839844
2024-05-24,200.9457244873047
2024-05-28,200.671875
2024-05-29,197.70816040039062
2024-05-30,199.58615112304688
2024-05-31,201.2685089111328
2024-06-03,200.13392639160156
2024-06-04,197.55165100097656
2024-06-05,200.57406616210938
2024-06-06,199.13621520996094
2024-06-07,196.79849243164062
2024-06-10,197.47340393066406
2024-06-11,196.79859924316406
2024-06-12,199.81959533691406
2024-06-13,198.0736846923828
2024-06-14,194.92514038085938
2024-06-17,196.5631561279297
2024-06-18,196.90646362304688
2024-06-20,196.07273864746094
2024-06-21,196.5141143798828
2024-06-24,197.3674774169922
2024-06-25,196.72010803222656
2024-06-26,196.20025634765625
2024-06-27,198.19140625
2024-06-28,199.0054931640625
2024-07-01,197.33804321289062
2024-07-02,198.01483154296875
2024-07-03,197.96580505371094
2024-07-05,197.024169921875
2024-07-08,198.4071807861328
2024-07-09,197.54403686523438
2024-07-10,199.47630310058594
2024-07-11,206.64634704589844
2024-07-12,209.05926513671875
2024-07-15,213.03172302246094
2024-07-16,220.2998504638672
2024-07-17,217.99481201171875
2024-07-18,213.7771453857422
2024-07-19,212.68841552734375
2024-07-22,216.07237243652344
2024-07-23,218.36756896972656
2024-07-24,213.67909240722656
2024-07-25,216.34701538085938
2024-07-26,219.9271240234375
2024-07-29,217.4847869873047
2024-07-30,218.3087158203125
2024-07-31,219.5740203857422
2024-08-01,212.4333953857422
2024-08-02,204.9200439453125
2024-08-05,198.32870483398438
2024-08-06,200.486572265625
2024-08-07,198.1129150390625
2024-08-08,202.92892456054688
2024-08-09,202.5071563720703
2024-08-12,200.68275451660156
2024-08-13,203.9882354736328
2024-08-14,202.72293090820312
2024-08-15,207.98031616210938
2024-08-16,208.5295867919922
2024-08-19,211.079833984375
2024-08-20,208.61785888671875
2024-08-21,211.33485412597656
2024-08-22,209.47122192382812
2024-08-23,216.16062927246094
2024-08-26,216.22927856445312
2024-08-27,214.55203247070312
2024-08-28,213.10037231445312
2024-08-29,214.6207275390625
2024-08-30,215.86639404296875
2024-09-03,209.26522827148438
2024-09-04,208.91212463378906
2024-09-05,207.87242126464844
2024-09-06,203.9196014404297
2024-09-09,204.4884796142578
2024-09-10,204.3217315673828
2024-09-11,204.9200439453125
2024-09-12,207.5585479736328
2024-09-13,212.67861938476562
2024-09-16,213.4436798095703
2024-09-17,215.20921325683594
2024-09-18,215.24844360351562
2024-09-19,219.68191528320312
2024-09-20,217.3278350830078
2024-09-23,216.53335571289062
2024-09-24,216.8962860107422
2024-09-25,214.25076293945312
2024-09-26,215.39244079589844
2024-09-27,216.8490447998047
2024-09-30,217.4001922607422
2024-10-01,214.4475860595703
2024-10-02,214.15235900878906
2024-10-03,212.7154083251953
2024-10-04,215.68768310546875
2024-10-07,213.99485778808594
2024-10-08,214.14248657226562
2024-10-09,214.61489868164062
2024-10-10,213.4240264892578
2024-10-11,217.76434326171875
2024-10-14,219.36859130859375
2024-10-15,219.5457763671875
2024-10-16,223.1577911376953
2024-10-17,222.54757690429688
2024-10-18,222.0850067138672
2024-10-21,218.591064453125
2024-10-22,217.76434326171875
2024-10-23,215.77627563476562
2024-10-24,216.24868774414062
2024-10-25,215.43179321289062
2024-10-28,218.94540405273438
2024-10-29,218.2367706298828
2024-10-30,217.94151306152344
2024-10-31,214.31964111328125
2024-11-01,215.52037048339844
2024-11-04,216.6128387451172
2024-11-05,220.68743896484375
2024-11-06,233.47219848632812
2024-11-07,232.64547729492188
2024-11-08,234.35797119140625
2024-11-11,237.8814239501953
2024-11-12,233.70840454101562
2024-11-13,231.3955535888672
2024-11-14,228.275634765625
2024-11-15,224.8702850341797
2024-11-18,225.31317138671875
2024-11-19,226.986328125
2024-11-20,227.2815704345703
2024-11-21,230.7361297607422
2024-11-22,234.9977264404297
2024-11-25,238.57034301757812
2024-11-26,236.81849670410156
2024-11-27,237.1432647705078
2024-11-29,238.04873657226562
2024-12-02,237.9306182861328
2024-12-03,236.23780822753906
2024-12-04,237.08424377441406
2024-12-05,234.31863403320312
2024-12-06,235.15518188476562
2024-12-09,233.97413635253906
2024-12-10,232.96041870117188
2024-12-11,234.01353454589844
2024-12-12,230.97232055664062
2024-12-13,229.38775634765625
2024-12-16,230.7361297607422
2024-12-17,228.0946044921875
2024-12-18,217.99630737304688
2024-12-19,217.0289306640625
2024-12-20,219.0624237060547
2024-12-23,218.55897521972656
2024-12-24,220.5134735107422
2024-12-26,222.7739715576172
2024-12-27,219.5263671875
2024-12-30,217.83836364746094
2024-12-31,218.11477661132812
2025-01-02,218.29244995117188
2025-01-03,221.5400848388672
2025-01-06,221.62892150878906
2025-01-07,219.85211181640625
2025-01-08,218.85511779785156
2025-01-10,214.0379638671875
2025-01-13,214.45254516601562
2025-01-14,216.89076232910156
2025-01-15,221.1551055908203
2025-01-16,221.5993194580078
2025-01-17,222.55682373046875
2025-01-21,226.83106994628906
2025-01-22,225.35035705566406
2025-01-23,226.3769989013672
2025-01-24,225.7452392578125
2025-01-27,223.58343505859375
2025-01-28,223.83023071289062
2025-01-29,223.31690979003906
2025-01-30,225.58729553222656
2025-01-31,223.56369018554688
2025-02-03,220.9477996826172
2025-02-04,224.0078887939453
2025-02-05,226.44607543945312
2025-02-06,225.7057647705078
2025-02-07,223.08987426757812
2025-02-10,224.09674072265625
2025-02-11,222.79373168945312
2025-02-12,220.74050903320312
2025-02-13,223.22805786132812
2025-02-14,223.06027221679688
2025-02-18,224.28428649902344
2025-02-19,223.5143280029297
2025-02-20,221.3722686767578
2025-02-21,214.99546813964844
2025-02-24,213.44566345214844
2025-02-25,212.63623046875
2025-02-26,212.9027557373047
2025-02-27,209.65512084960938
2025-02-28,211.88601684570312
2025-03-03,206.0915985107422
2025-03-04,203.76199340820312
2025-03-05,205.78561401367188
2025-03-06,202.6366729736328
2025-03-07,203.29803466796875
2025-03-10,198.18475341796875
2025-03-11,198.16502380371094
2025-03-12,198.510498046875
2025-03-13,195.54913330078125
2025-03-14,200.27745056152344
2025-03-17,202.80447387695312
2025-03-18,201.04345703125
2025-03-19,204.16976928710938
2025-03-20,202.8737335205078
2025-03-21,201.61727905273438
2025-03-24,206.6332244873047
2025-03-25,205.485595703125
2025-03-26,203.39810180664062
2025-03-27,202.42852783203125
2025-03-28,198.31288146972656
2025-03-31,197.36314392089844
2025-04-01,197.38290405273438
2025-04-02,200.4993438720703
2025-04-03,187.62803649902344
2025-04-04,179.2582244873047
2025-04-07,177.63572692871094
2025-04-08,172.95616149902344
2025-04-09,187.65769958496094
2025-04-10,179.772705078125
2025-04-11,182.39442443847656
2025-04-14,184.5413055419922
2025-04-15,184.7688446044922
2025-04-16,182.99794006347656
2025-04-17,184.4918212890625
2025-04-21,180.79171752929688
2025-04-22,185.4712677001953
2025-04-23,188.22164916992188
2025-04-24,191.9910125732422
2025-04-25,192.05038452148438
2025-04-28,192.86163330078125
2025-04-29,193.99937438964844
2025-04-30,192.78248596191406
2025-05-01,193.97959899902344
2025-05-02,198.3425750732422
2025-05-05,196.81900024414062
2025-05-06,194.672119140625
2025-05-07,195.315185546875
2025-05-08,199.0351104736328
2025-05-09,198.6690673828125
2025-05-12,205.6537628173828
2025-05-13,206.4056854248047
2025-05-14,204.5753936767578
2025-05-15,205.9110107421875
2025-05-16,207.6126708984375
2025-05-19,206.74205017089844
2025-05-20,206.8508758544922
2025-05-21,201.04345703125
2025-05-22,201.03355407714844
2025-05-23,200.400390625
2025-05-27,205.485595703125
2025-05-28,203.3189239501953
2025-05-29,203.92242431640625
2025-05-30,202.8836212158203
2025-06-02,203.51681518554688
2025-06-03,206.80140686035156
2025-06-04,206.21771240234375
2025-06-05,206.30674743652344
2025-06-06,209.6407928466797
2025-06-09,211.0852508544922
2025-06-10,212.2229766845703
2025-06-11,211.35238647460938
2025-06-12,210.5114288330078
2025-06-13,206.66290283203125
2025-06-16,209.0994415283203
2025-06-17,206.89703369140625
2025-06-18,207.98829650878906
2025-06-20,207.55181884765625
2025-06-23,210.0915069580078
2025-06-24,212.77012634277344
2025-06-25,210.28993225097656
2025-06-26,213.70266723632812
2025-06-27,213.7720947265625
2025-06-30,214.0796356201172
2025-07-01,216.2820587158203
2025-07-02,219.2781219482422
2025-07-03,221.3118896484375
2025-07-07,217.9884033203125
2025-07-08,219.49636840820312
2025-07-09,221.8773651123047
2025-07-10,223.0182342529297
2025-07-11,219.94281005859375
2025-07-14,221.42100524902344
2025-07-15,217.0856475830078
2025-07-16,219.26821899414062
2025-07-17,222.1452178955078
2025-07-18,220.5678253173828
2025-07-21,219.67494201660156
2025-07-22,221.50038146972656
2025-07-23,224.88333129882812
2025-07-24,221.7781524658203
2025-07-25,222.60157775878906
2025-07-28,222.3436279296875
2025-07-29,220.9249725341797
2025-07-30,219.80392456054688
2025-07-31,217.651123046875
2025-08-01,213.216552734375
2025-08-04,217.9884033203125
2025-08-05,219.09954833984375
2025-08-06,218.8118438720703
2025-08-07,218.0975341796875
2025-08-08,218.57376098632812
2025-08-11,218.52415466308594
2025-08-12,225.01231384277344
2025-08-13,229.38735961914062
2025-08-14,226.43096923828125
2025-08-15,225.3297882080078
2025-08-18,226.15321350097656
2025-08-19,224.4170684814453
2025-08-20,223.62339782714844
2025-08-21,224.17898559570312
2025-08-22,232.96875
2025-08-25,230.518310546875
2025-08-26,232.423095703125
2025-08-27,234.0699462890625
2025-08-28,234.3477325439453
2025-08-29,233.30604553222656
2025-09-02,232.04611206054688
2025-09-03,231.81793212890625
2025-09-04,234.71478271484375
2025-09-05,235.8854522705078
2025-09-08,236.36163330078125
2025-09-09,234.97274780273438
2025-09-10,234.55606079101562
2025-09-11,238.89141845703125
2025-09-12,236.45091247558594
2025-09-15,237.4529266357422
2025-09-16,237.06192016601562
2025-09-17,237.66880798339844
2025-09-18,243.58837890625
2025-09-19,241.73789978027344
2025-09-22,243.14068603515625
2025-09-23,242.59349060058594
2025-09-24,240.36495971679688
2025-09-25,238.06675720214844
2025-09-26,240.1062774658203
2025-09-29,240.3848419189453
2025-09-30,240.72311401367188
2025-10-01,241.25039672851562
2025-10-02,242.7725830078125
2025-10-03,244.57333374023438
2025-10-06,245.54830932617188
2025-10-07,242.911865234375
2025-10-08,245.4587860107422
2025-10-09,243.8769073486328
2025-10-10,236.57443237304688
2025-10-13,243.1605987548828
2025-10-14,246.6327362060547
2025-10-15,249.05032348632812
2025-10-16,243.8072509765625
2025-10-17,242.16571044921875
2025-10-20,246.89141845703125
2025-10-21,245.7274169921875
2025-10-22,242.09605407714844
2025-10-23,245.16030883789062
2025-10-24,248.15492248535156
2025-10-27,249.02047729492188
2025-10-28,247.6873321533203
2025-10-29,245.57815551757812
2025-10-30,243.5983428955078
2025-10-31,244.97128295898438
2025-11-03,244.18531799316406
2025-11-04,239.9669952392578
2025-11-05,243.42918395996094
2025-11-06,239.12135314941406
2025-11-07,240.37490844726562
2025-11-10,242.78253173828125
2025-11-11,242.99147033691406
2025-11-12,242.39451599121094
2025-11-13,235.5795440673828
2025-11-14,236.26602172851562
2025-11-17,231.57012939453125
2025-11-18,232.27651977539062
2025-11-19,232.23670959472656
2025-11-20,227.9387969970703
2025-11-21,234.3956298828125
2025-11-24,238.6736297607422
2025-11-25,243.8769073486328
2025-11-26,246.03582763671875
2025-11-28,247.4783935546875
2025-12-01,244.36439514160156
2025-12-02,243.9167022705078
2025-12-03,248.35389709472656
2025-12-04,250.53271484375
2025-12-05,249.4880828857422
2025-12-08,249.5875701904297
2025-12-09,250.1049041748047
2025-12-10,253.50743103027344
2025-12-11,256.48211669921875
2025-12-12,252.55233764648438
2025-12-15,250.6421356201172
2025-12-16,249.4562530517578
2025-12-17,246.8009796142578
2025-12-18,248.26837158203125
2025-12-19,250.34466552734375
2025-12-22,253.12973022460938
2025-12-23,251.63238525390625
2025-12-24,252.2612762451172
2025-12-26,250.9735565185547
2025-12-29,249.43629455566406
2025-12-30,247.58956909179688
2025-12-31,245.722900390625
2026-01-02,248.33824157714844
2026-01-05,252.28123474121094
2026-01-06,255.62527465820312
2026-01-07,255.02635192871094
2026-01-08,257.8113708496094
2026-01-09,259.7679138183594
2026-01-12,261.03564453125
2026-01-13,260.88592529296875
2026-01-14,262.72265625
2026-01-15,265.0385437011719
2026-01-16,265.2881164550781
2026-01-20,262.1137390136719
2026-01-21,267.3144836425781
2026-01-22,269.3109436035156
2026-01-23,264.33978271484375
2026-01-26,263.5112609863281
2026-01-27,264.25994873046875
2026-01-28,262.83245849609375
2026-01-29,262.90234375
2026-01-30,259.1889343261719
2026-02-02,261.7144470214844
2026-02-03,262.3133850097656
2026-02-04,260.0574035644531
2026-02-05,255.375732421875
2026-02-06,264.5494079589844
2026-02-09,266.4060974121094
2026-02-10,265.6873779296875
2026-02-11,264.47955322265625
2026-02-12,259.07916259765625
2026-02-13,262.4930725097656
2026-02-17,262.57293701171875
2026-02-18,263.521240234375
2026-02-19,264.1301574707031
2026-02-20,264.14013671875
2026-02-23,260.0274353027344
2026-02-24,262.8623962402344
2026-02-25,264.11016845703125
2026-02-26,265.5176696777344
2026-02-27,260.9458312988281
2026-03-02,263.341552734375
2026-03-03,258.7796630859375
2026-03-04,261.2951965332031
2026-03-05,256.3040771484375
2026-03-06,250.4445037841797
2026-03-09,253.16964721679688
2026-03-10,252.9101104736328
2026-03-11,252.40103149414062
2026-03-12,246.97068786621094
2026-03-13,246.15213012695312
2026-03-16,248.47799682617188
2026-03-17,250.0500030517578
2026-03-18,246.02000427246094
2026-03-19,247.6300048828125
2026-03-20,242.22000122070312
2026-03-23,247.4499969482422
2026-03-24,248.77999877929688
2026-03-25,251.82000732421875
2026-03-26,247.44000244140625
2026-03-27,243.10000610351562
2026-03-30,239.61000061035156
2026-03-31,248.0
2026-04-01,249.55999755859375
2026-04-02,251.2899932861328
2026-04-06,252.36000061035156
2026-04-07,252.91000366210938
2026-04-08,260.4700012207031
2026-04-09,261.9599914550781
2026-04-10,261.29998779296875
2026-04-13,265.07000732421875
2026-04-14,268.7200012207031
2026-04-15,269.3900146484375
2026-04-16,269.95001220703125
2026-04-17,275.7799987792969
2026-04-20,277.3500061035156
2026-04-21,274.510009765625
2026-04-22,276.4800109863281
2026-04-23,275.5199890136719
2026-04-24,276.6499938964844
2026-04-27,277.1400146484375
2026-04-28,273.9100036621094
2026-04-29,272.0799865722656
2026-04-30,277.9700012207031
2026-05-01,279.2799987792969
2026-05-04,277.8800048828125
2026-05-05,282.55999755859375
2026-05-06,286.79998779296875
2026-05-07,282.260009765625
2026-05-08,284.1700134277344
2026-05-11,285.3299865722656
2026-05-12,282.57000732421875
2026-05-13,282.6700134277344
2026-05-14,284.45001220703125
2026-05-15,277.6000061035156
