Date,pct_below_200dma,n_constituents
2006-05-16,25.0,72
2006-05-17,29.166666666666668,72
2006-05-18,30.555555555555557,72
2006-05-19,27.77777777777778,72
2006-05-22,27.77777777777778,72
2006-05-23,34.72222222222222,72
2006-05-24,30.555555555555557,72
2006-05-25,27.77777777777778,72
2006-05-26,29.166666666666668,72
2006-05-30,34.72222222222222,72
2006-05-31,30.555555555555557,72
2006-06-01,29.166666666666668,72
2006-06-02,26.38888888888889,72
2006-06-05,31.944444444444443,72
2006-06-06,30.555555555555557,72
2006-06-07,36.111111111111114,72
2006-06-08,37.5,72
2006-06-09,44.44444444444444,72
2006-06-12,50.0,72
2006-06-13,56.94444444444444,72
2006-06-14,56.94444444444444,72
2006-06-15,41.666666666666664,72
2006-06-16,43.05555555555556,72
2006-06-19,52.77777777777778,72
2006-06-20,54.166666666666664,72
2006-06-21,47.22222222222222,72
2006-06-22,50.0,72
2006-06-23,45.833333333333336,72
2006-06-26,43.05555555555556,72
2006-06-27,54.166666666666664,72
2006-06-28,51.388888888888886,72
2006-06-29,40.27777777777778,72
2006-06-30,41.666666666666664,72
2006-07-03,37.5,72
2006-07-05,48.611111111111114,72
2006-07-06,47.22222222222222,72
2006-07-07,52.77777777777778,72
2006-07-10,56.94444444444444,72
2006-07-11,51.388888888888886,72
2006-07-12,54.166666666666664,72
2006-07-13,58.333333333333336,72
2006-07-14,59.72222222222222,72
2006-07-17,59.72222222222222,72
2006-07-18,59.72222222222222,72
2006-07-19,55.55555555555556,72
2006-07-20,62.5,72
2006-07-21,65.27777777777777,72
2006-07-24,65.27777777777777,72
2006-07-25,61.111111111111114,72
2006-07-26,61.111111111111114,72
2006-07-27,66.66666666666667,72
2006-07-28,58.333333333333336,72
2006-07-31,59.72222222222222,72
2006-08-01,62.5,72
2006-08-02,63.888888888888886,72
2006-08-03,61.111111111111114,72
2006-08-04,62.5,72
2006-08-07,63.888888888888886,72
2006-08-08,65.27777777777777,72
2006-08-09,63.888888888888886,72
2006-08-10,62.5,72
2006-08-11,63.888888888888886,72
2006-08-14,65.27777777777777,72
2006-08-15,59.72222222222222,72
2006-08-16,58.333333333333336,72
2006-08-17,56.94444444444444,72
2006-08-18,52.77777777777778,72
2006-08-21,58.333333333333336,72
2006-08-22,56.94444444444444,72
2006-08-23,59.72222222222222,72
2006-08-24,59.72222222222222,72
2006-08-25,58.333333333333336,72
2006-08-28,56.94444444444444,72
2006-08-29,58.333333333333336,72
2006-08-30,54.166666666666664,72
2006-08-31,55.55555555555556,72
2006-09-01,54.166666666666664,72
2006-09-05,51.388888888888886,72
2006-09-06,58.333333333333336,72
2006-09-07,58.333333333333336,72
2006-09-08,56.94444444444444,72
2006-09-11,56.94444444444444,72
2006-09-12,54.166666666666664,72
2006-09-13,50.0,72
2006-09-14,51.388888888888886,72
2006-09-15,48.611111111111114,72
2006-09-18,47.22222222222222,72
2006-09-19,50.0,72
2006-09-20,45.833333333333336,72
2006-09-21,47.22222222222222,72
2006-09-22,47.22222222222222,72
2006-09-25,43.05555555555556,72
2006-09-26,41.666666666666664,72
2006-09-27,38.888888888888886,72
2006-09-28,37.5,72
2006-09-29,38.888888888888886,72
2006-10-02,44.44444444444444,72
2006-10-03,41.666666666666664,72
2006-10-04,34.72222222222222,72
2006-10-05,31.944444444444443,72
2006-10-06,33.333333333333336,72
2006-10-09,31.944444444444443,72
2006-10-10,30.555555555555557,72
2006-10-11,26.38888888888889,72
2006-10-12,23.61111111111111,72
2006-10-13,23.61111111111111,72
2006-10-16,22.22222222222222,72
2006-10-17,25.0,72
2006-10-18,26.38888888888889,72
2006-10-19,27.77777777777778,72
2006-10-20,30.555555555555557,72
2006-10-23,26.38888888888889,72
2006-10-24,29.166666666666668,72
2006-10-25,27.77777777777778,72
2006-10-26,22.22222222222222,72
2006-10-27,30.555555555555557,72
2006-10-30,26.38888888888889,72
2006-10-31,29.166666666666668,72
2006-11-01,30.555555555555557,72
2006-11-02,33.333333333333336,72
2006-11-03,34.72222222222222,72
2006-11-06,30.555555555555557,72
2006-11-07,27.77777777777778,72
2006-11-08,27.77777777777778,72
2006-11-09,29.166666666666668,72
2006-11-10,26.38888888888889,72
2006-11-13,29.166666666666668,72
2006-11-14,25.0,72
2006-11-15,19.444444444444443,72
2006-11-16,19.444444444444443,72
2006-11-17,19.444444444444443,72
2006-11-20,18.055555555555557,72
2006-11-21,19.444444444444443,72
2006-11-22,18.055555555555557,72
2006-11-24,16.666666666666668,72
2006-11-27,23.61111111111111,72
2006-11-28,25.0,72
2006-11-29,20.833333333333332,72
2006-11-30,25.0,72
2006-12-01,27.77777777777778,72
2006-12-04,22.22222222222222,72
2006-12-05,22.22222222222222,72
2006-12-06,25.0,72
2006-12-07,23.61111111111111,72
2006-12-08,25.0,72
2006-12-11,22.22222222222222,72
2006-12-12,26.38888888888889,72
2006-12-13,23.61111111111111,72
2006-12-14,23.61111111111111,72
2006-12-15,23.61111111111111,72
2006-12-18,22.22222222222222,72
2006-12-19,26.38888888888889,72
2006-12-20,25.0,72
2006-12-21,27.77777777777778,72
2006-12-22,29.166666666666668,72
2006-12-26,27.77777777777778,72
2006-12-27,26.38888888888889,72
2006-12-28,26.38888888888889,72
2006-12-29,31.944444444444443,72
2007-01-03,26.38888888888889,72
2007-01-04,26.38888888888889,72
2007-01-05,27.77777777777778,72
2007-01-08,27.77777777777778,72
2007-01-09,26.38888888888889,72
2007-01-10,27.77777777777778,72
2007-01-11,22.22222222222222,72
2007-01-12,22.22222222222222,72
2007-01-16,20.833333333333332,72
2007-01-17,22.22222222222222,72
2007-01-18,23.61111111111111,72
2007-01-19,20.833333333333332,72
2007-01-22,23.61111111111111,72
2007-01-23,23.61111111111111,72
2007-01-24,20.833333333333332,72
2007-01-25,23.61111111111111,72
2007-01-26,22.22222222222222,72
2007-01-29,23.61111111111111,72
2007-01-30,22.22222222222222,72
2007-01-31,23.61111111111111,72
2007-02-01,22.22222222222222,72
2007-02-02,20.833333333333332,72
2007-02-05,20.833333333333332,72
2007-02-06,20.833333333333332,72
2007-02-07,22.22222222222222,72
2007-02-08,23.61111111111111,72
2007-02-09,25.0,72
2007-02-12,26.38888888888889,72
2007-02-13,26.38888888888889,72
2007-02-14,20.833333333333332,72
2007-02-15,22.22222222222222,72
2007-02-16,22.22222222222222,72
2007-02-20,18.055555555555557,72
2007-02-21,16.666666666666668,72
2007-02-22,16.666666666666668,72
2007-02-23,16.666666666666668,72
2007-02-26,16.666666666666668,72
2007-02-27,20.833333333333332,72
2007-02-28,22.22222222222222,72
2007-03-01,26.38888888888889,72
2007-03-02,30.555555555555557,72
2007-03-05,31.944444444444443,72
2007-03-06,30.555555555555557,72
2007-03-07,33.333333333333336,72
2007-03-08,31.944444444444443,72
2007-03-09,30.555555555555557,72
2007-03-12,29.166666666666668,72
2007-03-13,40.27777777777778,72
2007-03-14,36.111111111111114,72
2007-03-15,33.333333333333336,72
2007-03-16,38.888888888888886,72
2007-03-19,36.111111111111114,72
2007-03-20,33.333333333333336,72
2007-03-21,29.166666666666668,72
2007-03-22,27.77777777777778,72
2007-03-23,29.166666666666668,72
2007-03-26,29.166666666666668,72
2007-03-27,27.77777777777778,72
2007-03-28,30.555555555555557,72
2007-03-29,36.111111111111114,72
2007-03-30,36.111111111111114,72
2007-04-02,33.333333333333336,72
2007-04-03,33.333333333333336,72
2007-04-04,30.555555555555557,72
2007-04-05,30.555555555555557,72
2007-04-09,29.166666666666668,72
2007-04-10,29.166666666666668,72
2007-04-11,29.166666666666668,72
2007-04-12,25.0,72
2007-04-13,23.61111111111111,72
2007-04-16,22.22222222222222,72
2007-04-17,19.444444444444443,72
2007-04-18,20.833333333333332,72
2007-04-19,22.22222222222222,72
2007-04-20,23.61111111111111,72
2007-04-23,22.22222222222222,72
2007-04-24,20.833333333333332,72
2007-04-25,20.833333333333332,72
2007-04-26,20.833333333333332,72
2007-04-27,20.833333333333332,72
2007-04-30,22.22222222222222,72
2007-05-01,22.22222222222222,72
2007-05-02,22.22222222222222,72
2007-05-03,20.833333333333332,72
2007-05-04,22.22222222222222,72
2007-05-07,20.833333333333332,72
2007-05-08,20.833333333333332,72
2007-05-09,25.0,72
2007-05-10,27.77777777777778,72
2007-05-11,25.0,72
2007-05-14,26.38888888888889,72
2007-05-15,26.38888888888889,72
2007-05-16,25.0,72
2007-05-17,26.38888888888889,72
2007-05-18,23.61111111111111,72
2007-05-21,25.0,72
2007-05-22,25.0,72
2007-05-23,26.38888888888889,72
2007-05-24,30.555555555555557,72
2007-05-25,27.77777777777778,72
2007-05-29,26.38888888888889,72
2007-05-30,23.61111111111111,72
2007-05-31,22.22222222222222,72
2007-06-01,22.22222222222222,72
2007-06-04,22.22222222222222,72
2007-06-05,25.0,72
2007-06-06,25.0,72
2007-06-07,29.166666666666668,72
2007-06-08,29.166666666666668,72
2007-06-11,29.166666666666668,72
2007-06-12,31.944444444444443,72
2007-06-13,27.77777777777778,72
2007-06-14,25.0,72
2007-06-15,25.0,72
2007-06-18,23.61111111111111,72
2007-06-19,25.0,72
2007-06-20,23.61111111111111,72
2007-06-21,23.61111111111111,72
2007-06-22,27.77777777777778,72
2007-06-25,29.166666666666668,72
2007-06-26,30.555555555555557,72
2007-06-27,29.166666666666668,72
2007-06-28,29.166666666666668,72
2007-06-29,30.555555555555557,72
2007-07-02,30.555555555555557,72
2007-07-03,27.77777777777778,72
2007-07-05,25.0,72
2007-07-06,23.61111111111111,72
2007-07-09,20.833333333333332,72
2007-07-10,23.61111111111111,72
2007-07-11,19.444444444444443,72
2007-07-12,18.055555555555557,72
2007-07-13,18.055555555555557,72
2007-07-16,19.444444444444443,72
2007-07-17,19.444444444444443,72
2007-07-18,19.444444444444443,72
2007-07-19,18.055555555555557,72
2007-07-20,18.055555555555557,72
2007-07-23,19.444444444444443,72
2007-07-24,23.61111111111111,72
2007-07-25,26.38888888888889,72
2007-07-26,34.72222222222222,72
2007-07-27,37.5,72
2007-07-30,34.72222222222222,72
2007-07-31,43.05555555555556,72
2007-08-01,40.27777777777778,72
2007-08-02,36.111111111111114,72
2007-08-03,43.05555555555556,72
2007-08-06,36.111111111111114,72
2007-08-07,36.111111111111114,72
2007-08-08,29.166666666666668,72
2007-08-09,37.5,72
2007-08-10,34.72222222222222,72
2007-08-13,36.111111111111114,72
2007-08-14,38.888888888888886,72
2007-08-15,45.833333333333336,72
2007-08-16,44.44444444444444,72
2007-08-17,38.888888888888886,72
2007-08-20,37.5,72
2007-08-21,37.5,72
2007-08-22,33.333333333333336,72
2007-08-23,34.72222222222222,72
2007-08-24,33.333333333333336,72
2007-08-27,34.72222222222222,72
2007-08-28,40.27777777777778,72
2007-08-29,36.111111111111114,72
2007-08-30,37.5,72
2007-08-31,36.111111111111114,72
2007-09-04,31.944444444444443,72
2007-09-05,34.72222222222222,72
2007-09-06,29.166666666666668,72
2007-09-07,36.111111111111114,72
2007-09-10,38.888888888888886,72
2007-09-11,34.72222222222222,72
2007-09-12,36.111111111111114,72
2007-09-13,37.5,72
2007-09-14,38.888888888888886,72
2007-09-17,41.666666666666664,72
2007-09-18,31.944444444444443,72
2007-09-19,30.555555555555557,72
2007-09-20,30.555555555555557,72
2007-09-21,34.72222222222222,72
2007-09-24,34.72222222222222,72
2007-09-25,31.944444444444443,72
2007-09-26,27.77777777777778,72
2007-09-27,26.38888888888889,72
2007-09-28,27.77777777777778,72
2007-10-01,25.0,72
2007-10-02,26.38888888888889,72
2007-10-03,26.38888888888889,72
2007-10-04,27.77777777777778,72
2007-10-05,25.0,72
2007-10-08,23.61111111111111,72
2007-10-09,23.61111111111111,72
2007-10-10,23.61111111111111,72
2007-10-11,26.38888888888889,72
2007-10-12,23.61111111111111,72
2007-10-15,26.38888888888889,72
2007-10-16,29.166666666666668,72
2007-10-17,25.0,72
2007-10-18,22.22222222222222,72
2007-10-19,33.333333333333336,72
2007-10-22,29.166666666666668,72
2007-10-23,30.555555555555557,72
2007-10-24,31.944444444444443,72
2007-10-25,37.5,72
2007-10-26,33.333333333333336,72
2007-10-29,30.555555555555557,72
2007-10-30,31.944444444444443,72
2007-10-31,29.166666666666668,72
2007-11-01,38.888888888888886,72
2007-11-02,33.333333333333336,72
2007-11-05,33.333333333333336,72
2007-11-06,33.333333333333336,72
2007-11-07,37.5,72
2007-11-08,38.888888888888886,72
2007-11-09,40.27777777777778,72
2007-11-12,44.44444444444444,72
2007-11-13,38.888888888888886,72
2007-11-14,43.05555555555556,72
2007-11-15,47.22222222222222,72
2007-11-16,41.666666666666664,72
2007-11-19,48.611111111111114,72
2007-11-20,48.611111111111114,72
2007-11-21,54.166666666666664,72
2007-11-23,50.0,72
2007-11-26,56.94444444444444,72
2007-11-27,55.55555555555556,72
2007-11-28,48.611111111111114,72
2007-11-29,44.44444444444444,72
2007-11-30,47.22222222222222,72
2007-12-03,45.833333333333336,72
2007-12-04,47.22222222222222,72
2007-12-05,41.666666666666664,72
2007-12-06,36.111111111111114,72
2007-12-07,36.111111111111114,72
2007-12-10,34.72222222222222,72
2007-12-11,41.666666666666664,72
2007-12-12,38.888888888888886,72
2007-12-13,37.5,72
2007-12-14,43.05555555555556,72
2007-12-17,51.388888888888886,72
2007-12-18,50.0,72
2007-12-19,48.611111111111114,72
2007-12-20,47.22222222222222,72
2007-12-21,41.666666666666664,72
2007-12-24,38.888888888888886,72
2007-12-26,38.888888888888886,72
2007-12-27,43.05555555555556,72
2007-12-28,41.666666666666664,72
2007-12-31,43.05555555555556,72
2008-01-02,51.388888888888886,72
2008-01-03,54.166666666666664,72
2008-01-04,61.111111111111114,72
2008-01-07,59.72222222222222,72
2008-01-08,65.27777777777777,72
2008-01-09,65.27777777777777,72
2008-01-10,62.5,72
2008-01-11,65.27777777777777,72
2008-01-14,62.5,72
2008-01-15,65.27777777777777,72
2008-01-16,63.888888888888886,72
2008-01-17,69.44444444444444,72
2008-01-18,70.83333333333333,72
2008-01-22,75.0,72
2008-01-23,77.77777777777777,72
2008-01-24,77.77777777777777,72
2008-01-25,77.77777777777777,72
2008-01-28,75.0,72
2008-01-29,75.0,72
2008-01-30,77.77777777777777,72
2008-01-31,75.0,72
2008-02-01,72.6027397260274,73
2008-02-04,75.34246575342466,73
2008-02-05,78.08219178082192,73
2008-02-06,79.45205479452055,73
2008-02-07,78.08219178082192,73
2008-02-08,78.08219178082192,73
2008-02-11,75.34246575342466,73
2008-02-12,72.6027397260274,73
2008-02-13,68.4931506849315,73
2008-02-14,75.34246575342466,73
2008-02-15,73.97260273972603,73
2008-02-19,75.34246575342466,73
2008-02-20,71.23287671232876,73
2008-02-21,75.34246575342466,73
2008-02-22,73.97260273972603,73
2008-02-25,68.4931506849315,73
2008-02-26,68.4931506849315,73
2008-02-27,68.4931506849315,73
2008-02-28,68.4931506849315,73
2008-02-29,76.71232876712328,73
2008-03-03,75.34246575342466,73
2008-03-04,75.34246575342466,73
2008-03-05,73.97260273972603,73
2008-03-06,78.08219178082192,73
2008-03-07,80.82191780821918,73
2008-03-10,82.1917808219178,73
2008-03-11,79.45205479452055,73
2008-03-12,79.45205479452055,73
2008-03-13,80.82191780821918,73
2008-03-14,80.82191780821918,73
2008-03-17,82.1917808219178,73
2008-03-18,78.08219178082192,73
2008-03-19,76.71232876712328,73
2008-03-20,75.34246575342466,73
2008-03-24,72.6027397260274,73
2008-03-25,71.23287671232876,73
2008-03-26,71.23287671232876,73
2008-03-27,73.97260273972603,73
2008-03-28,76.71232876712328,73
2008-03-31,76.71232876712328,73
2008-04-01,68.4931506849315,73
2008-04-02,69.86301369863014,73
2008-04-03,68.4931506849315,73
2008-04-04,67.12328767123287,73
2008-04-07,65.75342465753425,73
2008-04-08,71.23287671232876,73
2008-04-09,68.4931506849315,73
2008-04-10,68.4931506849315,73
2008-04-11,75.34246575342466,73
2008-04-14,75.34246575342466,73
2008-04-15,73.97260273972603,73
2008-04-16,67.12328767123287,73
2008-04-17,71.23287671232876,73
2008-04-18,65.75342465753425,73
2008-04-21,65.75342465753425,73
2008-04-22,68.4931506849315,73
2008-04-23,63.013698630136986,73
2008-04-24,63.013698630136986,73
2008-04-25,61.64383561643836,73
2008-04-28,63.013698630136986,73
2008-04-29,65.75342465753425,73
2008-04-30,63.013698630136986,73
2008-05-01,56.16438356164384,73
2008-05-02,54.794520547945204,73
2008-05-05,58.9041095890411,73
2008-05-06,54.794520547945204,73
2008-05-07,61.64383561643836,73
2008-05-08,56.16438356164384,73
2008-05-09,58.9041095890411,73
2008-05-12,49.31506849315068,73
2008-05-13,50.68493150684932,73
2008-05-14,50.68493150684932,73
2008-05-15,42.465753424657535,73
2008-05-16,42.465753424657535,73
2008-05-19,39.726027397260275,73
2008-05-20,45.205479452054796,73
2008-05-21,56.16438356164384,73
2008-05-22,52.054794520547944,73
2008-05-23,54.794520547945204,73
2008-05-27,50.0,74
2008-05-28,50.0,74
2008-05-29,43.24324324324324,74
2008-05-30,44.5945945945946,74
2008-06-02,48.648648648648646,74
2008-06-03,55.4054054054054,74
2008-06-04,44.5945945945946,74
2008-06-05,39.189189189189186,74
2008-06-06,56.75675675675676,74
2008-06-09,58.108108108108105,74
2008-06-10,59.45945945945946,74
2008-06-11,64.86486486486487,74
2008-06-12,59.45945945945946,74
2008-06-13,56.75675675675676,74
2008-06-16,55.4054054054054,74
2008-06-17,58.108108108108105,74
2008-06-18,59.45945945945946,74
2008-06-19,56.75675675675676,74
2008-06-20,64.86486486486487,74
2008-06-23,64.86486486486487,74
2008-06-24,66.21621621621621,74
2008-06-25,64.86486486486487,74
2008-06-26,67.56756756756756,74
2008-06-27,68.91891891891892,74
2008-06-30,72.97297297297297,74
2008-07-01,68.91891891891892,74
2008-07-02,74.32432432432432,74
2008-07-03,74.32432432432432,74
2008-07-07,72.97297297297297,74
2008-07-08,71.62162162162163,74
2008-07-09,72.97297297297297,74
2008-07-10,72.97297297297297,74
2008-07-11,74.32432432432432,74
2008-07-14,74.32432432432432,74
2008-07-15,74.32432432432432,74
2008-07-16,68.91891891891892,74
2008-07-17,66.21621621621621,74
2008-07-18,63.513513513513516,74
2008-07-21,67.56756756756756,74
2008-07-22,66.21621621621621,74
2008-07-23,67.56756756756756,74
2008-07-24,70.27027027027027,74
2008-07-25,71.62162162162163,74
2008-07-28,71.62162162162163,74
2008-07-29,67.56756756756756,74
2008-07-30,66.21621621621621,74
2008-07-31,63.513513513513516,74
2008-08-01,63.513513513513516,74
2008-08-04,67.56756756756756,74
2008-08-05,58.108108108108105,74
2008-08-06,60.810810810810814,74
2008-08-07,59.45945945945946,74
2008-08-08,51.351351351351354,74
2008-08-11,51.351351351351354,74
2008-08-12,51.351351351351354,74
2008-08-13,50.0,74
2008-08-14,50.0,74
2008-08-15,50.0,74
2008-08-18,51.351351351351354,74
2008-08-19,51.351351351351354,74
2008-08-20,52.7027027027027,74
2008-08-21,55.4054054054054,74
2008-08-22,54.054054054054056,74
2008-08-25,56.75675675675676,74
2008-08-26,55.4054054054054,74
2008-08-27,54.054054054054056,74
2008-08-28,52.7027027027027,74
2008-08-29,56.75675675675676,74
2008-09-02,58.108108108108105,74
2008-09-03,60.810810810810814,74
2008-09-04,67.56756756756756,74
2008-09-05,68.91891891891892,74
2008-09-08,66.21621621621621,74
2008-09-09,71.62162162162163,74
2008-09-10,74.32432432432432,74
2008-09-11,68.91891891891892,74
2008-09-12,68.91891891891892,74
2008-09-15,72.97297297297297,74
2008-09-16,70.27027027027027,74
2008-09-17,75.67567567567568,74
2008-09-18,66.21621621621621,74
2008-09-19,64.86486486486487,74
2008-09-22,71.62162162162163,74
2008-09-23,75.67567567567568,74
2008-09-24,75.67567567567568,74
2008-09-25,72.97297297297297,74
2008-09-26,72.97297297297297,74
2008-09-29,83.78378378378379,74
2008-09-30,81.08108108108108,74
2008-10-01,85.13513513513513,74
2008-10-02,89.1891891891892,74
2008-10-03,90.54054054054055,74
2008-10-06,93.24324324324324,74
2008-10-07,95.94594594594595,74
2008-10-08,97.29729729729729,74
2008-10-09,97.29729729729729,74
2008-10-10,100.0,74
2008-10-13,95.94594594594595,74
2008-10-14,97.29729729729729,74
2008-10-15,100.0,74
2008-10-16,98.64864864864865,74
2008-10-17,98.64864864864865,74
2008-10-20,98.64864864864865,74
2008-10-21,98.64864864864865,74
2008-10-22,100.0,74
2008-10-23,98.64864864864865,74
2008-10-24,98.64864864864865,74
2008-10-27,98.64864864864865,74
2008-10-28,98.64864864864865,74
2008-10-29,98.64864864864865,74
2008-10-30,98.64864864864865,74
2008-10-31,93.24324324324324,74
2008-11-03,94.5945945945946,74
2008-11-04,91.89189189189189,74
2008-11-05,97.29729729729729,74
2008-11-06,97.29729729729729,74
2008-11-07,97.29729729729729,74
2008-11-10,95.94594594594595,74
2008-11-11,97.29729729729729,74
2008-11-12,97.29729729729729,74
2008-11-13,97.29729729729729,74
2008-11-14,95.94594594594595,74
2008-11-17,95.94594594594595,74
2008-11-18,97.29729729729729,74
2008-11-19,97.29729729729729,74
2008-11-20,100.0,74
2008-11-21,98.64864864864865,74
2008-11-24,98.64864864864865,74
2008-11-25,98.64864864864865,74
2008-11-26,97.29729729729729,74
2008-11-28,94.5945945945946,74
2008-12-01,98.64864864864865,74
2008-12-02,98.64864864864865,74
2008-12-03,97.29729729729729,74
2008-12-04,97.29729729729729,74
2008-12-05,95.94594594594595,74
2008-12-08,95.94594594594595,74
2008-12-09,97.29729729729729,74
2008-12-10,97.29729729729729,74
2008-12-11,97.29729729729729,74
2008-12-12,97.29729729729729,74
2008-12-15,97.29729729729729,74
2008-12-16,94.5945945945946,74
2008-12-17,94.5945945945946,74
2008-12-18,94.5945945945946,74
2008-12-19,93.24324324324324,74
2008-12-22,93.24324324324324,74
2008-12-23,93.24324324324324,74
2008-12-24,93.24324324324324,74
2008-12-26,93.24324324324324,74
2008-12-29,94.5945945945946,74
2008-12-30,93.24324324324324,74
2008-12-31,91.89189189189189,74
2009-01-02,89.1891891891892,74
2009-01-05,89.1891891891892,74
2009-01-06,89.1891891891892,74
2009-01-07,91.89189189189189,74
2009-01-08,90.54054054054055,74
2009-01-09,91.89189189189189,74
2009-01-12,93.24324324324324,74
2009-01-13,93.24324324324324,74
2009-01-14,93.24324324324324,74
2009-01-15,93.24324324324324,74
2009-01-16,93.24324324324324,74
2009-01-20,93.24324324324324,74
2009-01-21,93.24324324324324,74
2009-01-22,93.24324324324324,74
2009-01-23,94.5945945945946,74
2009-01-26,93.24324324324324,74
2009-01-27,94.5945945945946,74
2009-01-28,90.54054054054055,74
2009-01-29,91.89189189189189,74
2009-01-30,91.89189189189189,74
2009-02-02,91.89189189189189,74
2009-02-03,90.54054054054055,74
2009-02-04,90.54054054054055,74
2009-02-05,90.54054054054055,74
2009-02-06,87.83783783783784,74
2009-02-09,87.83783783783784,74
2009-02-10,93.24324324324324,74
2009-02-11,91.89189189189189,74
2009-02-12,89.1891891891892,74
2009-02-13,89.1891891891892,74
2009-02-17,90.54054054054055,74
2009-02-18,90.54054054054055,74
2009-02-19,90.54054054054055,74
2009-02-20,90.66666666666667,75
2009-02-23,92.0,75
2009-02-24,89.33333333333333,75
2009-02-25,92.0,75
2009-02-26,93.33333333333333,75
2009-02-27,93.33333333333333,75
2009-03-02,94.66666666666667,75
2009-03-03,94.66666666666667,75
2009-03-04,94.66666666666667,75
2009-03-05,94.66666666666667,75
2009-03-06,94.66666666666667,75
2009-03-09,94.66666666666667,75
2009-03-10,93.33333333333333,75
2009-03-11,92.0,75
2009-03-12,88.0,75
2009-03-13,89.33333333333333,75
2009-03-16,90.66666666666667,75
2009-03-17,89.33333333333333,75
2009-03-18,86.66666666666667,75
2009-03-19,86.66666666666667,75
2009-03-20,90.66666666666667,75
2009-03-23,81.33333333333333,75
2009-03-24,86.66666666666667,75
2009-03-25,85.33333333333333,75
2009-03-26,77.33333333333333,75
2009-03-27,80.0,75
2009-03-30,86.66666666666667,75
2009-03-31,82.66666666666667,75
2009-04-01,80.0,75
2009-04-02,72.0,75
2009-04-03,70.66666666666667,75
2009-04-06,72.0,75
2009-04-07,77.33333333333333,75
2009-04-08,69.33333333333333,75
2009-04-09,58.666666666666664,75
2009-04-13,64.0,75
2009-04-14,64.0,75
2009-04-15,64.0,75
2009-04-16,56.0,75
2009-04-17,54.666666666666664,75
2009-04-20,68.0,75
2009-04-21,61.333333333333336,75
2009-04-22,56.0,75
2009-04-23,56.0,75
2009-04-24,54.666666666666664,75
2009-04-27,54.666666666666664,75
2009-04-28,54.666666666666664,75
2009-04-29,48.0,75
2009-04-30,44.0,75
2009-05-01,45.333333333333336,75
2009-05-04,36.0,75
2009-05-05,38.666666666666664,75
2009-05-06,38.666666666666664,75
2009-05-07,46.666666666666664,75
2009-05-08,44.0,75
2009-05-11,45.333333333333336,75
2009-05-12,46.666666666666664,75
2009-05-13,54.666666666666664,75
2009-05-14,52.0,75
2009-05-15,53.333333333333336,75
2009-05-18,44.0,75
2009-05-19,42.666666666666664,75
2009-05-20,41.333333333333336,75
2009-05-21,42.666666666666664,75
2009-05-22,46.666666666666664,75
2009-05-26,38.666666666666664,75
2009-05-27,38.666666666666664,75
2009-05-28,36.0,75
2009-05-29,33.333333333333336,75
2009-06-01,25.333333333333332,75
2009-06-02,22.666666666666668,75
2009-06-03,24.0,75
2009-06-04,21.333333333333332,75
2009-06-05,22.666666666666668,75
2009-06-08,26.666666666666668,75
2009-06-09,26.666666666666668,75
2009-06-10,26.666666666666668,75
2009-06-11,24.0,75
2009-06-12,24.0,75
2009-06-15,29.333333333333332,75
2009-06-16,30.666666666666668,75
2009-06-17,28.0,75
2009-06-18,24.0,75
2009-06-19,22.666666666666668,75
2009-06-22,30.666666666666668,75
2009-06-23,30.666666666666668,75
2009-06-24,30.666666666666668,75
2009-06-25,24.0,75
2009-06-26,24.0,75
2009-06-29,21.333333333333332,75
2009-06-30,20.0,75
2009-07-01,16.0,75
2009-07-02,25.333333333333332,75
2009-07-06,28.0,75
2009-07-07,30.666666666666668,75
2009-07-08,30.666666666666668,75
2009-07-09,28.0,75
2009-07-10,28.0,75
2009-07-13,24.0,75
2009-07-14,18.666666666666668,75
2009-07-15,16.0,75
2009-07-16,16.0,75
2009-07-17,16.0,75
2009-07-20,10.666666666666666,75
2009-07-21,9.333333333333334,75
2009-07-22,9.333333333333334,75
2009-07-23,6.666666666666667,75
2009-07-24,5.333333333333333,75
2009-07-27,4.0,75
2009-07-28,4.0,75
2009-07-29,4.0,75
2009-07-30,4.0,75
2009-07-31,4.0,75
2009-08-03,4.0,75
2009-08-04,4.0,75
2009-08-05,4.0,75
2009-08-06,6.666666666666667,75
2009-08-07,4.0,75
2009-08-10,4.0,75
2009-08-11,5.333333333333333,75
2009-08-12,4.0,75
2009-08-13,4.0,75
2009-08-14,5.333333333333333,75
2009-08-17,5.333333333333333,75
2009-08-18,6.666666666666667,75
2009-08-19,6.666666666666667,75
2009-08-20,6.666666666666667,75
2009-08-21,5.333333333333333,75
2009-08-24,5.333333333333333,75
2009-08-25,6.666666666666667,75
2009-08-26,6.666666666666667,75
2009-08-27,6.666666666666667,75
2009-08-28,6.666666666666667,75
2009-08-31,8.0,75
2009-09-01,8.0,75
2009-09-02,9.333333333333334,75
2009-09-03,9.333333333333334,75
2009-09-04,9.333333333333334,75
2009-09-08,8.0,75
2009-09-09,8.0,75
2009-09-10,9.333333333333334,75
2009-09-11,9.333333333333334,75
2009-09-14,5.333333333333333,75
2009-09-15,8.0,75
2009-09-16,6.666666666666667,75
2009-09-17,8.0,75
2009-09-18,5.333333333333333,75
2009-09-21,5.333333333333333,75
2009-09-22,6.666666666666667,75
2009-09-23,5.333333333333333,75
2009-09-24,5.333333333333333,75
2009-09-25,6.666666666666667,75
2009-09-28,5.333333333333333,75
2009-09-29,5.333333333333333,75
2009-09-30,8.0,75
2009-10-01,9.333333333333334,75
2009-10-02,10.666666666666666,75
2009-10-05,9.333333333333334,75
2009-10-06,8.0,75
2009-10-07,9.333333333333334,75
2009-10-08,6.666666666666667,75
2009-10-09,6.666666666666667,75
2009-10-12,8.0,75
2009-10-13,6.666666666666667,75
2009-10-14,5.333333333333333,75
2009-10-15,4.0,75
2009-10-16,6.666666666666667,75
2009-10-19,5.333333333333333,75
2009-10-20,8.0,75
2009-10-21,10.666666666666666,75
2009-10-22,10.666666666666666,75
2009-10-23,10.666666666666666,75
2009-10-26,14.666666666666666,75
2009-10-27,16.0,75
2009-10-28,14.666666666666666,75
2009-10-29,13.333333333333334,75
2009-10-30,17.333333333333332,75
2009-11-02,13.333333333333334,75
2009-11-03,13.333333333333334,75
2009-11-04,17.333333333333332,75
2009-11-05,16.0,75
2009-11-06,13.333333333333334,75
2009-11-09,10.666666666666666,75
2009-11-10,13.333333333333334,75
2009-11-11,10.666666666666666,75
2009-11-12,10.666666666666666,75
2009-11-13,9.333333333333334,75
2009-11-16,9.333333333333334,75
2009-11-17,9.333333333333334,75
2009-11-18,9.333333333333334,75
2009-11-19,9.333333333333334,75
2009-11-20,9.333333333333334,75
2009-11-23,9.333333333333334,75
2009-11-24,9.333333333333334,75
2009-11-25,8.0,75
2009-11-27,10.666666666666666,75
2009-11-30,9.333333333333334,75
2009-12-01,8.0,75
2009-12-02,8.0,75
2009-12-03,8.0,75
2009-12-04,9.333333333333334,75
2009-12-07,9.333333333333334,75
2009-12-08,10.666666666666666,75
2009-12-09,9.333333333333334,75
2009-12-10,9.333333333333334,75
2009-12-11,9.333333333333334,75
2009-12-14,9.333333333333334,75
2009-12-15,12.0,75
2009-12-16,12.0,75
2009-12-17,14.666666666666666,75
2009-12-18,10.666666666666666,75
2009-12-21,10.666666666666666,75
2009-12-22,10.666666666666666,75
2009-12-23,9.333333333333334,75
2009-12-24,8.0,75
2009-12-28,9.333333333333334,75
2009-12-29,9.333333333333334,75
2009-12-30,9.333333333333334,75
2009-12-31,9.333333333333334,75
2010-01-04,9.333333333333334,75
2010-01-05,10.666666666666666,75
2010-01-06,9.333333333333334,75
2010-01-07,8.0,75
2010-01-08,8.0,75
2010-01-11,8.0,75
2010-01-12,9.333333333333334,75
2010-01-13,8.0,75
2010-01-14,8.0,75
2010-01-15,9.333333333333334,75
2010-01-19,6.666666666666667,75
2010-01-20,9.333333333333334,75
2010-01-21,10.666666666666666,75
2010-01-22,14.666666666666666,75
2010-01-25,13.333333333333334,75
2010-01-26,16.0,75
2010-01-27,14.666666666666666,75
2010-01-28,20.0,75
2010-01-29,22.666666666666668,75
2010-02-01,18.666666666666668,75
2010-02-02,18.666666666666668,75
2010-02-03,20.0,75
2010-02-04,29.333333333333332,75
2010-02-05,24.0,75
2010-02-08,26.666666666666668,75
2010-02-09,25.333333333333332,75
2010-02-10,24.0,75
2010-02-11,22.666666666666668,75
2010-02-12,24.0,75
2010-02-16,18.666666666666668,75
2010-02-17,17.333333333333332,75
2010-02-18,14.666666666666666,75
2010-02-19,16.0,75
2010-02-22,18.666666666666668,75
2010-02-23,21.333333333333332,75
2010-02-24,18.666666666666668,75
2010-02-25,18.666666666666668,75
2010-02-26,21.333333333333332,75
2010-03-01,17.333333333333332,75
2010-03-02,17.333333333333332,75
2010-03-03,17.333333333333332,75
2010-03-04,16.0,75
2010-03-05,12.0,75
2010-03-08,10.666666666666666,75
2010-03-09,10.666666666666666,75
2010-03-10,10.666666666666666,75
2010-03-11,10.666666666666666,75
2010-03-12,10.666666666666666,75
2010-03-15,13.333333333333334,75
2010-03-16,12.0,75
2010-03-17,12.0,75
2010-03-18,12.0,75
2010-03-19,12.0,75
2010-03-22,8.0,75
2010-03-23,8.0,75
2010-03-24,8.0,75
2010-03-25,9.333333333333334,75
2010-03-26,9.333333333333334,75
2010-03-29,9.333333333333334,75
2010-03-30,9.333333333333334,75
2010-03-31,9.333333333333334,75
2010-04-01,9.333333333333334,75
2010-04-05,6.666666666666667,75
2010-04-06,6.666666666666667,75
2010-04-07,8.0,75
2010-04-08,8.0,75
2010-04-09,8.0,75
2010-04-12,8.0,75
2010-04-13,6.666666666666667,75
2010-04-14,6.666666666666667,75
2010-04-15,6.666666666666667,75
2010-04-16,8.0,75
2010-04-19,9.333333333333334,75
2010-04-20,6.666666666666667,75
2010-04-21,6.666666666666667,75
2010-04-22,9.333333333333334,75
2010-04-23,6.666666666666667,75
2010-04-26,9.333333333333334,75
2010-04-27,12.0,75
2010-04-28,12.0,75
2010-04-29,9.333333333333334,75
2010-04-30,14.666666666666666,75
2010-05-03,13.333333333333334,75
2010-05-04,17.333333333333332,75
2010-05-05,18.666666666666668,75
2010-05-06,32.0,75
2010-05-07,40.0,75
2010-05-10,21.333333333333332,75
2010-05-11,22.666666666666668,75
2010-05-12,16.0,75
2010-05-13,22.666666666666668,75
2010-05-14,29.333333333333332,75
2010-05-17,28.0,75
2010-05-18,32.0,75
2010-05-19,33.333333333333336,75
2010-05-20,50.666666666666664,75
2010-05-21,43.421052631578945,76
2010-05-24,48.68421052631579,76
2010-05-25,50.0,76
2010-05-26,52.63157894736842,76
2010-05-27,39.473684210526315,76
2010-05-28,43.421052631578945,76
2010-06-01,48.68421052631579,76
2010-06-02,39.473684210526315,76
2010-06-03,39.473684210526315,76
2010-06-04,48.68421052631579,76
2010-06-07,57.89473684210526,76
2010-06-08,55.26315789473684,76
2010-06-09,60.526315789473685,76
2010-06-10,46.05263157894737,76
2010-06-11,47.36842105263158,76
2010-06-14,46.05263157894737,76
2010-06-15,39.473684210526315,76
2010-06-16,39.473684210526315,76
2010-06-17,38.1578947368421,76
2010-06-18,38.1578947368421,76
2010-06-21,40.78947368421053,76
2010-06-22,44.73684210526316,76
2010-06-23,43.421052631578945,76
2010-06-24,51.31578947368421,76
2010-06-25,52.63157894736842,76
2010-06-28,51.31578947368421,76
2010-06-29,59.21052631578947,76
2010-06-30,60.526315789473685,76
2010-07-01,61.8421052631579,76
2010-07-02,68.42105263157895,76
2010-07-06,65.78947368421052,76
2010-07-07,53.94736842105263,76
2010-07-08,52.63157894736842,76
2010-07-09,52.63157894736842,76
2010-07-12,50.0,76
2010-07-13,48.68421052631579,76
2010-07-14,46.05263157894737,76
2010-07-15,46.05263157894737,76
2010-07-16,50.0,76
2010-07-19,51.31578947368421,76
2010-07-20,48.68421052631579,76
2010-07-21,51.31578947368421,76
2010-07-22,46.05263157894737,76
2010-07-23,38.96103896103896,77
2010-07-26,37.66233766233766,77
2010-07-27,36.36363636363637,77
2010-07-28,38.96103896103896,77
2010-07-29,40.25974025974026,77
2010-07-30,41.55844155844156,77
2010-08-02,33.76623376623377,77
2010-08-03,36.36363636363637,77
2010-08-04,33.76623376623377,77
2010-08-05,36.36363636363637,77
2010-08-06,38.96103896103896,77
2010-08-09,36.36363636363637,77
2010-08-10,42.857142857142854,77
2010-08-11,53.246753246753244,77
2010-08-12,59.74025974025974,77
2010-08-13,58.44155844155844,77
2010-08-16,58.44155844155844,77
2010-08-17,50.64935064935065,77
2010-08-18,48.05194805194805,77
2010-08-19,54.54545454545455,77
2010-08-20,55.84415584415584,77
2010-08-23,59.74025974025974,77
2010-08-24,63.63636363636363,77
2010-08-25,62.33766233766234,77
2010-08-26,66.23376623376623,77
2010-08-27,59.74025974025974,77
2010-08-30,63.63636363636363,77
2010-08-31,63.63636363636363,77
2010-09-01,55.84415584415584,77
2010-09-02,46.753246753246756,77
2010-09-03,44.87179487179487,78
2010-09-07,48.717948717948715,78
2010-09-08,48.717948717948715,78
2010-09-09,48.717948717948715,78
2010-09-10,47.43589743589744,78
2010-09-13,46.15384615384615,78
2010-09-14,39.743589743589745,78
2010-09-15,42.30769230769231,78
2010-09-16,37.17948717948718,78
2010-09-17,34.61538461538461,78
2010-09-20,30.76923076923077,78
2010-09-21,33.333333333333336,78
2010-09-22,32.05128205128205,78
2010-09-23,37.17948717948718,78
2010-09-24,30.76923076923077,78
2010-09-27,32.05128205128205,78
2010-09-28,30.76923076923077,78
2010-09-29,32.05128205128205,78
2010-09-30,32.05128205128205,78
2010-10-01,32.05128205128205,78
2010-10-04,30.76923076923077,78
2010-10-05,29.487179487179485,78
2010-10-06,30.76923076923077,78
2010-10-07,29.487179487179485,78
2010-10-08,29.487179487179485,78
2010-10-11,29.487179487179485,78
2010-10-12,29.487179487179485,78
2010-10-13,29.487179487179485,78
2010-10-14,29.487179487179485,78
2010-10-15,26.923076923076923,78
2010-10-18,25.641025641025642,78
2010-10-19,30.379746835443036,79
2010-10-20,27.848101265822784,79
2010-10-21,27.848101265822784,79
2010-10-22,29.11392405063291,79
2010-10-25,27.848101265822784,79
2010-10-26,26.582278481012658,79
2010-10-27,25.31645569620253,79
2010-10-28,25.31645569620253,79
2010-10-29,24.050632911392405,79
2010-11-01,21.518987341772153,79
2010-11-02,21.518987341772153,79
2010-11-03,21.518987341772153,79
2010-11-04,17.72151898734177,79
2010-11-05,20.253164556962027,79
2010-11-08,20.253164556962027,79
2010-11-09,18.9873417721519,79
2010-11-10,21.518987341772153,79
2010-11-11,21.518987341772153,79
2010-11-12,24.050632911392405,79
2010-11-15,24.050632911392405,79
2010-11-16,27.848101265822784,79
2010-11-17,26.582278481012658,79
2010-11-18,24.050632911392405,79
2010-11-19,22.78481012658228,79
2010-11-22,20.253164556962027,79
2010-11-23,24.050632911392405,79
2010-11-24,20.253164556962027,79
2010-11-26,21.518987341772153,79
2010-11-29,22.78481012658228,79
2010-11-30,22.78481012658228,79
2010-12-01,22.78481012658228,79
2010-12-02,21.518987341772153,79
2010-12-03,20.253164556962027,79
2010-12-06,20.253164556962027,79
2010-12-07,17.72151898734177,79
2010-12-08,16.455696202531644,79
2010-12-09,16.455696202531644,79
2010-12-10,16.455696202531644,79
2010-12-13,16.455696202531644,79
2010-12-14,13.924050632911392,79
2010-12-15,13.924050632911392,79
2010-12-16,13.924050632911392,79
2010-12-17,15.189873417721518,79
2010-12-20,15.189873417721518,79
2010-12-21,11.39240506329114,79
2010-12-22,11.39240506329114,79
2010-12-23,11.39240506329114,79
2010-12-27,12.658227848101266,79
2010-12-28,12.658227848101266,79
2010-12-29,12.658227848101266,79
2010-12-30,11.39240506329114,79
2010-12-31,13.924050632911392,79
2011-01-03,11.39240506329114,79
2011-01-04,12.658227848101266,79
2011-01-05,7.594936708860759,79
2011-01-06,7.594936708860759,79
2011-01-07,10.126582278481013,79
2011-01-10,11.39240506329114,79
2011-01-11,10.126582278481013,79
2011-01-12,10.126582278481013,79
2011-01-13,11.39240506329114,79
2011-01-14,11.39240506329114,79
2011-01-18,8.860759493670885,79
2011-01-19,10.126582278481013,79
2011-01-20,11.39240506329114,79
2011-01-21,11.39240506329114,79
2011-01-24,10.126582278481013,79
2011-01-25,12.658227848101266,79
2011-01-26,12.658227848101266,79
2011-01-27,11.39240506329114,79
2011-01-28,12.658227848101266,79
2011-01-31,11.39240506329114,79
2011-02-01,10.126582278481013,79
2011-02-02,8.860759493670885,79
2011-02-03,8.860759493670885,79
2011-02-04,8.860759493670885,79
2011-02-07,10.126582278481013,79
2011-02-08,8.860759493670885,79
2011-02-09,8.860759493670885,79
2011-02-10,10.126582278481013,79
2011-02-11,10.126582278481013,79
2011-02-14,10.126582278481013,79
2011-02-15,8.860759493670885,79
2011-02-16,8.860759493670885,79
2011-02-17,7.594936708860759,79
2011-02-18,8.860759493670885,79
2011-02-22,11.39240506329114,79
2011-02-23,13.924050632911392,79
2011-02-24,15.189873417721518,79
2011-02-25,12.658227848101266,79
2011-02-28,13.924050632911392,79
2011-03-01,13.924050632911392,79
2011-03-02,13.924050632911392,79
2011-03-03,12.658227848101266,79
2011-03-04,13.924050632911392,79
2011-03-07,13.924050632911392,79
2011-03-08,10.126582278481013,79
2011-03-09,7.594936708860759,79
2011-03-10,12.658227848101266,79
2011-03-11,8.860759493670885,79
2011-03-14,13.924050632911392,79
2011-03-15,17.72151898734177,79
2011-03-16,20.253164556962027,79
2011-03-17,20.253164556962027,79
2011-03-18,21.518987341772153,79
2011-03-21,16.455696202531644,79
2011-03-22,15.189873417721518,79
2011-03-23,13.924050632911392,79
2011-03-24,11.39240506329114,79
2011-03-25,15.189873417721518,79
2011-03-28,17.72151898734177,79
2011-03-29,13.924050632911392,79
2011-03-30,12.658227848101266,79
2011-03-31,13.924050632911392,79
2011-04-01,13.924050632911392,79
2011-04-04,12.658227848101266,79
2011-04-05,11.39240506329114,79
2011-04-06,11.39240506329114,79
2011-04-07,12.658227848101266,79
2011-04-08,12.658227848101266,79
2011-04-11,13.924050632911392,79
2011-04-12,13.75,80
2011-04-13,13.75,80
2011-04-14,13.75,80
2011-04-15,15.0,80
2011-04-18,15.0,80
2011-04-19,16.25,80
2011-04-20,12.5,80
2011-04-21,13.75,80
2011-04-25,11.25,80
2011-04-26,8.75,80
2011-04-27,7.5,80
2011-04-28,8.75,80
2011-04-29,7.5,80
2011-05-02,8.75,80
2011-05-03,10.0,80
2011-05-04,7.5,80
2011-05-05,8.75,80
2011-05-06,8.75,80
2011-05-09,8.75,80
2011-05-10,8.75,80
2011-05-11,10.0,80
2011-05-12,8.75,80
2011-05-13,8.75,80
2011-05-16,10.0,80
2011-05-17,11.25,80
2011-05-18,10.0,80
2011-05-19,10.0,80
2011-05-20,11.11111111111111,81
2011-05-23,11.11111111111111,81
2011-05-24,11.11111111111111,81
2011-05-25,11.11111111111111,81
2011-05-26,9.876543209876543,81
2011-05-27,11.11111111111111,81
2011-05-31,9.876543209876543,81
2011-06-01,12.345679012345679,81
2011-06-02,12.345679012345679,81
2011-06-03,12.345679012345679,81
2011-06-06,17.28395061728395,81
2011-06-07,18.51851851851852,81
2011-06-08,20.987654320987655,81
2011-06-09,22.22222222222222,81
2011-06-10,25.925925925925927,81
2011-06-13,29.62962962962963,81
2011-06-14,24.691358024691358,81
2011-06-15,30.864197530864196,81
2011-06-16,34.5679012345679,81
2011-06-17,37.03703703703704,81
2011-06-20,37.03703703703704,81
2011-06-21,29.62962962962963,81
2011-06-22,32.098765432098766,81
2011-06-23,29.62962962962963,81
2011-06-24,33.333333333333336,81
2011-06-27,30.864197530864196,81
2011-06-28,27.160493827160494,81
2011-06-29,28.395061728395063,81
2011-06-30,25.925925925925927,81
2011-07-01,20.987654320987655,81
2011-07-05,22.22222222222222,81
2011-07-06,20.987654320987655,81
2011-07-07,17.28395061728395,81
2011-07-08,19.753086419753085,81
2011-07-11,24.691358024691358,81
2011-07-12,25.925925925925927,81
2011-07-13,29.62962962962963,81
2011-07-14,35.80246913580247,81
2011-07-15,32.098765432098766,81
2011-07-18,35.80246913580247,81
2011-07-19,32.098765432098766,81
2011-07-20,33.333333333333336,81
2011-07-21,32.098765432098766,81
2011-07-22,32.098765432098766,81
2011-07-25,34.5679012345679,81
2011-07-26,34.5679012345679,81
2011-07-27,41.97530864197531,81
2011-07-28,40.74074074074074,81
2011-07-29,41.97530864197531,81
2011-08-01,44.44444444444444,81
2011-08-02,56.79012345679013,81
2011-08-03,53.08641975308642,81
2011-08-04,69.1358024691358,81
2011-08-05,75.30864197530865,81
2011-08-08,90.12345679012346,81
2011-08-09,79.01234567901234,81
2011-08-10,88.88888888888889,81
2011-08-11,82.71604938271605,81
2011-08-12,74.07407407407408,81
2011-08-15,70.37037037037037,81
2011-08-16,71.60493827160494,81
2011-08-17,70.37037037037037,81
2011-08-18,88.88888888888889,81
2011-08-19,87.65432098765432,81
2011-08-22,87.65432098765432,81
2011-08-23,74.07407407407408,81
2011-08-24,72.8395061728395,81
2011-08-25,77.77777777777777,81
2011-08-26,74.07407407407408,81
2011-08-29,66.66666666666667,81
2011-08-30,60.49382716049383,81
2011-08-31,58.02469135802469,81
2011-09-01,62.96296296296296,81
2011-09-02,72.8395061728395,81
2011-09-06,74.07407407407408,81
2011-09-07,64.19753086419753,81
2011-09-08,69.1358024691358,81
2011-09-09,75.30864197530865,81
2011-09-12,75.30864197530865,81
2011-09-13,72.8395061728395,81
2011-09-14,64.19753086419753,81
2011-09-15,60.49382716049383,81
2011-09-16,61.72839506172839,81
2011-09-19,61.72839506172839,81
2011-09-20,65.4320987654321,81
2011-09-21,72.8395061728395,81
2011-09-22,74.07407407407408,81
2011-09-23,75.30864197530865,81
2011-09-26,70.37037037037037,81
2011-09-27,66.66666666666667,81
2011-09-28,74.07407407407408,81
2011-09-29,74.07407407407408,81
2011-09-30,75.30864197530865,81
2011-10-03,83.95061728395062,81
2011-10-04,79.01234567901234,81
2011-10-05,76.54320987654322,81
2011-10-06,71.60493827160494,81
2011-10-07,69.1358024691358,81
2011-10-10,61.72839506172839,81
2011-10-11,62.96296296296296,81
2011-10-12,58.02469135802469,81
2011-10-13,55.55555555555556,81
2011-10-14,48.148148148148145,81
2011-10-17,55.55555555555556,81
2011-10-18,48.148148148148145,81
2011-10-19,53.08641975308642,81
2011-10-20,51.851851851851855,81
2011-10-21,48.148148148148145,81
2011-10-24,46.91358024691358,81
2011-10-25,45.67901234567901,81
2011-10-26,44.44444444444444,81
2011-10-27,35.80246913580247,81
2011-10-28,38.27160493827161,81
2011-10-31,43.20987654320987,81
2011-11-01,53.08641975308642,81
2011-11-02,50.617283950617285,81
2011-11-03,40.74074074074074,81
2011-11-04,39.50617283950617,81
2011-11-07,39.50617283950617,81
2011-11-08,35.80246913580247,81
2011-11-09,46.91358024691358,81
2011-11-10,45.67901234567901,81
2011-11-11,39.50617283950617,81
2011-11-14,43.20987654320987,81
2011-11-15,40.74074074074074,81
2011-11-16,45.67901234567901,81
2011-11-17,53.08641975308642,81
2011-11-18,56.79012345679013,81
2011-11-21,58.02469135802469,81
2011-11-22,58.02469135802469,81
2011-11-23,64.19753086419753,81
2011-11-25,64.19753086419753,81
2011-11-28,56.79012345679013,81
2011-11-29,58.02469135802469,81
2011-11-30,46.91358024691358,81
2011-12-01,48.148148148148145,81
2011-12-02,45.67901234567901,81
2011-12-05,43.20987654320987,81
2011-12-06,43.20987654320987,81
2011-12-07,43.20987654320987,81
2011-12-08,50.617283950617285,81
2011-12-09,44.44444444444444,81
2011-12-12,48.148148148148145,81
2011-12-13,46.91358024691358,81
2011-12-14,53.08641975308642,81
2011-12-15,49.382716049382715,81
2011-12-16,45.67901234567901,81
2011-12-19,49.382716049382715,81
2011-12-20,43.20987654320987,81
2011-12-21,44.44444444444444,81
2011-12-22,41.97530864197531,81
2011-12-23,40.74074074074074,81
2011-12-27,40.74074074074074,81
2011-12-28,41.97530864197531,81
2011-12-29,38.27160493827161,81
2011-12-30,37.03703703703704,81
2012-01-03,37.03703703703704,81
2012-01-04,38.27160493827161,81
2012-01-05,34.5679012345679,81
2012-01-06,34.5679012345679,81
2012-01-09,35.80246913580247,81
2012-01-10,30.864197530864196,81
2012-01-11,29.62962962962963,81
2012-01-12,32.098765432098766,81
2012-01-13,34.5679012345679,81
2012-01-17,32.098765432098766,81
2012-01-18,25.925925925925927,81
2012-01-19,22.22222222222222,81
2012-01-20,20.987654320987655,81
2012-01-23,22.22222222222222,81
2012-01-24,20.987654320987655,81
2012-01-25,16.049382716049383,81
2012-01-26,14.814814814814815,81
2012-01-27,14.814814814814815,81
2012-01-30,18.51851851851852,81
2012-01-31,17.28395061728395,81
2012-02-01,17.28395061728395,81
2012-02-02,16.049382716049383,81
2012-02-03,13.580246913580247,81
2012-02-06,16.049382716049383,81
2012-02-07,16.049382716049383,81
2012-02-08,17.28395061728395,81
2012-02-09,18.51851851851852,81
2012-02-10,17.28395061728395,81
2012-02-13,17.28395061728395,81
2012-02-14,18.51851851851852,81
2012-02-15,18.51851851851852,81
2012-02-16,14.814814814814815,81
2012-02-17,17.28395061728395,81
2012-02-21,17.28395061728395,81
2012-02-22,18.51851851851852,81
2012-02-23,16.049382716049383,81
2012-02-24,16.049382716049383,81
2012-02-27,16.049382716049383,81
2012-02-28,17.28395061728395,81
2012-02-29,18.51851851851852,81
2012-03-01,17.28395061728395,81
2012-03-02,18.51851851851852,81
2012-03-05,18.51851851851852,81
2012-03-06,19.753086419753085,81
2012-03-07,19.753086419753085,81
2012-03-08,16.049382716049383,81
2012-03-09,16.049382716049383,81
2012-03-12,14.814814814814815,81
2012-03-13,13.580246913580247,81
2012-03-14,16.049382716049383,81
2012-03-15,14.814814814814815,81
2012-03-16,13.580246913580247,81
2012-03-19,13.580246913580247,81
2012-03-20,16.049382716049383,81
2012-03-21,13.580246913580247,81
2012-03-22,14.814814814814815,81
2012-03-23,13.580246913580247,81
2012-03-26,11.11111111111111,81
2012-03-27,9.876543209876543,81
2012-03-28,12.345679012345679,81
2012-03-29,13.580246913580247,81
2012-03-30,12.345679012345679,81
2012-04-02,12.345679012345679,81
2012-04-03,12.345679012345679,81
2012-04-04,13.580246913580247,81
2012-04-05,13.580246913580247,81
2012-04-09,17.28395061728395,81
2012-04-10,17.28395061728395,81
2012-04-11,17.28395061728395,81
2012-04-12,14.814814814814815,81
2012-04-13,16.049382716049383,81
2012-04-16,17.28395061728395,81
2012-04-17,14.814814814814815,81
2012-04-18,16.049382716049383,81
2012-04-19,18.51851851851852,81
2012-04-20,17.28395061728395,81
2012-04-23,22.22222222222222,81
2012-04-24,19.753086419753085,81
2012-04-25,17.28395061728395,81
2012-04-26,16.049382716049383,81
2012-04-27,13.580246913580247,81
2012-04-30,14.814814814814815,81
2012-05-01,14.814814814814815,81
2012-05-02,12.345679012345679,81
2012-05-03,16.049382716049383,81
2012-05-04,19.753086419753085,81
2012-05-07,18.51851851851852,81
2012-05-08,20.987654320987655,81
2012-05-09,20.987654320987655,81
2012-05-10,22.22222222222222,81
2012-05-11,20.987654320987655,81
2012-05-14,22.22222222222222,81
2012-05-15,23.45679012345679,81
2012-05-16,28.395061728395063,81
2012-05-17,32.098765432098766,81
2012-05-18,41.97530864197531,81
2012-05-21,29.62962962962963,81
2012-05-22,30.864197530864196,81
2012-05-23,28.395061728395063,81
2012-05-24,30.864197530864196,81
2012-05-25,32.098765432098766,81
2012-05-29,27.160493827160494,81
2012-05-30,35.80246913580247,81
2012-05-31,38.27160493827161,81
2012-06-01,45.67901234567901,81
2012-06-04,46.91358024691358,81
2012-06-05,45.67901234567901,81
2012-06-06,38.27160493827161,81
2012-06-07,39.50617283950617,81
2012-06-08,35.80246913580247,81
2012-06-11,39.50617283950617,81
2012-06-12,34.5679012345679,81
2012-06-13,37.03703703703704,81
2012-06-14,40.74074074074074,81
2012-06-15,37.03703703703704,81
2012-06-18,34.5679012345679,81
2012-06-19,30.864197530864196,81
2012-06-20,30.864197530864196,81
2012-06-21,39.50617283950617,81
2012-06-22,34.5679012345679,81
2012-06-25,43.20987654320987,81
2012-06-26,40.74074074074074,81
2012-06-27,40.74074074074074,81
2012-06-28,39.50617283950617,81
2012-06-29,32.098765432098766,81
2012-07-02,33.333333333333336,81
2012-07-03,30.864197530864196,81
2012-07-05,28.395061728395063,81
2012-07-06,34.5679012345679,81
2012-07-09,37.03703703703704,81
2012-07-10,38.27160493827161,81
2012-07-11,40.74074074074074,81
2012-07-12,44.44444444444444,81
2012-07-13,39.50617283950617,81
2012-07-16,41.97530864197531,81
2012-07-17,41.97530864197531,81
2012-07-18,32.098765432098766,81
2012-07-19,30.864197530864196,81
2012-07-20,33.333333333333336,81
2012-07-23,39.50617283950617,81
2012-07-24,43.20987654320987,81
2012-07-25,41.97530864197531,81
2012-07-26,34.5679012345679,81
2012-07-27,25.925925925925927,81
2012-07-30,32.098765432098766,81
2012-07-31,34.5679012345679,81
2012-08-01,35.80246913580247,81
2012-08-02,37.03703703703704,81
2012-08-03,30.864197530864196,81
2012-08-06,29.62962962962963,81
2012-08-07,22.22222222222222,81
2012-08-08,20.987654320987655,81
2012-08-09,23.45679012345679,81
2012-08-10,23.45679012345679,81
2012-08-13,23.45679012345679,81
2012-08-14,25.925925925925927,81
2012-08-15,24.691358024691358,81
2012-08-16,19.753086419753085,81
2012-08-17,20.987654320987655,81
2012-08-20,22.22222222222222,81
2012-08-21,22.22222222222222,81
2012-08-22,23.45679012345679,81
2012-08-23,27.160493827160494,81
2012-08-24,27.160493827160494,81
2012-08-27,29.62962962962963,81
2012-08-28,29.62962962962963,81
2012-08-29,28.395061728395063,81
2012-08-30,30.864197530864196,81
2012-08-31,30.864197530864196,81
2012-09-04,32.098765432098766,81
2012-09-05,32.098765432098766,81
2012-09-06,27.160493827160494,81
2012-09-07,23.45679012345679,81
2012-09-10,25.925925925925927,81
2012-09-11,24.691358024691358,81
2012-09-12,25.925925925925927,81
2012-09-13,24.691358024691358,81
2012-09-14,23.45679012345679,81
2012-09-17,19.753086419753085,81
2012-09-18,19.753086419753085,81
2012-09-19,22.22222222222222,81
2012-09-20,24.691358024691358,81
2012-09-21,23.45679012345679,81
2012-09-24,27.160493827160494,81
2012-09-25,32.098765432098766,81
2012-09-26,33.333333333333336,81
2012-09-27,29.62962962962963,81
2012-09-28,34.5679012345679,81
2012-10-01,33.333333333333336,81
2012-10-02,34.5679012345679,81
2012-10-03,37.03703703703704,81
2012-10-04,32.098765432098766,81
2012-10-05,34.5679012345679,81
2012-10-08,37.03703703703704,81
2012-10-09,41.97530864197531,81
2012-10-10,43.20987654320987,81
2012-10-11,45.67901234567901,81
2012-10-12,43.20987654320987,81
2012-10-15,38.27160493827161,81
2012-10-16,37.03703703703704,81
2012-10-17,34.5679012345679,81
2012-10-18,35.80246913580247,81
2012-10-19,43.20987654320987,81
2012-10-22,44.44444444444444,81
2012-10-23,44.44444444444444,81
2012-10-24,48.148148148148145,81
2012-10-25,44.44444444444444,81
2012-10-26,44.44444444444444,81
2012-10-31,45.67901234567901,81
2012-11-01,39.50617283950617,81
2012-11-02,45.67901234567901,81
2012-11-05,44.44444444444444,81
2012-11-06,35.80246913580247,81
2012-11-07,44.44444444444444,81
2012-11-08,49.382716049382715,81
2012-11-09,49.382716049382715,81
2012-11-12,50.617283950617285,81
2012-11-13,50.617283950617285,81
2012-11-14,54.32098765432099,81
2012-11-15,54.32098765432099,81
2012-11-16,50.617283950617285,81
2012-11-19,46.91358024691358,81
2012-11-20,48.148148148148145,81
2012-11-21,44.44444444444444,81
2012-11-23,38.27160493827161,81
2012-11-26,40.74074074074074,81
2012-11-27,43.20987654320987,81
2012-11-28,38.27160493827161,81
2012-11-29,35.80246913580247,81
2012-11-30,35.80246913580247,81
2012-12-03,38.27160493827161,81
2012-12-04,37.03703703703704,81
2012-12-05,38.27160493827161,81
2012-12-06,35.80246913580247,81
2012-12-07,34.5679012345679,81
2012-12-10,35.80246913580247,81
2012-12-11,29.62962962962963,81
2012-12-12,33.333333333333336,81
2012-12-13,32.098765432098766,81
2012-12-14,34.5679012345679,81
2012-12-17,27.160493827160494,81
2012-12-18,27.160493827160494,81
2012-12-19,28.395061728395063,81
2012-12-20,23.45679012345679,81
2012-12-21,32.098765432098766,81
2012-12-24,30.864197530864196,81
2012-12-26,33.333333333333336,81
2012-12-27,34.5679012345679,81
2012-12-28,38.27160493827161,81
2012-12-31,32.098765432098766,81
2013-01-02,22.22222222222222,81
2013-01-03,20.987654320987655,81
2013-01-04,17.28395061728395,81
2013-01-07,22.22222222222222,81
2013-01-08,22.22222222222222,81
2013-01-09,23.45679012345679,81
2013-01-10,20.987654320987655,81
2013-01-11,19.753086419753085,81
2013-01-14,22.22222222222222,81
2013-01-15,22.22222222222222,81
2013-01-16,20.987654320987655,81
2013-01-17,20.987654320987655,81
2013-01-18,19.753086419753085,81
2013-01-22,18.51851851851852,81
2013-01-23,16.049382716049383,81
2013-01-24,14.814814814814815,81
2013-01-25,16.049382716049383,81
2013-01-28,14.814814814814815,81
2013-01-29,14.814814814814815,81
2013-01-30,14.814814814814815,81
2013-01-31,13.580246913580247,81
2013-02-01,13.580246913580247,81
2013-02-04,13.580246913580247,81
2013-02-05,13.580246913580247,81
2013-02-06,13.580246913580247,81
2013-02-07,13.580246913580247,81
2013-02-08,13.580246913580247,81
2013-02-11,13.580246913580247,81
2013-02-12,14.814814814814815,81
2013-02-13,16.049382716049383,81
2013-02-14,16.049382716049383,81
2013-02-15,17.28395061728395,81
2013-02-19,17.28395061728395,81
2013-02-20,17.28395061728395,81
2013-02-21,17.28395061728395,81
2013-02-22,14.814814814814815,81
2013-02-25,17.28395061728395,81
2013-02-26,16.049382716049383,81
2013-02-27,16.049382716049383,81
2013-02-28,14.814814814814815,81
2013-03-01,13.580246913580247,81
2013-03-04,14.814814814814815,81
2013-03-05,9.876543209876543,81
2013-03-06,12.345679012345679,81
2013-03-07,12.195121951219512,82
2013-03-08,10.975609756097562,82
2013-03-11,10.975609756097562,82
2013-03-12,10.975609756097562,82
2013-03-13,10.975609756097562,82
2013-03-14,10.975609756097562,82
2013-03-15,10.975609756097562,82
2013-03-18,12.195121951219512,82
2013-03-19,12.195121951219512,82
2013-03-20,12.195121951219512,82
2013-03-21,12.195121951219512,82
2013-03-22,12.195121951219512,82
2013-03-25,13.414634146341463,82
2013-03-26,13.414634146341463,82
2013-03-27,12.195121951219512,82
2013-03-28,9.75609756097561,82
2013-04-01,10.975609756097562,82
2013-04-02,10.975609756097562,82
2013-04-03,12.195121951219512,82
2013-04-04,12.195121951219512,82
2013-04-05,12.195121951219512,82
2013-04-08,12.195121951219512,82
2013-04-09,12.195121951219512,82
2013-04-10,8.536585365853659,82
2013-04-11,8.536585365853659,82
2013-04-12,8.536585365853659,82
2013-04-15,9.75609756097561,82
2013-04-16,9.75609756097561,82
2013-04-17,12.195121951219512,82
2013-04-18,12.195121951219512,82
2013-04-19,14.634146341463415,82
2013-04-22,14.634146341463415,82
2013-04-23,12.195121951219512,82
2013-04-24,10.975609756097562,82
2013-04-25,10.975609756097562,82
2013-04-26,13.414634146341463,82
2013-04-29,12.195121951219512,82
2013-04-30,12.195121951219512,82
2013-05-01,13.414634146341463,82
2013-05-02,9.75609756097561,82
2013-05-03,9.75609756097561,82
2013-05-06,9.75609756097561,82
2013-05-07,9.75609756097561,82
2013-05-08,10.843373493975903,83
2013-05-09,10.843373493975903,83
2013-05-10,10.843373493975903,83
2013-05-13,10.843373493975903,83
2013-05-14,10.843373493975903,83
2013-05-15,9.63855421686747,83
2013-05-16,9.63855421686747,83
2013-05-17,9.63855421686747,83
2013-05-20,9.63855421686747,83
2013-05-21,9.63855421686747,83
2013-05-22,9.63855421686747,83
2013-05-23,10.843373493975903,83
2013-05-24,10.843373493975903,83
2013-05-28,12.048192771084338,83
2013-05-29,12.048192771084338,83
2013-05-30,12.048192771084338,83
2013-05-31,11.904761904761905,84
2013-06-03,11.904761904761905,84
2013-06-04,11.904761904761905,84
2013-06-05,11.904761904761905,84
2013-06-06,13.095238095238095,84
2013-06-07,13.095238095238095,84
2013-06-10,13.095238095238095,84
2013-06-11,15.476190476190476,84
2013-06-12,15.476190476190476,84
2013-06-13,14.285714285714286,84
2013-06-14,15.476190476190476,84
2013-06-17,15.476190476190476,84
2013-06-18,14.285714285714286,84
2013-06-19,16.666666666666668,84
2013-06-20,20.238095238095237,84
2013-06-21,19.047619047619047,84
2013-06-24,20.238095238095237,84
2013-06-25,17.857142857142858,84
2013-06-26,17.857142857142858,84
2013-06-27,16.666666666666668,84
2013-06-28,16.666666666666668,84
2013-07-01,16.666666666666668,84
2013-07-02,16.666666666666668,84
2013-07-03,16.666666666666668,84
2013-07-05,16.666666666666668,84
2013-07-08,15.476190476190476,84
2013-07-09,13.095238095238095,84
2013-07-10,14.285714285714286,84
2013-07-11,10.714285714285714,84
2013-07-12,9.523809523809524,84
2013-07-15,9.523809523809524,84
2013-07-16,9.523809523809524,84
2013-07-17,9.523809523809524,84
2013-07-18,7.142857142857143,84
2013-07-19,7.142857142857143,84
2013-07-22,7.142857142857143,84
2013-07-23,7.142857142857143,84
2013-07-24,8.333333333333334,84
2013-07-25,5.9523809523809526,84
2013-07-26,7.142857142857143,84
2013-07-29,8.333333333333334,84
2013-07-30,7.142857142857143,84
2013-07-31,7.142857142857143,84
2013-08-01,6.976744186046512,86
2013-08-02,6.976744186046512,86
2013-08-05,5.813953488372093,86
2013-08-06,6.976744186046512,86
2013-08-07,8.13953488372093,86
2013-08-08,5.813953488372093,86
2013-08-09,5.813953488372093,86
2013-08-12,6.976744186046512,86
2013-08-13,5.813953488372093,86
2013-08-14,5.813953488372093,86
2013-08-15,11.627906976744185,86
2013-08-16,11.627906976744185,86
2013-08-19,13.953488372093023,86
2013-08-20,12.790697674418604,86
2013-08-21,12.790697674418604,86
2013-08-22,10.465116279069768,86
2013-08-23,9.30232558139535,86
2013-08-26,12.790697674418604,86
2013-08-27,13.953488372093023,86
2013-08-28,13.953488372093023,86
2013-08-29,13.953488372093023,86
2013-08-30,12.790697674418604,86
2013-09-03,15.116279069767442,86
2013-09-04,13.953488372093023,86
2013-09-05,12.790697674418604,86
2013-09-06,12.790697674418604,86
2013-09-09,10.465116279069768,86
2013-09-10,8.13953488372093,86
2013-09-11,8.13953488372093,86
2013-09-12,8.13953488372093,86
2013-09-13,8.13953488372093,86
2013-09-16,9.30232558139535,86
2013-09-17,8.13953488372093,86
2013-09-18,6.976744186046512,86
2013-09-19,6.976744186046512,86
2013-09-20,6.976744186046512,86
2013-09-23,5.813953488372093,86
2013-09-24,9.30232558139535,86
2013-09-25,11.627906976744185,86
2013-09-26,10.465116279069768,86
2013-09-27,11.627906976744185,86
2013-09-30,11.627906976744185,86
2013-10-01,10.465116279069768,86
2013-10-02,10.465116279069768,86
2013-10-03,11.627906976744185,86
2013-10-04,11.627906976744185,86
2013-10-07,11.627906976744185,86
2013-10-08,11.627906976744185,86
2013-10-09,12.790697674418604,86
2013-10-10,11.627906976744185,86
2013-10-11,11.627906976744185,86
2013-10-14,9.30232558139535,86
2013-10-15,12.790697674418604,86
2013-10-16,10.465116279069768,86
2013-10-17,8.13953488372093,86
2013-10-18,8.13953488372093,86
2013-10-21,6.976744186046512,86
2013-10-22,6.976744186046512,86
2013-10-23,6.976744186046512,86
2013-10-24,9.30232558139535,86
2013-10-25,9.30232558139535,86
2013-10-28,10.465116279069768,86
2013-10-29,8.13953488372093,86
2013-10-30,8.13953488372093,86
2013-10-31,9.30232558139535,86
2013-11-01,10.465116279069768,86
2013-11-04,10.465116279069768,86
2013-11-05,11.627906976744185,86
2013-11-06,10.465116279069768,86
2013-11-07,11.627906976744185,86
2013-11-08,12.790697674418604,86
2013-11-11,10.465116279069768,86
2013-11-12,11.627906976744185,86
2013-11-13,11.627906976744185,86
2013-11-14,10.465116279069768,86
2013-11-15,10.465116279069768,86
2013-11-18,11.627906976744185,86
2013-11-19,15.116279069767442,86
2013-11-20,15.116279069767442,86
2013-11-21,12.790697674418604,86
2013-11-22,13.953488372093023,86
2013-11-25,13.953488372093023,86
2013-11-26,12.790697674418604,86
2013-11-27,12.790697674418604,86
2013-11-29,12.790697674418604,86
2013-12-02,12.790697674418604,86
2013-12-03,12.790697674418604,86
2013-12-04,11.627906976744185,86
2013-12-05,12.790697674418604,86
2013-12-06,11.627906976744185,86
2013-12-09,11.627906976744185,86
2013-12-10,11.627906976744185,86
2013-12-11,12.790697674418604,86
2013-12-12,12.790697674418604,86
2013-12-13,11.627906976744185,86
2013-12-16,11.627906976744185,86
2013-12-17,12.790697674418604,86
2013-12-18,11.627906976744185,86
2013-12-19,10.465116279069768,86
2013-12-20,10.465116279069768,86
2013-12-23,9.30232558139535,86
2013-12-24,9.30232558139535,86
2013-12-26,9.30232558139535,86
2013-12-27,8.13953488372093,86
2013-12-30,9.30232558139535,86
2013-12-31,9.30232558139535,86
2014-01-02,9.30232558139535,86
2014-01-03,10.465116279069768,86
2014-01-06,9.30232558139535,86
2014-01-07,8.13953488372093,86
2014-01-08,9.30232558139535,86
2014-01-09,9.30232558139535,86
2014-01-10,8.13953488372093,86
2014-01-13,10.465116279069768,86
2014-01-14,6.976744186046512,86
2014-01-15,8.13953488372093,86
2014-01-16,10.465116279069768,86
2014-01-17,8.13953488372093,86
2014-01-21,6.976744186046512,86
2014-01-22,9.30232558139535,86
2014-01-23,10.465116279069768,86
2014-01-24,13.953488372093023,86
2014-01-27,13.953488372093023,86
2014-01-28,13.953488372093023,86
2014-01-29,16.27906976744186,86
2014-01-30,15.116279069767442,86
2014-01-31,15.116279069767442,86
2014-02-03,20.930232558139537,86
2014-02-04,19.767441860465116,86
2014-02-05,19.767441860465116,86
2014-02-06,16.27906976744186,86
2014-02-07,13.953488372093023,86
2014-02-10,12.790697674418604,86
2014-02-11,11.627906976744185,86
2014-02-12,12.790697674418604,86
2014-02-13,10.465116279069768,86
2014-02-14,10.465116279069768,86
2014-02-18,10.465116279069768,86
2014-02-19,12.790697674418604,86
2014-02-20,10.465116279069768,86
2014-02-21,12.790697674418604,86
2014-02-24,11.627906976744185,86
2014-02-25,12.790697674418604,86
2014-02-26,12.790697674418604,86
2014-02-27,10.465116279069768,86
2014-02-28,10.465116279069768,86
2014-03-03,12.790697674418604,86
2014-03-04,10.465116279069768,86
2014-03-05,9.30232558139535,86
2014-03-06,10.465116279069768,86
2014-03-07,9.30232558139535,86
2014-03-10,6.976744186046512,86
2014-03-11,6.976744186046512,86
2014-03-12,6.976744186046512,86
2014-03-13,8.13953488372093,86
2014-03-14,8.13953488372093,86
2014-03-17,8.13953488372093,86
2014-03-18,8.13953488372093,86
2014-03-19,8.13953488372093,86
2014-03-20,6.976744186046512,86
2014-03-21,8.13953488372093,86
2014-03-24,8.13953488372093,86
2014-03-25,8.13953488372093,86
2014-03-26,10.465116279069768,86
2014-03-27,10.465116279069768,86
2014-03-28,11.627906976744185,86
2014-03-31,10.465116279069768,86
2014-04-01,8.13953488372093,86
2014-04-02,6.976744186046512,86
2014-04-03,8.13953488372093,86
2014-04-04,12.790697674418604,86
2014-04-07,16.27906976744186,86
2014-04-08,15.116279069767442,86
2014-04-09,11.627906976744185,86
2014-04-10,24.41860465116279,86
2014-04-11,30.232558139534884,86
2014-04-14,29.069767441860463,86
2014-04-15,24.41860465116279,86
2014-04-16,24.41860465116279,86
2014-04-17,23.25581395348837,86
2014-04-21,20.930232558139537,86
2014-04-22,19.767441860465116,86
2014-04-23,22.093023255813954,86
2014-04-24,20.930232558139537,86
2014-04-25,24.41860465116279,86
2014-04-28,25.58139534883721,86
2014-04-29,23.25581395348837,86
2014-04-30,20.930232558139537,86
2014-05-01,22.093023255813954,86
2014-05-02,22.093023255813954,86
2014-05-05,20.930232558139537,86
2014-05-06,25.58139534883721,86
2014-05-07,27.906976744186046,86
2014-05-08,27.906976744186046,86
2014-05-09,25.58139534883721,86
2014-05-12,19.767441860465116,86
2014-05-13,22.093023255813954,86
2014-05-14,23.25581395348837,86
2014-05-15,25.58139534883721,86
2014-05-16,22.093023255813954,86
2014-05-19,20.930232558139537,86
2014-05-20,23.25581395348837,86
2014-05-21,20.930232558139537,86
2014-05-22,19.767441860465116,86
2014-05-23,20.930232558139537,86
2014-05-27,18.6046511627907,86
2014-05-28,18.6046511627907,86
2014-05-29,18.6046511627907,86
2014-05-30,19.767441860465116,86
2014-06-02,18.6046511627907,86
2014-06-03,19.767441860465116,86
2014-06-04,18.6046511627907,86
2014-06-05,18.6046511627907,86
2014-06-06,15.116279069767442,86
2014-06-09,11.627906976744185,86
2014-06-10,12.790697674418604,86
2014-06-11,12.790697674418604,86
2014-06-12,16.27906976744186,86
2014-06-13,12.790697674418604,86
2014-06-16,13.953488372093023,86
2014-06-17,13.953488372093023,86
2014-06-18,9.30232558139535,86
2014-06-19,10.465116279069768,86
2014-06-20,11.627906976744185,86
2014-06-23,11.627906976744185,86
2014-06-24,9.30232558139535,86
2014-06-25,11.627906976744185,86
2014-06-26,13.953488372093023,86
2014-06-27,15.116279069767442,86
2014-06-30,12.790697674418604,86
2014-07-01,10.465116279069768,86
2014-07-02,12.790697674418604,86
2014-07-03,9.30232558139535,86
2014-07-07,11.627906976744185,86
2014-07-08,12.790697674418604,86
2014-07-09,11.627906976744185,86
2014-07-10,12.790697674418604,86
2014-07-11,13.953488372093023,86
2014-07-14,12.790697674418604,86
2014-07-15,12.790697674418604,86
2014-07-16,12.790697674418604,86
2014-07-17,17.441860465116278,86
2014-07-18,13.953488372093023,86
2014-07-21,16.27906976744186,86
2014-07-22,16.27906976744186,86
2014-07-23,13.953488372093023,86
2014-07-24,11.627906976744185,86
2014-07-25,16.27906976744186,86
2014-07-28,18.6046511627907,86
2014-07-29,18.6046511627907,86
2014-07-30,16.27906976744186,86
2014-07-31,23.25581395348837,86
2014-08-01,20.930232558139537,86
2014-08-04,19.767441860465116,86
2014-08-05,23.25581395348837,86
2014-08-06,25.58139534883721,86
2014-08-07,29.069767441860463,86
2014-08-08,20.930232558139537,86
2014-08-11,18.6046511627907,86
2014-08-12,18.6046511627907,86
2014-08-13,16.27906976744186,86
2014-08-14,15.116279069767442,86
2014-08-15,13.953488372093023,86
2014-08-18,13.953488372093023,86
2014-08-19,12.790697674418604,86
2014-08-20,12.790697674418604,86
2014-08-21,11.627906976744185,86
2014-08-22,9.30232558139535,86
2014-08-25,9.30232558139535,86
2014-08-26,10.465116279069768,86
2014-08-27,9.30232558139535,86
2014-08-28,9.30232558139535,86
2014-08-29,10.465116279069768,86
2014-09-02,11.627906976744185,86
2014-09-03,11.627906976744185,86
2014-09-04,10.465116279069768,86
2014-09-05,13.953488372093023,86
2014-09-08,13.953488372093023,86
2014-09-09,15.116279069767442,86
2014-09-10,15.116279069767442,86
2014-09-11,13.953488372093023,86
2014-09-12,17.441860465116278,86
2014-09-15,20.930232558139537,86
2014-09-16,16.27906976744186,86
2014-09-17,19.767441860465116,86
2014-09-18,16.27906976744186,86
2014-09-19,17.441860465116278,86
2014-09-22,18.6046511627907,86
2014-09-23,22.093023255813954,86
2014-09-24,18.6046511627907,86
2014-09-25,23.25581395348837,86
2014-09-26,22.093023255813954,86
2014-09-29,23.25581395348837,86
2014-09-30,25.58139534883721,86
2014-10-01,29.069767441860463,86
2014-10-02,29.069767441860463,86
2014-10-03,27.906976744186046,86
2014-10-06,27.906976744186046,86
2014-10-07,34.883720930232556,86
2014-10-08,27.906976744186046,86
2014-10-09,34.883720930232556,86
2014-10-10,45.348837209302324,86
2014-10-13,52.325581395348834,86
2014-10-14,51.16279069767442,86
2014-10-15,53.48837209302326,86
2014-10-16,52.325581395348834,86
2014-10-17,51.16279069767442,86
2014-10-20,47.674418604651166,86
2014-10-21,36.04651162790697,86
2014-10-22,43.02325581395349,86
2014-10-23,33.72093023255814,86
2014-10-24,29.069767441860463,86
2014-10-27,29.069767441860463,86
2014-10-28,25.58139534883721,86
2014-10-29,26.74418604651163,86
2014-10-30,25.58139534883721,86
2014-10-31,24.41860465116279,86
2014-11-03,23.25581395348837,86
2014-11-04,23.25581395348837,86
2014-11-05,22.093023255813954,86
2014-11-06,23.25581395348837,86
2014-11-07,23.25581395348837,86
2014-11-10,23.25581395348837,86
2014-11-11,23.25581395348837,86
2014-11-12,23.25581395348837,86
2014-11-13,23.25581395348837,86
2014-11-14,23.25581395348837,86
2014-11-17,23.25581395348837,86
2014-11-18,20.930232558139537,86
2014-11-19,20.930232558139537,86
2014-11-20,19.767441860465116,86
2014-11-21,17.441860465116278,86
2014-11-24,18.6046511627907,86
2014-11-25,18.6046511627907,86
2014-11-26,16.27906976744186,86
2014-11-28,18.6046511627907,86
2014-12-01,22.093023255813954,86
2014-12-02,20.930232558139537,86
2014-12-03,17.441860465116278,86
2014-12-04,17.441860465116278,86
2014-12-05,17.441860465116278,86
2014-12-08,19.767441860465116,86
2014-12-09,19.767441860465116,86
2014-12-10,20.930232558139537,86
2014-12-11,22.093023255813954,86
2014-12-12,23.25581395348837,86
2014-12-15,23.25581395348837,86
2014-12-16,24.41860465116279,86
2014-12-17,24.41860465116279,86
2014-12-18,19.767441860465116,86
2014-12-19,18.6046511627907,86
2014-12-22,18.6046511627907,86
2014-12-23,16.27906976744186,86
2014-12-24,17.441860465116278,86
2014-12-26,16.27906976744186,86
2014-12-29,17.441860465116278,86
2014-12-30,18.6046511627907,86
2014-12-31,18.6046511627907,86
2015-01-02,18.6046511627907,86
2015-01-05,19.767441860465116,86
2015-01-06,22.093023255813954,86
2015-01-07,20.930232558139537,86
2015-01-08,19.767441860465116,86
2015-01-09,20.930232558139537,86
2015-01-12,22.093023255813954,86
2015-01-13,22.093023255813954,86
2015-01-14,22.093023255813954,86
2015-01-15,23.25581395348837,86
2015-01-16,22.093023255813954,86
2015-01-20,22.093023255813954,86
2015-01-21,18.6046511627907,86
2015-01-22,17.441860465116278,86
2015-01-23,16.27906976744186,86
2015-01-26,17.441860465116278,86
2015-01-27,20.930232558139537,86
2015-01-28,23.25581395348837,86
2015-01-29,22.093023255813954,86
2015-01-30,25.58139534883721,86
2015-02-02,24.41860465116279,86
2015-02-03,18.6046511627907,86
2015-02-04,18.6046511627907,86
2015-02-05,19.767441860465116,86
2015-02-06,18.6046511627907,86
2015-02-09,19.767441860465116,86
2015-02-10,18.6046511627907,86
2015-02-11,17.441860465116278,86
2015-02-12,13.953488372093023,86
2015-02-13,13.953488372093023,86
2015-02-17,13.953488372093023,86
2015-02-18,13.953488372093023,86
2015-02-19,11.627906976744185,86
2015-02-20,11.627906976744185,86
2015-02-23,11.627906976744185,86
2015-02-24,10.465116279069768,86
2015-02-25,10.465116279069768,86
2015-02-26,11.627906976744185,86
2015-02-27,12.790697674418604,86
2015-03-02,11.627906976744185,86
2015-03-03,12.790697674418604,86
2015-03-04,13.953488372093023,86
2015-03-05,15.116279069767442,86
2015-03-06,22.093023255813954,86
2015-03-09,20.930232558139537,86
2015-03-10,23.25581395348837,86
2015-03-11,26.74418604651163,86
2015-03-12,23.25581395348837,86
2015-03-13,26.74418604651163,86
2015-03-16,22.093023255813954,86
2015-03-17,26.74418604651163,86
2015-03-18,19.767441860465116,86
2015-03-19,20.930232558139537,86
2015-03-20,18.6046511627907,86
2015-03-23,19.767441860465116,86
2015-03-24,17.441860465116278,86
2015-03-25,23.25581395348837,86
2015-03-26,27.906976744186046,86
2015-03-27,25.58139534883721,86
2015-03-30,18.6046511627907,86
2015-03-31,24.41860465116279,86
2015-04-01,26.74418604651163,86
2015-04-02,24.41860465116279,86
2015-04-06,23.25581395348837,86
2015-04-07,22.093023255813954,86
2015-04-08,20.930232558139537,86
2015-04-09,22.093023255813954,86
2015-04-10,19.767441860465116,86
2015-04-13,24.41860465116279,86
2015-04-14,23.25581395348837,86
2015-04-15,24.41860465116279,86
2015-04-16,24.41860465116279,86
2015-04-17,26.74418604651163,86
2015-04-20,23.25581395348837,86
2015-04-21,22.093023255813954,86
2015-04-22,19.767441860465116,86
2015-04-23,19.767441860465116,86
2015-04-24,17.441860465116278,86
2015-04-27,17.441860465116278,86
2015-04-28,18.6046511627907,86
2015-04-29,18.6046511627907,86
2015-04-30,26.74418604651163,86
2015-05-01,22.093023255813954,86
2015-05-04,19.767441860465116,86
2015-05-05,27.906976744186046,86
2015-05-06,27.906976744186046,86
2015-05-07,29.069767441860463,86
2015-05-08,25.58139534883721,86
2015-05-11,26.74418604651163,86
2015-05-12,29.069767441860463,86
2015-05-13,25.58139534883721,86
2015-05-14,23.25581395348837,86
2015-05-15,23.25581395348837,86
2015-05-18,18.6046511627907,86
2015-05-19,20.930232558139537,86
2015-05-20,22.093023255813954,86
2015-05-21,19.767441860465116,86
2015-05-22,22.093023255813954,86
2015-05-26,25.58139534883721,86
2015-05-27,22.093023255813954,86
2015-05-28,23.25581395348837,86
2015-05-29,24.41860465116279,86
2015-06-01,23.25581395348837,86
2015-06-02,26.74418604651163,86
2015-06-03,25.58139534883721,86
2015-06-04,27.906976744186046,86
2015-06-05,27.906976744186046,86
2015-06-08,30.232558139534884,86
2015-06-09,30.232558139534884,86
2015-06-10,26.74418604651163,86
2015-06-11,26.74418604651163,86
2015-06-12,27.906976744186046,86
2015-06-15,30.232558139534884,86
2015-06-16,27.906976744186046,86
2015-06-17,27.906976744186046,86
2015-06-18,20.930232558139537,86
2015-06-19,23.25581395348837,86
2015-06-22,22.093023255813954,86
2015-06-23,20.930232558139537,86
2015-06-24,27.906976744186046,86
2015-06-25,29.069767441860463,86
2015-06-26,30.232558139534884,86
2015-06-29,44.18604651162791,86
2015-06-30,41.86046511627907,86
2015-07-01,40.69767441860465,86
2015-07-02,43.02325581395349,86
2015-07-06,45.348837209302324,86
2015-07-07,37.2093023255814,86
2015-07-08,46.51162790697674,86
2015-07-09,48.83720930232558,86
2015-07-10,43.02325581395349,86
2015-07-13,34.883720930232556,86
2015-07-14,31.3953488372093,86
2015-07-15,32.55813953488372,86
2015-07-16,33.72093023255814,86
2015-07-17,34.883720930232556,86
2015-07-20,38.372093023255815,86
2015-07-21,37.2093023255814,86
2015-07-22,38.372093023255815,86
2015-07-23,37.2093023255814,86
2015-07-24,40.69767441860465,86
2015-07-27,40.69767441860465,86
2015-07-28,39.53488372093023,86
2015-07-29,36.04651162790697,86
2015-07-30,36.04651162790697,86
2015-07-31,33.72093023255814,86
2015-08-03,33.72093023255814,86
2015-08-04,34.883720930232556,86
2015-08-05,36.04651162790697,86
2015-08-06,37.2093023255814,86
2015-08-07,36.04651162790697,86
2015-08-10,36.04651162790697,86
2015-08-11,34.883720930232556,86
2015-08-12,36.04651162790697,86
2015-08-13,36.04651162790697,86
2015-08-14,34.883720930232556,86
2015-08-17,32.55813953488372,86
2015-08-18,36.04651162790697,86
2015-08-19,38.372093023255815,86
2015-08-20,45.348837209302324,86
2015-08-21,56.97674418604651,86
2015-08-24,73.25581395348837,86
2015-08-25,74.4186046511628,86
2015-08-26,63.95348837209303,86
2015-08-27,56.97674418604651,86
2015-08-28,55.81395348837209,86
2015-08-31,60.46511627906977,86
2015-09-01,65.11627906976744,86
2015-09-02,60.46511627906977,86
2015-09-03,58.13953488372093,86
2015-09-04,65.11627906976744,86
2015-09-08,56.97674418604651,86
2015-09-09,59.30232558139535,86
2015-09-10,55.81395348837209,86
2015-09-11,54.651162790697676,86
2015-09-14,55.81395348837209,86
2015-09-15,54.651162790697676,86
2015-09-16,53.48837209302326,86
2015-09-17,52.325581395348834,86
2015-09-18,58.13953488372093,86
2015-09-21,58.13953488372093,86
2015-09-22,56.97674418604651,86
2015-09-23,58.13953488372093,86
2015-09-24,59.30232558139535,86
2015-09-25,60.46511627906977,86
2015-09-28,67.44186046511628,86
2015-09-29,65.11627906976744,86
2015-09-30,59.30232558139535,86
2015-10-01,58.13953488372093,86
2015-10-02,55.81395348837209,86
2015-10-05,53.48837209302326,86
2015-10-06,53.48837209302326,86
2015-10-07,48.83720930232558,86
2015-10-08,46.51162790697674,86
2015-10-09,47.674418604651166,86
2015-10-12,45.348837209302324,86
2015-10-13,50.0,86
2015-10-14,50.0,86
2015-10-15,46.51162790697674,86
2015-10-16,46.51162790697674,86
2015-10-19,45.348837209302324,86
2015-10-20,45.348837209302324,86
2015-10-21,46.51162790697674,86
2015-10-22,38.372093023255815,86
2015-10-23,41.86046511627907,86
2015-10-26,40.69767441860465,86
2015-10-27,43.02325581395349,86
2015-10-28,38.372093023255815,86
2015-10-29,37.2093023255814,86
2015-10-30,36.04651162790697,86
2015-11-02,33.72093023255814,86
2015-11-03,32.55813953488372,86
2015-11-04,36.04651162790697,86
2015-11-05,37.2093023255814,86
2015-11-06,33.72093023255814,86
2015-11-09,38.372093023255815,86
2015-11-10,39.53488372093023,86
2015-11-11,40.69767441860465,86
2015-11-12,46.51162790697674,86
2015-11-13,52.325581395348834,86
2015-11-16,47.674418604651166,86
2015-11-17,45.348837209302324,86
2015-11-18,37.2093023255814,86
2015-11-19,40.69767441860465,86
2015-11-20,37.2093023255814,86
2015-11-23,38.372093023255815,86
2015-11-24,33.72093023255814,86
2015-11-25,31.3953488372093,86
2015-11-27,30.232558139534884,86
2015-11-30,32.55813953488372,86
2015-12-01,27.906976744186046,86
2015-12-02,30.232558139534884,86
2015-12-03,44.18604651162791,86
2015-12-04,36.04651162790697,86
2015-12-07,38.372093023255815,86
2015-12-08,38.372093023255815,86
2015-12-09,41.86046511627907,86
2015-12-10,41.86046511627907,86
2015-12-11,50.0,86
2015-12-14,48.83720930232558,86
2015-12-15,45.348837209302324,86
2015-12-16,39.53488372093023,86
2015-12-17,44.18604651162791,86
2015-12-18,45.348837209302324,86
2015-12-21,43.02325581395349,86
2015-12-22,41.86046511627907,86
2015-12-23,41.86046511627907,86
2015-12-24,41.86046511627907,86
2015-12-28,41.86046511627907,86
2015-12-29,36.04651162790697,86
2015-12-30,36.04651162790697,86
2015-12-31,38.372093023255815,86
2016-01-04,48.83720930232558,86
2016-01-05,48.83720930232558,86
2016-01-06,56.97674418604651,86
2016-01-07,66.27906976744185,86
2016-01-08,72.09302325581395,86
2016-01-11,73.25581395348837,86
2016-01-12,67.44186046511628,86
2016-01-13,73.25581395348837,86
2016-01-14,73.25581395348837,86
2016-01-15,77.90697674418605,86
2016-01-19,76.74418604651163,86
2016-01-20,79.06976744186046,86
2016-01-21,80.23255813953489,86
2016-01-22,76.74418604651163,86
2016-01-25,76.74418604651163,86
2016-01-26,75.5813953488372,86
2016-01-27,76.74418604651163,86
2016-01-28,74.4186046511628,86
2016-01-29,65.11627906976744,86
2016-02-01,65.11627906976744,86
2016-02-02,72.09302325581395,86
2016-02-03,73.25581395348837,86
2016-02-04,72.09302325581395,86
2016-02-05,76.74418604651163,86
2016-02-08,79.06976744186046,86
2016-02-09,81.3953488372093,86
2016-02-10,79.06976744186046,86
2016-02-11,79.06976744186046,86
2016-02-12,74.4186046511628,86
2016-02-16,72.09302325581395,86
2016-02-17,63.95348837209303,86
2016-02-18,67.44186046511628,86
2016-02-19,65.11627906976744,86
2016-02-22,61.627906976744185,86
2016-02-23,62.7906976744186,86
2016-02-24,61.627906976744185,86
2016-02-25,59.30232558139535,86
2016-02-26,56.97674418604651,86
2016-02-29,58.13953488372093,86
2016-03-01,48.83720930232558,86
2016-03-02,48.83720930232558,86
2016-03-03,44.18604651162791,86
2016-03-04,45.97701149425287,87
2016-03-07,44.827586206896555,87
2016-03-08,49.42528735632184,87
2016-03-09,47.12643678160919,87
2016-03-10,45.97701149425287,87
2016-03-11,41.37931034482759,87
2016-03-14,39.08045977011494,87
2016-03-15,40.229885057471265,87
2016-03-16,39.08045977011494,87
2016-03-17,35.632183908045974,87
2016-03-18,34.48275862068966,87
2016-03-21,34.48275862068966,87
2016-03-22,33.333333333333336,87
2016-03-23,39.08045977011494,87
2016-03-24,37.93103448275862,87
2016-03-28,34.48275862068966,87
2016-03-29,34.48275862068966,87
2016-03-30,32.18390804597701,87
2016-03-31,32.18390804597701,87
2016-04-01,28.735632183908045,87
2016-04-04,28.735632183908045,87
2016-04-05,32.18390804597701,87
2016-04-06,27.586206896551722,87
2016-04-07,32.18390804597701,87
2016-04-08,33.333333333333336,87
2016-04-11,34.48275862068966,87
2016-04-12,27.586206896551722,87
2016-04-13,24.137931034482758,87
2016-04-14,26.436781609195403,87
2016-04-15,25.28735632183908,87
2016-04-18,25.28735632183908,87
2016-04-19,28.089887640449437,89
2016-04-20,26.96629213483146,89
2016-04-21,24.719101123595507,89
2016-04-22,26.96629213483146,89
2016-04-25,26.96629213483146,89
2016-04-26,25.84269662921348,89
2016-04-27,23.59550561797753,89
2016-04-28,28.089887640449437,89
2016-04-29,30.337078651685392,89
2016-05-02,25.84269662921348,89
2016-05-03,30.337078651685392,89
2016-05-04,38.20224719101124,89
2016-05-05,38.20224719101124,89
2016-05-06,33.70786516853933,89
2016-05-09,32.58426966292135,89
2016-05-10,26.96629213483146,89
2016-05-11,30.337078651685392,89
2016-05-12,32.58426966292135,89
2016-05-13,32.58426966292135,89
2016-05-16,31.46067415730337,89
2016-05-17,35.95505617977528,89
2016-05-18,35.95505617977528,89
2016-05-19,37.07865168539326,89
2016-05-20,33.70786516853933,89
2016-05-23,34.831460674157306,89
2016-05-24,25.84269662921348,89
2016-05-25,23.59550561797753,89
2016-05-26,23.59550561797753,89
2016-05-27,21.348314606741575,89
2016-05-31,22.471910112359552,89
2016-06-01,21.348314606741575,89
2016-06-02,21.348314606741575,89
2016-06-03,22.471910112359552,89
2016-06-06,22.471910112359552,89
2016-06-07,20.224719101123597,89
2016-06-08,19.10112359550562,89
2016-06-09,21.348314606741575,89
2016-06-10,23.59550561797753,89
2016-06-13,24.719101123595507,89
2016-06-14,24.719101123595507,89
2016-06-15,24.719101123595507,89
2016-06-16,25.84269662921348,89
2016-06-17,28.089887640449437,89
2016-06-20,25.84269662921348,89
2016-06-21,25.84269662921348,89
2016-06-22,26.96629213483146,89
2016-06-23,20.224719101123597,89
2016-06-24,38.20224719101124,89
2016-06-27,46.06741573033708,89
2016-06-28,41.57303370786517,89
2016-06-29,38.20224719101124,89
2016-06-30,31.46067415730337,89
2016-07-01,33.70786516853933,89
2016-07-05,35.95505617977528,89
2016-07-06,34.831460674157306,89
2016-07-07,33.70786516853933,89
2016-07-08,26.96629213483146,89
2016-07-11,23.59550561797753,89
2016-07-12,20.224719101123597,89
2016-07-13,19.10112359550562,89
2016-07-14,19.10112359550562,89
2016-07-15,19.10112359550562,89
2016-07-18,15.730337078651685,89
2016-07-19,20.224719101123597,89
2016-07-20,16.853932584269664,89
2016-07-21,16.853932584269664,89
2016-07-22,16.853932584269664,89
2016-07-25,16.853932584269664,89
2016-07-26,15.730337078651685,89
2016-07-27,16.853932584269664,89
2016-07-28,13.48314606741573,89
2016-07-29,15.730337078651685,89
2016-08-01,16.853932584269664,89
2016-08-02,16.853932584269664,89
2016-08-03,15.730337078651685,89
2016-08-04,16.853932584269664,89
2016-08-05,13.48314606741573,89
2016-08-08,13.48314606741573,89
2016-08-09,14.606741573033707,89
2016-08-10,14.606741573033707,89
2016-08-11,14.606741573033707,89
2016-08-12,14.606741573033707,89
2016-08-15,13.48314606741573,89
2016-08-16,14.606741573033707,89
2016-08-17,13.48314606741573,89
2016-08-18,13.48314606741573,89
2016-08-19,12.359550561797754,89
2016-08-22,11.235955056179776,89
2016-08-23,12.359550561797754,89
2016-08-24,14.606741573033707,89
2016-08-25,14.606741573033707,89
2016-08-26,13.48314606741573,89
2016-08-29,13.48314606741573,89
2016-08-30,16.853932584269664,89
2016-08-31,16.853932584269664,89
2016-09-01,16.853932584269664,89
2016-09-02,15.730337078651685,89
2016-09-06,13.48314606741573,89
2016-09-07,11.235955056179776,89
2016-09-08,12.359550561797754,89
2016-09-09,20.224719101123597,89
2016-09-12,13.48314606741573,89
2016-09-13,16.853932584269664,89
2016-09-14,16.853932584269664,89
2016-09-15,13.48314606741573,89
2016-09-16,12.359550561797754,89
2016-09-19,13.48314606741573,89
2016-09-20,14.606741573033707,89
2016-09-21,13.48314606741573,89
2016-09-22,12.359550561797754,89
2016-09-23,14.606741573033707,89
2016-09-26,15.730337078651685,89
2016-09-27,13.48314606741573,89
2016-09-28,11.235955056179776,89
2016-09-29,14.606741573033707,89
2016-09-30,12.359550561797754,89
2016-10-03,13.48314606741573,89
2016-10-04,15.730337078651685,89
2016-10-05,14.606741573033707,89
2016-10-06,15.730337078651685,89
2016-10-07,17.97752808988764,89
2016-10-10,16.853932584269664,89
2016-10-11,22.471910112359552,89
2016-10-12,21.348314606741575,89
2016-10-13,21.348314606741575,89
2016-10-14,22.471910112359552,89
2016-10-17,24.719101123595507,89
2016-10-18,20.224719101123597,89
2016-10-19,20.224719101123597,89
2016-10-20,24.719101123595507,89
2016-10-21,23.59550561797753,89
2016-10-24,17.97752808988764,89
2016-10-25,22.471910112359552,89
2016-10-26,22.471910112359552,89
2016-10-27,26.96629213483146,89
2016-10-28,28.089887640449437,89
2016-10-31,21.348314606741575,89
2016-11-01,26.96629213483146,89
2016-11-02,30.337078651685392,89
2016-11-03,31.46067415730337,89
2016-11-04,32.58426966292135,89
2016-11-07,29.213483146067414,89
2016-11-08,26.96629213483146,89
2016-11-09,20.224719101123597,89
2016-11-10,25.84269662921348,89
2016-11-11,25.84269662921348,89
2016-11-14,29.213483146067414,89
2016-11-15,25.84269662921348,89
2016-11-16,24.719101123595507,89
2016-11-17,21.348314606741575,89
2016-11-18,24.719101123595507,89
2016-11-21,21.348314606741575,89
2016-11-22,22.471910112359552,89
2016-11-23,23.59550561797753,89
2016-11-25,21.348314606741575,89
2016-11-28,23.59550561797753,89
2016-11-29,23.59550561797753,89
2016-11-30,26.96629213483146,89
2016-12-01,29.213483146067414,89
2016-12-02,32.58426966292135,89
2016-12-05,28.089887640449437,89
2016-12-06,28.089887640449437,89
2016-12-07,28.089887640449437,89
2016-12-08,25.84269662921348,89
2016-12-09,23.59550561797753,89
2016-12-12,23.59550561797753,89
2016-12-13,22.471910112359552,89
2016-12-14,22.471910112359552,89
2016-12-15,20.224719101123597,89
2016-12-16,21.348314606741575,89
2016-12-19,21.348314606741575,89
2016-12-20,21.348314606741575,89
2016-12-21,22.471910112359552,89
2016-12-22,22.471910112359552,89
2016-12-23,22.471910112359552,89
2016-12-27,20.224719101123597,89
2016-12-28,21.348314606741575,89
2016-12-29,20.224719101123597,89
2016-12-30,23.59550561797753,89
2017-01-03,22.471910112359552,89
2017-01-04,19.10112359550562,89
2017-01-05,17.97752808988764,89
2017-01-06,16.853932584269664,89
2017-01-09,21.348314606741575,89
2017-01-10,21.348314606741575,89
2017-01-11,21.348314606741575,89
2017-01-12,20.224719101123597,89
2017-01-13,19.10112359550562,89
2017-01-17,17.97752808988764,89
2017-01-18,17.97752808988764,89
2017-01-19,19.10112359550562,89
2017-01-20,16.853932584269664,89
2017-01-23,17.97752808988764,89
2017-01-24,15.730337078651685,89
2017-01-25,15.730337078651685,89
2017-01-26,15.730337078651685,89
2017-01-27,17.97752808988764,89
2017-01-30,19.10112359550562,89
2017-01-31,16.853932584269664,89
2017-02-01,17.97752808988764,89
2017-02-02,16.853932584269664,89
2017-02-03,13.48314606741573,89
2017-02-06,12.359550561797754,89
2017-02-07,13.48314606741573,89
2017-02-08,13.48314606741573,89
2017-02-09,10.112359550561798,89
2017-02-10,10.112359550561798,89
2017-02-13,10.112359550561798,89
2017-02-14,11.235955056179776,89
2017-02-15,10.112359550561798,89
2017-02-16,11.235955056179776,89
2017-02-17,11.235955056179776,89
2017-02-21,10.112359550561798,89
2017-02-22,10.112359550561798,89
2017-02-23,11.235955056179776,89
2017-02-24,11.235955056179776,89
2017-02-27,10.112359550561798,89
2017-02-28,10.112359550561798,89
2017-03-01,11.235955056179776,89
2017-03-02,11.235955056179776,89
2017-03-03,12.359550561797754,89
2017-03-06,12.359550561797754,89
2017-03-07,14.606741573033707,89
2017-03-08,13.48314606741573,89
2017-03-09,13.48314606741573,89
2017-03-10,13.48314606741573,89
2017-03-13,11.235955056179776,89
2017-03-14,11.235955056179776,89
2017-03-15,11.235955056179776,89
2017-03-16,10.112359550561798,89
2017-03-17,8.98876404494382,89
2017-03-20,8.98876404494382,89
2017-03-21,12.359550561797754,89
2017-03-22,13.48314606741573,89
2017-03-23,12.359550561797754,89
2017-03-24,11.235955056179776,89
2017-03-27,11.235955056179776,89
2017-03-28,8.98876404494382,89
2017-03-29,7.865168539325842,89
2017-03-30,10.112359550561798,89
2017-03-31,10.112359550561798,89
2017-04-03,11.235955056179776,89
2017-04-04,11.235955056179776,89
2017-04-05,13.48314606741573,89
2017-04-06,13.48314606741573,89
2017-04-07,14.606741573033707,89
2017-04-10,14.606741573033707,89
2017-04-11,14.606741573033707,89
2017-04-12,14.606741573033707,89
2017-04-13,15.730337078651685,89
2017-04-17,14.606741573033707,89
2017-04-18,14.606741573033707,89
2017-04-19,13.48314606741573,89
2017-04-20,12.359550561797754,89
2017-04-21,12.359550561797754,89
2017-04-24,10.112359550561798,89
2017-04-25,10.112359550561798,89
2017-04-26,8.98876404494382,89
2017-04-27,8.98876404494382,89
2017-04-28,8.98876404494382,89
2017-05-01,12.359550561797754,89
2017-05-02,10.112359550561798,89
2017-05-03,13.48314606741573,89
2017-05-04,15.730337078651685,89
2017-05-05,10.112359550561798,89
2017-05-08,13.48314606741573,89
2017-05-09,12.359550561797754,89
2017-05-10,12.359550561797754,89
2017-05-11,13.48314606741573,89
2017-05-12,14.606741573033707,89
2017-05-15,12.359550561797754,89
2017-05-16,12.359550561797754,89
2017-05-17,17.97752808988764,89
2017-05-18,19.10112359550562,89
2017-05-19,17.97752808988764,89
2017-05-22,14.606741573033707,89
2017-05-23,14.606741573033707,89
2017-05-24,15.730337078651685,89
2017-05-25,15.730337078651685,89
2017-05-26,15.730337078651685,89
2017-05-30,15.730337078651685,89
2017-05-31,15.730337078651685,89
2017-06-01,14.606741573033707,89
2017-06-02,11.235955056179776,89
2017-06-05,14.606741573033707,89
2017-06-06,13.48314606741573,89
2017-06-07,13.48314606741573,89
2017-06-08,13.48314606741573,89
2017-06-09,15.730337078651685,89
2017-06-12,15.730337078651685,89
2017-06-13,13.48314606741573,89
2017-06-14,14.606741573033707,89
2017-06-15,14.606741573033707,89
2017-06-16,12.359550561797754,89
2017-06-19,12.359550561797754,89
2017-06-20,12.359550561797754,89
2017-06-21,13.48314606741573,89
2017-06-22,11.235955056179776,89
2017-06-23,12.359550561797754,89
2017-06-26,10.112359550561798,89
2017-06-27,14.606741573033707,89
2017-06-28,12.359550561797754,89
2017-06-29,15.730337078651685,89
2017-06-30,16.853932584269664,89
2017-07-03,17.97752808988764,89
2017-07-05,19.10112359550562,89
2017-07-06,21.348314606741575,89
2017-07-07,20.224719101123597,89
2017-07-10,20.224719101123597,89
2017-07-11,20.224719101123597,89
2017-07-12,19.10112359550562,89
2017-07-13,17.97752808988764,89
2017-07-14,17.97752808988764,89
2017-07-17,17.97752808988764,89
2017-07-18,15.730337078651685,89
2017-07-19,14.606741573033707,89
2017-07-20,15.730337078651685,89
2017-07-21,15.730337078651685,89
2017-07-24,15.730337078651685,89
2017-07-25,14.606741573033707,89
2017-07-26,13.48314606741573,89
2017-07-27,13.48314606741573,89
2017-07-28,16.853932584269664,89
2017-07-31,17.97752808988764,89
2017-08-01,15.730337078651685,89
2017-08-02,16.853932584269664,89
2017-08-03,20.224719101123597,89
2017-08-04,21.348314606741575,89
2017-08-07,17.97752808988764,89
2017-08-08,21.348314606741575,89
2017-08-09,22.471910112359552,89
2017-08-10,25.84269662921348,89
2017-08-11,23.59550561797753,89
2017-08-14,21.348314606741575,89
2017-08-15,20.224719101123597,89
2017-08-16,17.97752808988764,89
2017-08-17,24.719101123595507,89
2017-08-18,23.59550561797753,89
2017-08-21,23.59550561797753,89
2017-08-22,22.471910112359552,89
2017-08-23,24.719101123595507,89
2017-08-24,23.59550561797753,89
2017-08-25,24.719101123595507,89
2017-08-28,23.59550561797753,89
2017-08-29,24.719101123595507,89
2017-08-30,21.348314606741575,89
2017-08-31,21.348314606741575,89
2017-09-01,20.224719101123597,89
2017-09-05,20.224719101123597,89
2017-09-06,19.10112359550562,89
2017-09-07,19.10112359550562,89
2017-09-08,22.471910112359552,89
2017-09-11,20.224719101123597,89
2017-09-12,19.10112359550562,89
2017-09-13,19.10112359550562,89
2017-09-14,21.348314606741575,89
2017-09-15,20.224719101123597,89
2017-09-18,20.224719101123597,89
2017-09-19,19.10112359550562,89
2017-09-20,16.853932584269664,89
2017-09-21,20.224719101123597,89
2017-09-22,17.97752808988764,89
2017-09-25,16.853932584269664,89
2017-09-26,19.10112359550562,89
2017-09-27,16.853932584269664,89
2017-09-28,17.97752808988764,89
2017-09-29,16.853932584269664,89
2017-10-02,17.97752808988764,89
2017-10-03,16.853932584269664,89
2017-10-04,16.853932584269664,89
2017-10-05,15.730337078651685,89
2017-10-06,17.97752808988764,89
2017-10-09,17.97752808988764,89
2017-10-10,19.10112359550562,89
2017-10-11,17.97752808988764,89
2017-10-12,15.730337078651685,89
2017-10-13,15.730337078651685,89
2017-10-16,16.853932584269664,89
2017-10-17,16.853932584269664,89
2017-10-18,15.730337078651685,89
2017-10-19,16.853932584269664,89
2017-10-20,17.97752808988764,89
2017-10-23,15.730337078651685,89
2017-10-24,20.224719101123597,89
2017-10-25,20.224719101123597,89
2017-10-26,21.348314606741575,89
2017-10-27,20.224719101123597,89
2017-10-30,21.348314606741575,89
2017-10-31,22.471910112359552,89
2017-11-01,23.59550561797753,89
2017-11-02,23.59550561797753,89
2017-11-03,21.348314606741575,89
2017-11-06,20.224719101123597,89
2017-11-07,23.59550561797753,89
2017-11-08,22.471910112359552,89
2017-11-09,22.471910112359552,89
2017-11-10,24.719101123595507,89
2017-11-13,25.84269662921348,89
2017-11-14,26.96629213483146,89
2017-11-15,25.84269662921348,89
2017-11-16,23.59550561797753,89
2017-11-17,24.719101123595507,89
2017-11-20,23.59550561797753,89
2017-11-21,21.348314606741575,89
2017-11-22,21.348314606741575,89
2017-11-24,21.348314606741575,89
2017-11-27,23.59550561797753,89
2017-11-28,19.10112359550562,89
2017-11-29,21.348314606741575,89
2017-11-30,22.471910112359552,89
2017-12-01,17.97752808988764,89
2017-12-04,16.853932584269664,89
2017-12-05,17.97752808988764,89
2017-12-06,16.853932584269664,89
2017-12-07,19.10112359550562,89
2017-12-08,19.10112359550562,89
2017-12-11,13.48314606741573,89
2017-12-12,16.853932584269664,89
2017-12-13,19.10112359550562,89
2017-12-14,19.10112359550562,89
2017-12-15,16.853932584269664,89
2017-12-18,16.853932584269664,89
2017-12-19,16.853932584269664,89
2017-12-20,17.97752808988764,89
2017-12-21,16.853932584269664,89
2017-12-22,17.97752808988764,89
2017-12-26,17.97752808988764,89
2017-12-27,17.97752808988764,89
2017-12-28,17.97752808988764,89
2017-12-29,19.10112359550562,89
2018-01-02,16.853932584269664,89
2018-01-03,14.606741573033707,89
2018-01-04,16.853932584269664,89
2018-01-05,15.730337078651685,89
2018-01-08,11.235955056179776,89
2018-01-09,13.48314606741573,89
2018-01-10,14.606741573033707,89
2018-01-11,12.359550561797754,89
2018-01-12,12.359550561797754,89
2018-01-16,12.359550561797754,89
2018-01-17,11.235955056179776,89
2018-01-18,11.235955056179776,89
2018-01-19,11.235955056179776,89
2018-01-22,8.98876404494382,89
2018-01-23,8.98876404494382,89
2018-01-24,10.112359550561798,89
2018-01-25,8.98876404494382,89
2018-01-26,8.98876404494382,89
2018-01-29,11.235955056179776,89
2018-01-30,11.235955056179776,89
2018-01-31,11.235955056179776,89
2018-02-01,12.359550561797754,89
2018-02-02,13.48314606741573,89
2018-02-05,25.84269662921348,89
2018-02-06,19.10112359550562,89
2018-02-07,23.59550561797753,89
2018-02-08,40.449438202247194,89
2018-02-09,37.07865168539326,89
2018-02-12,28.089887640449437,89
2018-02-13,26.96629213483146,89
2018-02-14,24.719101123595507,89
2018-02-15,20.224719101123597,89
2018-02-16,19.10112359550562,89
2018-02-20,17.97752808988764,89
2018-02-21,21.348314606741575,89
2018-02-22,21.348314606741575,89
2018-02-23,16.853932584269664,89
2018-02-26,13.48314606741573,89
2018-02-27,17.97752808988764,89
2018-02-28,20.224719101123597,89
2018-03-01,24.719101123595507,89
2018-03-02,21.348314606741575,89
2018-03-05,19.10112359550562,89
2018-03-06,20.224719101123597,89
2018-03-07,20.224719101123597,89
2018-03-08,20.224719101123597,89
2018-03-09,16.853932584269664,89
2018-03-12,14.606741573033707,89
2018-03-13,15.730337078651685,89
2018-03-14,16.853932584269664,89
2018-03-15,16.853932584269664,89
2018-03-16,16.853932584269664,89
2018-03-19,19.10112359550562,89
2018-03-20,21.348314606741575,89
2018-03-21,22.471910112359552,89
2018-03-22,26.96629213483146,89
2018-03-23,38.20224719101124,89
2018-03-26,28.089887640449437,89
2018-03-27,34.831460674157306,89
2018-03-28,35.95505617977528,89
2018-03-29,31.46067415730337,89
2018-04-02,41.57303370786517,89
2018-04-03,35.95505617977528,89
2018-04-04,33.70786516853933,89
2018-04-05,31.46067415730337,89
2018-04-06,40.449438202247194,89
2018-04-09,37.07865168539326,89
2018-04-10,31.46067415730337,89
2018-04-11,33.70786516853933,89
2018-04-12,32.58426966292135,89
2018-04-13,33.70786516853933,89
2018-04-16,26.96629213483146,89
2018-04-17,29.213483146067414,89
2018-04-18,29.213483146067414,89
2018-04-19,33.70786516853933,89
2018-04-20,34.831460674157306,89
2018-04-23,33.70786516853933,89
2018-04-24,40.449438202247194,89
2018-04-25,40.449438202247194,89
2018-04-26,33.70786516853933,89
2018-04-27,34.831460674157306,89
2018-04-30,43.82022471910113,89
2018-05-01,37.07865168539326,89
2018-05-02,38.20224719101124,89
2018-05-03,39.325842696629216,89
2018-05-04,32.58426966292135,89
2018-05-07,31.46067415730337,89
2018-05-08,31.46067415730337,89
2018-05-09,30.337078651685392,89
2018-05-10,28.089887640449437,89
2018-05-11,26.96629213483146,89
2018-05-14,28.089887640449437,89
2018-05-15,28.089887640449437,89
2018-05-16,26.96629213483146,89
2018-05-17,26.96629213483146,89
2018-05-18,28.089887640449437,89
2018-05-21,26.96629213483146,89
2018-05-22,26.96629213483146,89
2018-05-23,25.84269662921348,89
2018-05-24,24.719101123595507,89
2018-05-25,22.471910112359552,89
2018-05-29,26.96629213483146,89
2018-05-30,23.59550561797753,89
2018-05-31,29.213483146067414,89
2018-06-01,28.089887640449437,89
2018-06-04,29.213483146067414,89
2018-06-05,28.089887640449437,89
2018-06-06,26.96629213483146,89
2018-06-07,28.089887640449437,89
2018-06-08,28.089887640449437,89
2018-06-11,26.96629213483146,89
2018-06-12,26.96629213483146,89
2018-06-13,25.84269662921348,89
2018-06-14,25.84269662921348,89
2018-06-15,26.96629213483146,89
2018-06-18,25.84269662921348,89
2018-06-19,26.96629213483146,89
2018-06-20,26.96629213483146,89
2018-06-21,30.337078651685392,89
2018-06-22,30.337078651685392,89
2018-06-25,33.70786516853933,89
2018-06-26,34.831460674157306,89
2018-06-27,35.95505617977528,89
2018-06-28,35.95505617977528,89
2018-06-29,33.70786516853933,89
2018-07-02,31.46067415730337,89
2018-07-03,35.95505617977528,89
2018-07-05,28.089887640449437,89
2018-07-06,24.719101123595507,89
2018-07-09,26.96629213483146,89
2018-07-10,22.471910112359552,89
2018-07-11,23.59550561797753,89
2018-07-12,21.348314606741575,89
2018-07-13,21.348314606741575,89
2018-07-16,22.471910112359552,89
2018-07-17,19.10112359550562,89
2018-07-18,17.97752808988764,89
2018-07-19,19.10112359550562,89
2018-07-20,21.348314606741575,89
2018-07-23,22.471910112359552,89
2018-07-24,22.471910112359552,89
2018-07-25,20.224719101123597,89
2018-07-26,21.348314606741575,89
2018-07-27,22.471910112359552,89
2018-07-30,24.719101123595507,89
2018-07-31,22.471910112359552,89
2018-08-01,23.59550561797753,89
2018-08-02,20.224719101123597,89
2018-08-03,19.10112359550562,89
2018-08-06,17.97752808988764,89
2018-08-07,17.97752808988764,89
2018-08-08,17.97752808988764,89
2018-08-09,21.348314606741575,89
2018-08-10,22.471910112359552,89
2018-08-13,24.719101123595507,89
2018-08-14,22.471910112359552,89
2018-08-15,25.84269662921348,89
2018-08-16,24.719101123595507,89
2018-08-17,26.96629213483146,89
2018-08-20,26.96629213483146,89
2018-08-21,24.719101123595507,89
2018-08-22,22.471910112359552,89
2018-08-23,25.84269662921348,89
2018-08-24,22.471910112359552,89
2018-08-27,21.348314606741575,89
2018-08-28,21.348314606741575,89
2018-08-29,20.224719101123597,89
2018-08-30,22.471910112359552,89
2018-08-31,21.348314606741575,89
2018-09-04,24.719101123595507,89
2018-09-05,28.089887640449437,89
2018-09-06,32.58426966292135,89
2018-09-07,31.46067415730337,89
2018-09-10,30.337078651685392,89
2018-09-11,32.58426966292135,89
2018-09-12,33.70786516853933,89
2018-09-13,30.337078651685392,89
2018-09-14,31.46067415730337,89
2018-09-17,32.58426966292135,89
2018-09-18,29.213483146067414,89
2018-09-19,26.96629213483146,89
2018-09-20,23.59550561797753,89
2018-09-21,24.719101123595507,89
2018-09-24,25.84269662921348,89
2018-09-25,29.213483146067414,89
2018-09-26,30.337078651685392,89
2018-09-27,29.213483146067414,89
2018-09-28,29.213483146067414,89
2018-10-01,30.337078651685392,89
2018-10-02,30.337078651685392,89
2018-10-03,30.337078651685392,89
2018-10-04,31.46067415730337,89
2018-10-05,34.831460674157306,89
2018-10-08,35.95505617977528,89
2018-10-09,37.07865168539326,89
2018-10-10,51.68539325842696,89
2018-10-11,60.674157303370784,89
2018-10-12,51.68539325842696,89
2018-10-15,55.056179775280896,89
2018-10-16,44.943820224719104,89
2018-10-17,46.06741573033708,89
2018-10-18,51.68539325842696,89
2018-10-19,50.561797752808985,89
2018-10-22,53.93258426966292,89
2018-10-23,51.68539325842696,89
2018-10-24,62.92134831460674,89
2018-10-25,58.42696629213483,89
2018-10-26,58.42696629213483,89
2018-10-29,64.04494382022472,89
2018-10-30,58.42696629213483,89
2018-10-31,55.056179775280896,89
2018-11-01,50.561797752808985,89
2018-11-02,50.561797752808985,89
2018-11-05,51.68539325842696,89
2018-11-06,49.438202247191015,89
2018-11-07,44.943820224719104,89
2018-11-08,46.06741573033708,89
2018-11-09,49.438202247191015,89
2018-11-12,56.17977528089887,89
2018-11-13,56.17977528089887,89
2018-11-14,58.42696629213483,89
2018-11-15,53.93258426966292,89
2018-11-16,51.68539325842696,89
2018-11-19,60.674157303370784,89
2018-11-20,66.29213483146067,89
2018-11-21,62.92134831460674,89
2018-11-23,62.92134831460674,89
2018-11-26,57.30337078651685,89
2018-11-27,57.30337078651685,89
2018-11-28,49.438202247191015,89
2018-11-29,48.31460674157304,89
2018-11-30,43.82022471910113,89
2018-12-03,43.82022471910113,89
2018-12-04,52.80898876404494,89
2018-12-06,52.80898876404494,89
2018-12-07,58.42696629213483,89
2018-12-10,52.80898876404494,89
2018-12-11,53.93258426966292,89
2018-12-12,52.80898876404494,89
2018-12-13,55.056179775280896,89
2018-12-14,66.29213483146067,89
2018-12-17,71.91011235955057,89
2018-12-18,70.78651685393258,89
2018-12-19,77.52808988764045,89
2018-12-20,82.02247191011236,89
2018-12-21,85.3932584269663,89
2018-12-24,88.76404494382022,89
2018-12-26,82.02247191011236,89
2018-12-27,77.52808988764045,89
2018-12-28,78.65168539325843,89
2018-12-31,76.66666666666667,90
2019-01-02,76.66666666666667,90
2019-01-03,81.11111111111111,90
2019-01-04,72.22222222222223,90
2019-01-07,68.88888888888889,90
2019-01-08,63.333333333333336,90
2019-01-09,64.44444444444444,90
2019-01-10,60.0,90
2019-01-11,60.0,90
2019-01-14,63.333333333333336,90
2019-01-15,58.888888888888886,90
2019-01-16,58.888888888888886,90
2019-01-17,54.44444444444444,90
2019-01-18,48.888888888888886,90
2019-01-22,55.55555555555556,90
2019-01-23,54.44444444444444,90
2019-01-24,53.333333333333336,90
2019-01-25,44.44444444444444,90
2019-01-28,47.77777777777778,90
2019-01-29,54.44444444444444,90
2019-01-30,47.77777777777778,90
2019-01-31,43.333333333333336,90
2019-02-01,41.111111111111114,90
2019-02-04,34.44444444444444,90
2019-02-05,32.22222222222222,90
2019-02-06,27.77777777777778,90
2019-02-07,34.44444444444444,90
2019-02-08,34.44444444444444,90
2019-02-11,33.333333333333336,90
2019-02-12,31.11111111111111,90
2019-02-13,30.0,90
2019-02-14,30.0,90
2019-02-15,28.88888888888889,90
2019-02-19,28.88888888888889,90
2019-02-20,27.77777777777778,90
2019-02-21,28.88888888888889,90
2019-02-22,28.88888888888889,90
2019-02-25,25.555555555555557,90
2019-02-26,25.555555555555557,90
2019-02-27,26.666666666666668,90
2019-02-28,26.666666666666668,90
2019-03-01,24.444444444444443,90
2019-03-04,23.333333333333332,90
2019-03-05,24.444444444444443,90
2019-03-06,24.444444444444443,90
2019-03-07,26.666666666666668,90
2019-03-08,28.88888888888889,90
2019-03-11,24.444444444444443,90
2019-03-12,25.555555555555557,90
2019-03-13,24.444444444444443,90
2019-03-14,26.666666666666668,90
2019-03-15,21.11111111111111,90
2019-03-18,20.0,90
2019-03-19,20.0,90
2019-03-20,21.11111111111111,90
2019-03-21,15.555555555555555,90
2019-03-22,23.333333333333332,90
2019-03-25,25.555555555555557,90
2019-03-26,22.22222222222222,90
2019-03-27,26.666666666666668,90
2019-03-28,25.555555555555557,90
2019-03-29,21.11111111111111,90
2019-04-01,17.77777777777778,90
2019-04-02,17.77777777777778,90
2019-04-03,16.666666666666668,90
2019-04-04,16.666666666666668,90
2019-04-05,14.444444444444445,90
2019-04-08,14.444444444444445,90
2019-04-09,15.555555555555555,90
2019-04-10,15.555555555555555,90
2019-04-11,15.555555555555555,90
2019-04-12,17.77777777777778,90
2019-04-15,17.77777777777778,90
2019-04-16,15.555555555555555,90
2019-04-17,20.0,90
2019-04-18,18.88888888888889,90
2019-04-22,18.88888888888889,90
2019-04-23,15.555555555555555,90
2019-04-24,16.666666666666668,90
2019-04-25,14.444444444444445,90
2019-04-26,16.666666666666668,90
2019-04-29,16.666666666666668,90
2019-04-30,14.444444444444445,90
2019-05-01,17.77777777777778,90
2019-05-02,18.88888888888889,90
2019-05-03,17.77777777777778,90
2019-05-06,18.88888888888889,90
2019-05-07,21.11111111111111,90
2019-05-08,21.11111111111111,90
2019-05-09,22.22222222222222,90
2019-05-10,22.22222222222222,90
2019-05-13,31.86813186813187,91
2019-05-14,29.67032967032967,91
2019-05-15,25.274725274725274,91
2019-05-16,26.373626373626372,91
2019-05-17,25.274725274725274,91
2019-05-20,29.67032967032967,91
2019-05-21,24.175824175824175,91
2019-05-22,27.47252747252747,91
2019-05-23,29.67032967032967,91
2019-05-24,32.967032967032964,91
2019-05-28,36.26373626373626,91
2019-05-29,35.16483516483517,91
2019-05-30,32.967032967032964,91
2019-05-31,36.26373626373626,91
2019-06-03,39.56043956043956,91
2019-06-04,32.967032967032964,91
2019-06-05,32.967032967032964,91
2019-06-06,30.76923076923077,91
2019-06-07,29.67032967032967,91
2019-06-10,27.47252747252747,91
2019-06-11,28.571428571428573,91
2019-06-12,27.47252747252747,91
2019-06-13,25.274725274725274,91
2019-06-14,27.47252747252747,91
2019-06-17,25.274725274725274,91
2019-06-18,23.076923076923077,91
2019-06-19,21.978021978021978,91
2019-06-20,18.681318681318682,91
2019-06-21,18.681318681318682,91
2019-06-24,18.681318681318682,91
2019-06-25,20.87912087912088,91
2019-06-26,23.076923076923077,91
2019-06-27,18.681318681318682,91
2019-06-28,16.483516483516482,91
2019-07-01,14.285714285714286,91
2019-07-02,16.483516483516482,91
2019-07-03,13.186813186813186,91
2019-07-05,14.285714285714286,91
2019-07-08,18.681318681318682,91
2019-07-09,13.186813186813186,91
2019-07-10,13.186813186813186,91
2019-07-11,13.186813186813186,91
2019-07-12,14.285714285714286,91
2019-07-15,15.384615384615385,91
2019-07-16,16.483516483516482,91
2019-07-17,16.483516483516482,91
2019-07-18,16.483516483516482,91
2019-07-19,18.681318681318682,91
2019-07-22,17.582417582417584,91
2019-07-23,17.582417582417584,91
2019-07-24,16.483516483516482,91
2019-07-25,16.483516483516482,91
2019-07-26,16.483516483516482,91
2019-07-29,17.582417582417584,91
2019-07-30,16.483516483516482,91
2019-07-31,15.384615384615385,91
2019-08-01,16.483516483516482,91
2019-08-02,19.78021978021978,91
2019-08-05,27.47252747252747,91
2019-08-06,25.274725274725274,91
2019-08-07,23.076923076923077,91
2019-08-08,17.582417582417584,91
2019-08-09,19.78021978021978,91
2019-08-12,21.978021978021978,91
2019-08-13,19.78021978021978,91
2019-08-14,21.978021978021978,91
2019-08-15,24.175824175824175,91
2019-08-16,24.175824175824175,91
2019-08-19,21.978021978021978,91
2019-08-20,20.87912087912088,91
2019-08-21,20.87912087912088,91
2019-08-22,20.87912087912088,91
2019-08-23,24.175824175824175,91
2019-08-26,23.076923076923077,91
2019-08-27,23.076923076923077,91
2019-08-28,25.274725274725274,91
2019-08-29,21.978021978021978,91
2019-08-30,21.978021978021978,91
2019-09-03,25.274725274725274,91
2019-09-04,23.076923076923077,91
2019-09-05,18.681318681318682,91
2019-09-06,18.681318681318682,91
2019-09-09,20.87912087912088,91
2019-09-10,20.87912087912088,91
2019-09-11,19.78021978021978,91
2019-09-12,17.582417582417584,91
2019-09-13,17.582417582417584,91
2019-09-16,16.483516483516482,91
2019-09-17,19.78021978021978,91
2019-09-18,19.78021978021978,91
2019-09-19,18.681318681318682,91
2019-09-20,19.78021978021978,91
2019-09-23,18.681318681318682,91
2019-09-24,23.076923076923077,91
2019-09-25,23.076923076923077,91
2019-09-26,23.076923076923077,91
2019-09-27,26.373626373626372,91
2019-09-30,26.373626373626372,91
2019-10-01,28.571428571428573,91
2019-10-02,32.967032967032964,91
2019-10-03,29.67032967032967,91
2019-10-04,26.373626373626372,91
2019-10-07,28.571428571428573,91
2019-10-08,36.26373626373626,91
2019-10-09,35.16483516483517,91
2019-10-10,32.967032967032964,91
2019-10-11,30.76923076923077,91
2019-10-14,30.76923076923077,91
2019-10-15,25.274725274725274,91
2019-10-16,26.373626373626372,91
2019-10-17,25.274725274725274,91
2019-10-18,26.373626373626372,91
2019-10-21,27.47252747252747,91
2019-10-22,28.571428571428573,91
2019-10-23,26.373626373626372,91
2019-10-24,25.274725274725274,91
2019-10-25,25.274725274725274,91
2019-10-28,24.175824175824175,91
2019-10-29,27.47252747252747,91
2019-10-30,21.978021978021978,91
2019-10-31,24.175824175824175,91
2019-11-01,20.87912087912088,91
2019-11-04,21.978021978021978,91
2019-11-05,24.175824175824175,91
2019-11-06,23.076923076923077,91
2019-11-07,23.076923076923077,91
2019-11-08,20.87912087912088,91
2019-11-11,20.87912087912088,91
2019-11-12,19.78021978021978,91
2019-11-13,19.78021978021978,91
2019-11-14,21.978021978021978,91
2019-11-15,19.78021978021978,91
2019-11-18,21.978021978021978,91
2019-11-19,18.681318681318682,91
2019-11-20,18.681318681318682,91
2019-11-21,18.681318681318682,91
2019-11-22,18.681318681318682,91
2019-11-25,19.78021978021978,91
2019-11-26,17.582417582417584,91
2019-11-27,15.384615384615385,91
2019-11-29,16.483516483516482,91
2019-12-02,17.582417582417584,91
2019-12-03,20.87912087912088,91
2019-12-04,18.681318681318682,91
2019-12-05,20.87912087912088,91
2019-12-06,18.681318681318682,91
2019-12-09,21.978021978021978,91
2019-12-10,21.978021978021978,91
2019-12-11,20.87912087912088,91
2019-12-12,16.483516483516482,91
2019-12-13,14.285714285714286,91
2019-12-16,12.087912087912088,91
2019-12-17,14.285714285714286,91
2019-12-18,13.186813186813186,91
2019-12-19,10.989010989010989,91
2019-12-20,8.791208791208792,91
2019-12-23,8.791208791208792,91
2019-12-24,8.791208791208792,91
2019-12-26,7.6923076923076925,91
2019-12-27,7.6923076923076925,91
2019-12-30,10.989010989010989,91
2019-12-31,9.89010989010989,91
2020-01-02,7.6923076923076925,91
2020-01-03,7.6923076923076925,91
2020-01-06,7.6923076923076925,91
2020-01-07,6.593406593406593,91
2020-01-08,8.791208791208792,91
2020-01-09,8.791208791208792,91
2020-01-10,9.89010989010989,91
2020-01-13,9.89010989010989,91
2020-01-14,9.89010989010989,91
2020-01-15,9.89010989010989,91
2020-01-16,8.791208791208792,91
2020-01-17,9.89010989010989,91
2020-01-21,10.989010989010989,91
2020-01-22,10.989010989010989,91
2020-01-23,10.989010989010989,91
2020-01-24,10.989010989010989,91
2020-01-27,13.186813186813186,91
2020-01-28,7.6923076923076925,91
2020-01-29,10.989010989010989,91
2020-01-30,12.087912087912088,91
2020-01-31,17.582417582417584,91
2020-02-03,13.186813186813186,91
2020-02-04,8.791208791208792,91
2020-02-05,6.593406593406593,91
2020-02-06,7.6923076923076925,91
2020-02-07,9.89010989010989,91
2020-02-10,9.89010989010989,91
2020-02-11,8.791208791208792,91
2020-02-12,6.593406593406593,91
2020-02-13,7.6923076923076925,91
2020-02-14,6.593406593406593,91
2020-02-18,7.6923076923076925,91
2020-02-19,6.593406593406593,91
2020-02-20,6.593406593406593,91
2020-02-21,10.989010989010989,91
2020-02-24,14.285714285714286,91
2020-02-25,28.571428571428573,91
2020-02-26,29.67032967032967,91
2020-02-27,40.65934065934066,91
2020-02-28,49.45054945054945,91
2020-03-02,32.967032967032964,91
2020-03-03,42.857142857142854,91
2020-03-04,30.76923076923077,91
2020-03-05,39.56043956043956,91
2020-03-06,42.857142857142854,91
2020-03-09,70.32967032967034,91
2020-03-10,50.54945054945055,91
2020-03-11,72.52747252747253,91
2020-03-12,87.91208791208791,91
2020-03-13,69.23076923076923,91
2020-03-16,91.20879120879121,91
2020-03-17,81.31868131868131,91
2020-03-18,90.10989010989012,91
2020-03-19,84.61538461538461,91
2020-03-20,89.01098901098901,91
2020-03-23,85.71428571428571,91
2020-03-24,76.92307692307692,91
2020-03-25,81.31868131868131,91
2020-03-26,70.65217391304348,92
2020-03-27,80.43478260869566,92
2020-03-30,70.65217391304348,92
2020-03-31,73.91304347826087,92
2020-04-01,80.43478260869566,92
2020-04-02,78.26086956521739,92
2020-04-03,79.34782608695652,92
2020-04-06,67.3913043478261,92
2020-04-07,67.3913043478261,92
2020-04-08,60.869565217391305,92
2020-04-09,61.95652173913044,92
2020-04-13,63.04347826086956,92
2020-04-14,51.08695652173913,92
2020-04-15,53.26086956521739,92
2020-04-16,51.08695652173913,92
2020-04-17,46.73913043478261,92
2020-04-20,50.0,92
2020-04-21,59.78260869565217,92
2020-04-22,53.26086956521739,92
2020-04-23,52.17391304347826,92
2020-04-24,50.0,92
2020-04-27,48.91304347826087,92
2020-04-28,52.17391304347826,92
2020-04-29,39.130434782608695,92
2020-04-30,47.82608695652174,92
2020-05-01,51.08695652173913,92
2020-05-04,51.08695652173913,92
2020-05-05,50.0,92
2020-05-06,46.73913043478261,92
2020-05-07,45.65217391304348,92
2020-05-08,38.04347826086956,92
2020-05-11,40.21739130434783,92
2020-05-12,45.65217391304348,92
2020-05-13,45.65217391304348,92
2020-05-14,41.30434782608695,92
2020-05-15,43.47826086956522,92
2020-05-18,38.04347826086956,92
2020-05-19,41.30434782608695,92
2020-05-20,32.608695652173914,92
2020-05-21,38.04347826086956,92
2020-05-22,35.869565217391305,92
2020-05-26,31.52173913043478,92
2020-05-27,29.347826086956523,92
2020-05-28,28.26086956521739,92
2020-05-29,26.08695652173913,92
2020-06-01,27.17391304347826,92
2020-06-02,23.91304347826087,92
2020-06-03,22.82608695652174,92
2020-06-04,22.82608695652174,92
2020-06-05,15.217391304347826,92
2020-06-08,15.217391304347826,92
2020-06-09,17.391304347826086,92
2020-06-10,19.565217391304348,92
2020-06-11,28.26086956521739,92
2020-06-12,28.26086956521739,92
2020-06-15,26.08695652173913,92
2020-06-16,23.91304347826087,92
2020-06-17,23.91304347826087,92
2020-06-18,23.91304347826087,92
2020-06-19,25.0,92
2020-06-22,25.0,92
2020-06-23,23.91304347826087,92
2020-06-24,27.17391304347826,92
2020-06-25,25.0,92
2020-06-26,29.347826086956523,92
2020-06-29,26.08695652173913,92
2020-06-30,25.0,92
2020-07-01,25.0,92
2020-07-02,22.82608695652174,92
2020-07-06,20.43010752688172,93
2020-07-07,22.580645161290324,93
2020-07-08,21.50537634408602,93
2020-07-09,23.655913978494624,93
2020-07-10,23.655913978494624,93
2020-07-13,23.655913978494624,93
2020-07-14,20.43010752688172,93
2020-07-15,17.204301075268816,93
2020-07-16,17.204301075268816,93
2020-07-17,17.204301075268816,93
2020-07-20,17.204301075268816,93
2020-07-21,17.204301075268816,93
2020-07-22,16.129032258064516,93
2020-07-23,17.204301075268816,93
2020-07-24,20.43010752688172,93
2020-07-27,20.43010752688172,93
2020-07-28,20.43010752688172,93
2020-07-29,20.43010752688172,93
2020-07-30,20.43010752688172,93
2020-07-31,21.50537634408602,93
2020-08-03,19.35483870967742,93
2020-08-04,19.35483870967742,93
2020-08-05,20.43010752688172,93
2020-08-06,20.43010752688172,93
2020-08-07,20.43010752688172,93
2020-08-10,19.35483870967742,93
2020-08-11,17.204301075268816,93
2020-08-12,17.204301075268816,93
2020-08-13,18.27956989247312,93
2020-08-14,18.27956989247312,93
2020-08-17,18.27956989247312,93
2020-08-18,18.27956989247312,93
2020-08-19,19.35483870967742,93
2020-08-20,19.35483870967742,93
2020-08-21,19.35483870967742,93
2020-08-24,17.204301075268816,93
2020-08-25,17.204301075268816,93
2020-08-26,17.204301075268816,93
2020-08-27,17.204301075268816,93
2020-08-28,17.204301075268816,93
2020-08-31,17.204301075268816,93
2020-09-01,17.204301075268816,93
2020-09-02,17.204301075268816,93
2020-09-03,17.204301075268816,93
2020-09-04,18.27956989247312,93
2020-09-08,20.43010752688172,93
2020-09-09,19.35483870967742,93
2020-09-10,21.50537634408602,93
2020-09-11,21.50537634408602,93
2020-09-14,18.27956989247312,93
2020-09-15,18.27956989247312,93
2020-09-16,16.129032258064516,93
2020-09-17,18.27956989247312,93
2020-09-18,20.43010752688172,93
2020-09-21,22.580645161290324,93
2020-09-22,20.43010752688172,93
2020-09-23,22.580645161290324,93
2020-09-24,21.50537634408602,93
2020-09-25,20.43010752688172,93
2020-09-28,16.129032258064516,93
2020-09-29,19.35483870967742,93
2020-09-30,18.27956989247312,93
2020-10-01,17.204301075268816,93
2020-10-02,18.27956989247312,93
2020-10-05,16.129032258064516,93
2020-10-06,16.129032258064516,93
2020-10-07,13.978494623655914,93
2020-10-08,10.75268817204301,93
2020-10-09,10.75268817204301,93
2020-10-12,10.75268817204301,93
2020-10-13,10.75268817204301,93
2020-10-14,10.75268817204301,93
2020-10-15,11.827956989247312,93
2020-10-16,13.978494623655914,93
2020-10-19,15.053763440860216,93
2020-10-20,13.978494623655914,93
2020-10-21,13.978494623655914,93
2020-10-22,12.903225806451612,93
2020-10-23,12.903225806451612,93
2020-10-26,15.053763440860216,93
2020-10-27,16.129032258064516,93
2020-10-28,23.655913978494624,93
2020-10-29,22.580645161290324,93
2020-10-30,26.881720430107528,93
2020-11-02,20.43010752688172,93
2020-11-03,17.204301075268816,93
2020-11-04,12.903225806451612,93
2020-11-05,11.827956989247312,93
2020-11-06,13.978494623655914,93
2020-11-09,13.978494623655914,93
2020-11-10,11.827956989247312,93
2020-11-11,12.903225806451612,93
2020-11-12,12.903225806451612,93
2020-11-13,10.75268817204301,93
2020-11-16,8.602150537634408,93
2020-11-17,10.75268817204301,93
2020-11-18,12.903225806451612,93
2020-11-19,12.903225806451612,93
2020-11-20,12.903225806451612,93
2020-11-23,11.827956989247312,93
2020-11-24,9.67741935483871,93
2020-11-25,9.67741935483871,93
2020-11-27,7.526881720430108,93
2020-11-30,7.526881720430108,93
2020-12-01,7.526881720430108,93
2020-12-02,7.526881720430108,93
2020-12-03,7.526881720430108,93
2020-12-04,7.526881720430108,93
2020-12-07,7.526881720430108,93
2020-12-08,8.602150537634408,93
2020-12-09,7.526881720430108,93
2020-12-10,9.67741935483871,93
2020-12-11,9.67741935483871,93
2020-12-14,9.67741935483871,93
2020-12-15,6.451612903225806,93
2020-12-16,7.526881720430108,93
2020-12-17,5.376344086021505,93
2020-12-18,6.451612903225806,93
2020-12-21,8.602150537634408,93
2020-12-22,8.602150537634408,93
2020-12-23,8.602150537634408,93
2020-12-24,8.602150537634408,93
2020-12-28,9.67741935483871,93
2020-12-29,9.67741935483871,93
2020-12-30,9.67741935483871,93
2020-12-31,7.526881720430108,93
2021-01-04,9.67741935483871,93
2021-01-05,9.67741935483871,93
2021-01-06,6.451612903225806,93
2021-01-07,6.451612903225806,93
2021-01-08,6.451612903225806,93
2021-01-11,7.526881720430108,93
2021-01-12,6.451612903225806,93
2021-01-13,6.451612903225806,93
2021-01-14,8.602150537634408,93
2021-01-15,7.526881720430108,93
2021-01-19,6.451612903225806,93
2021-01-20,6.451612903225806,93
2021-01-21,6.451612903225806,93
2021-01-22,7.526881720430108,93
2021-01-25,5.376344086021505,93
2021-01-26,7.526881720430108,93
2021-01-27,8.602150537634408,93
2021-01-28,8.602150537634408,93
2021-01-29,9.67741935483871,93
2021-02-01,8.602150537634408,93
2021-02-02,7.526881720430108,93
2021-02-03,8.602150537634408,93
2021-02-04,6.451612903225806,93
2021-02-05,5.376344086021505,93
2021-02-08,5.376344086021505,93
2021-02-09,6.451612903225806,93
2021-02-10,6.451612903225806,93
2021-02-11,8.602150537634408,93
2021-02-12,8.602150537634408,93
2021-02-16,10.75268817204301,93
2021-02-17,8.602150537634408,93
2021-02-18,9.67741935483871,93
2021-02-19,10.75268817204301,93
2021-02-22,11.827956989247312,93
2021-02-23,11.827956989247312,93
2021-02-24,12.903225806451612,93
2021-02-25,19.35483870967742,93
2021-02-26,18.27956989247312,93
2021-03-01,15.053763440860216,93
2021-03-02,16.129032258064516,93
2021-03-03,21.50537634408602,93
2021-03-04,26.881720430107528,93
2021-03-05,20.43010752688172,93
2021-03-08,33.333333333333336,93
2021-03-09,21.50537634408602,93
2021-03-10,21.50537634408602,93
2021-03-11,19.35483870967742,93
2021-03-12,19.35483870967742,93
2021-03-15,16.129032258064516,93
2021-03-16,15.053763440860216,93
2021-03-17,15.053763440860216,93
2021-03-18,21.50537634408602,93
2021-03-19,19.35483870967742,93
2021-03-22,16.129032258064516,93
2021-03-23,17.204301075268816,93
2021-03-24,20.43010752688172,93
2021-03-25,21.50537634408602,93
2021-03-26,13.978494623655914,93
2021-03-29,15.053763440860216,93
2021-03-30,17.204301075268816,93
2021-03-31,13.978494623655914,93
2021-04-01,9.67741935483871,93
2021-04-05,7.526881720430108,93
2021-04-06,8.602150537634408,93
2021-04-07,9.67741935483871,93
2021-04-08,7.526881720430108,93
2021-04-09,8.602150537634408,93
2021-04-12,8.602150537634408,93
2021-04-13,7.526881720430108,93
2021-04-14,8.602150537634408,93
2021-04-15,6.451612903225806,93
2021-04-16,6.451612903225806,93
2021-04-19,7.526881720430108,93
2021-04-20,7.526881720430108,93
2021-04-21,8.602150537634408,93
2021-04-22,6.451612903225806,93
2021-04-23,7.526881720430108,93
2021-04-26,7.526881720430108,93
2021-04-27,6.451612903225806,93
2021-04-28,7.526881720430108,93
2021-04-29,7.526881720430108,93
2021-04-30,9.67741935483871,93
2021-05-03,9.67741935483871,93
2021-05-04,10.75268817204301,93
2021-05-05,11.827956989247312,93
2021-05-06,13.978494623655914,93
2021-05-07,11.827956989247312,93
2021-05-10,21.50537634408602,93
2021-05-11,17.204301075268816,93
2021-05-12,27.956989247311828,93
2021-05-13,27.956989247311828,93
2021-05-14,21.50537634408602,93
2021-05-17,25.806451612903224,93
2021-05-18,25.806451612903224,93
2021-05-19,21.50537634408602,93
2021-05-20,15.053763440860216,93
2021-05-21,20.43010752688172,93
2021-05-24,15.053763440860216,93
2021-05-25,13.978494623655914,93
2021-05-26,16.129032258064516,93
2021-05-27,17.204301075268816,93
2021-05-28,16.129032258064516,93
2021-06-01,16.129032258064516,93
2021-06-02,17.204301075268816,93
2021-06-03,20.43010752688172,93
2021-06-04,16.129032258064516,93
2021-06-07,17.204301075268816,93
2021-06-08,17.204301075268816,93
2021-06-09,16.129032258064516,93
2021-06-10,13.978494623655914,93
2021-06-11,11.827956989247312,93
2021-06-14,10.75268817204301,93
2021-06-15,15.053763440860216,93
2021-06-16,15.053763440860216,93
2021-06-17,12.903225806451612,93
2021-06-18,15.053763440860216,93
2021-06-21,12.903225806451612,93
2021-06-22,13.978494623655914,93
2021-06-23,13.978494623655914,93
2021-06-24,11.827956989247312,93
2021-06-25,9.67741935483871,93
2021-06-28,10.75268817204301,93
2021-06-29,11.827956989247312,93
2021-06-30,10.75268817204301,93
2021-07-01,11.827956989247312,93
2021-07-02,10.75268817204301,93
2021-07-06,10.75268817204301,93
2021-07-07,10.75268817204301,93
2021-07-08,10.75268817204301,93
2021-07-09,10.75268817204301,93
2021-07-12,11.827956989247312,93
2021-07-13,10.75268817204301,93
2021-07-14,11.827956989247312,93
2021-07-15,10.75268817204301,93
2021-07-16,15.957446808510639,94
2021-07-19,20.21276595744681,94
2021-07-20,15.957446808510639,94
2021-07-21,11.702127659574469,94
2021-07-22,12.76595744680851,94
2021-07-23,13.829787234042554,94
2021-07-26,13.829787234042554,94
2021-07-27,14.893617021276595,94
2021-07-28,13.829787234042554,94
2021-07-29,14.893617021276595,94
2021-07-30,13.829787234042554,94
2021-08-02,14.893617021276595,94
2021-08-03,13.829787234042554,94
2021-08-04,15.957446808510639,94
2021-08-05,14.893617021276595,94
2021-08-06,15.957446808510639,94
2021-08-09,15.957446808510639,94
2021-08-10,17.02127659574468,94
2021-08-11,14.893617021276595,94
2021-08-12,15.957446808510639,94
2021-08-13,14.893617021276595,94
2021-08-16,15.957446808510639,94
2021-08-17,18.085106382978722,94
2021-08-18,19.148936170212767,94
2021-08-19,22.340425531914892,94
2021-08-20,22.340425531914892,94
2021-08-23,17.02127659574468,94
2021-08-24,13.829787234042554,94
2021-08-25,13.829787234042554,94
2021-08-26,14.893617021276595,94
2021-08-27,13.829787234042554,94
2021-08-30,14.893617021276595,94
2021-08-31,14.893617021276595,94
2021-09-01,13.829787234042554,94
2021-09-02,14.893617021276595,94
2021-09-03,14.893617021276595,94
2021-09-07,17.02127659574468,94
2021-09-08,15.957446808510639,94
2021-09-09,17.02127659574468,94
2021-09-10,17.02127659574468,94
2021-09-13,15.957446808510639,94
2021-09-14,15.957446808510639,94
2021-09-15,19.148936170212767,94
2021-09-16,19.148936170212767,94
2021-09-17,19.148936170212767,94
2021-09-20,23.404255319148938,94
2021-09-21,24.46808510638298,94
2021-09-22,22.340425531914892,94
2021-09-23,21.27659574468085,94
2021-09-24,21.05263157894737,95
2021-09-27,21.875,96
2021-09-28,29.166666666666668,96
2021-09-29,31.25,96
2021-09-30,32.291666666666664,96
2021-10-01,30.208333333333332,96
2021-10-04,35.416666666666664,96
2021-10-05,34.375,96
2021-10-06,31.25,96
2021-10-07,28.125,96
2021-10-08,32.291666666666664,96
2021-10-11,34.375,96
2021-10-12,33.333333333333336,96
2021-10-13,33.333333333333336,96
2021-10-14,28.125,96
2021-10-15,26.041666666666668,96
2021-10-18,29.166666666666668,96
2021-10-19,23.958333333333332,96
2021-10-20,25.0,96
2021-10-21,21.875,96
2021-10-22,22.916666666666668,96
2021-10-25,22.916666666666668,96
2021-10-26,25.0,96
2021-10-27,25.0,96
2021-10-28,23.958333333333332,96
2021-10-29,26.041666666666668,96
2021-11-01,23.958333333333332,96
2021-11-02,23.958333333333332,96
2021-11-03,20.833333333333332,96
2021-11-04,20.833333333333332,96
2021-11-05,18.75,96
2021-11-08,19.791666666666668,96
2021-11-09,20.833333333333332,96
2021-11-10,18.75,96
2021-11-11,19.791666666666668,96
2021-11-12,21.875,96
2021-11-15,19.791666666666668,96
2021-11-16,20.833333333333332,96
2021-11-17,21.875,96
2021-11-18,22.916666666666668,96
2021-11-19,26.041666666666668,96
2021-11-22,25.0,96
2021-11-23,22.916666666666668,96
2021-11-24,23.958333333333332,96
2021-11-26,31.25,96
2021-11-29,30.208333333333332,96
2021-11-30,34.375,96
2021-12-01,38.541666666666664,96
2021-12-02,36.458333333333336,96
2021-12-03,37.5,96
2021-12-06,34.375,96
2021-12-07,33.333333333333336,96
2021-12-08,29.166666666666668,96
2021-12-09,32.291666666666664,96
2021-12-10,30.208333333333332,96
2021-12-13,28.125,96
2021-12-14,30.208333333333332,96
2021-12-15,28.125,96
2021-12-16,31.25,96
2021-12-17,34.375,96
2021-12-20,37.5,96
2021-12-21,31.25,96
2021-12-22,31.25,96
2021-12-23,30.208333333333332,96
2021-12-27,27.083333333333332,96
2021-12-28,27.083333333333332,96
2021-12-29,23.958333333333332,96
2021-12-30,26.041666666666668,96
2021-12-31,27.083333333333332,96
2022-01-03,25.0,96
2022-01-04,28.125,96
2022-01-05,33.333333333333336,96
2022-01-06,36.458333333333336,96
2022-01-07,35.416666666666664,96
2022-01-10,37.5,96
2022-01-11,35.416666666666664,96
2022-01-12,32.291666666666664,96
2022-01-13,38.541666666666664,96
2022-01-14,37.5,96
2022-01-18,43.75,96
2022-01-19,48.958333333333336,96
2022-01-20,53.125,96
2022-01-21,57.291666666666664,96
2022-01-24,55.208333333333336,96
2022-01-25,62.5,96
2022-01-26,65.625,96
2022-01-27,72.16494845360825,97
2022-01-28,63.91752577319588,97
2022-01-31,53.608247422680414,97
2022-02-01,52.577319587628864,97
2022-02-02,49.48453608247423,97
2022-02-03,59.79381443298969,97
2022-02-04,57.7319587628866,97
2022-02-07,57.7319587628866,97
2022-02-08,54.63917525773196,97
2022-02-09,48.45360824742268,97
2022-02-10,54.63917525773196,97
2022-02-11,62.88659793814433,97
2022-02-14,62.88659793814433,97
2022-02-15,58.76288659793814,97
2022-02-16,56.70103092783505,97
2022-02-17,62.88659793814433,97
2022-02-18,63.91752577319588,97
2022-02-22,64.94845360824742,97
2022-02-23,76.28865979381443,97
2022-02-24,68.04123711340206,97
2022-02-25,61.855670103092784,97
2022-02-28,61.855670103092784,97
2022-03-01,69.0721649484536,97
2022-03-02,60.824742268041234,97
2022-03-03,67.01030927835052,97
2022-03-04,69.0721649484536,97
2022-03-07,78.35051546391753,97
2022-03-08,79.38144329896907,97
2022-03-09,74.22680412371135,97
2022-03-10,76.28865979381443,97
2022-03-11,78.35051546391753,97
2022-03-14,79.38144329896907,97
2022-03-15,74.22680412371135,97
2022-03-16,69.0721649484536,97
2022-03-17,64.94845360824742,97
2022-03-18,55.670103092783506,97
2022-03-21,60.824742268041234,97
2022-03-22,56.70103092783505,97
2022-03-23,61.855670103092784,97
2022-03-24,51.54639175257732,97
2022-03-25,51.54639175257732,97
2022-03-28,49.48453608247423,97
2022-03-29,43.29896907216495,97
2022-03-30,48.45360824742268,97
2022-03-31,53.608247422680414,97
2022-04-01,55.670103092783506,97
2022-04-04,53.608247422680414,97
2022-04-05,58.76288659793814,97
2022-04-06,62.88659793814433,97
2022-04-07,63.91752577319588,97
2022-04-08,65.97938144329896,97
2022-04-11,68.04123711340206,97
2022-04-12,68.04123711340206,97
2022-04-13,65.97938144329896,97
2022-04-14,68.04123711340206,97
2022-04-18,69.0721649484536,97
2022-04-19,67.01030927835052,97
2022-04-20,64.94845360824742,97
2022-04-21,67.01030927835052,97
2022-04-22,70.10309278350516,97
2022-04-25,68.04123711340206,97
2022-04-26,76.28865979381443,97
2022-04-27,74.22680412371135,97
2022-04-28,70.10309278350516,97
2022-04-29,78.35051546391753,97
2022-05-02,77.31958762886597,97
2022-05-03,73.19587628865979,97
2022-05-04,70.10309278350516,97
2022-05-05,77.31958762886597,97
2022-05-06,80.41237113402062,97
2022-05-09,85.56701030927834,97
2022-05-10,84.5360824742268,97
2022-05-11,85.56701030927834,97
2022-05-12,85.56701030927834,97
2022-05-13,81.44329896907216,97
2022-05-16,81.44329896907216,97
2022-05-17,80.41237113402062,97
2022-05-18,86.5979381443299,97
2022-05-19,88.65979381443299,97
2022-05-20,87.62886597938144,97
2022-05-23,84.5360824742268,97
2022-05-24,83.50515463917526,97
2022-05-25,83.50515463917526,97
2022-05-26,80.41237113402062,97
2022-05-27,74.22680412371135,97
2022-05-31,74.22680412371135,97
2022-06-01,77.31958762886597,97
2022-06-02,73.19587628865979,97
2022-06-03,78.35051546391753,97
2022-06-06,77.31958762886597,97
2022-06-07,68.04123711340206,97
2022-06-08,74.22680412371135,97
2022-06-09,81.44329896907216,97
2022-06-10,87.62886597938144,97
2022-06-13,90.72164948453609,97
2022-06-14,91.75257731958763,97
2022-06-15,91.75257731958763,97
2022-06-16,92.78350515463917,97
2022-06-17,93.81443298969072,97
2022-06-21,90.72164948453609,97
2022-06-22,90.72164948453609,97
2022-06-23,89.69072164948453,97
2022-06-24,85.56701030927834,97
2022-06-27,84.5360824742268,97
2022-06-28,87.62886597938144,97
2022-06-29,86.5979381443299,97
2022-06-30,88.65979381443299,97
2022-07-01,84.5360824742268,97
2022-07-05,87.62886597938144,97
2022-07-06,87.62886597938144,97
2022-07-07,85.56701030927834,97
2022-07-08,83.50515463917526,97
2022-07-11,88.65979381443299,97
2022-07-12,88.65979381443299,97
2022-07-13,88.65979381443299,97
2022-07-14,87.62886597938144,97
2022-07-15,87.62886597938144,97
2022-07-18,87.62886597938144,97
2022-07-19,84.5360824742268,97
2022-07-20,85.56701030927834,97
2022-07-21,79.38144329896907,97
2022-07-22,80.41237113402062,97
2022-07-25,78.35051546391753,97
2022-07-26,80.41237113402062,97
2022-07-27,73.19587628865979,97
2022-07-28,71.1340206185567,97
2022-07-29,69.0721649484536,97
2022-08-01,67.01030927835052,97
2022-08-02,71.1340206185567,97
2022-08-03,63.91752577319588,97
2022-08-04,64.94845360824742,97
2022-08-05,65.97938144329896,97
2022-08-08,64.94845360824742,97
2022-08-09,67.01030927835052,97
2022-08-10,57.7319587628866,97
2022-08-11,60.824742268041234,97
2022-08-12,53.608247422680414,97
2022-08-15,50.51546391752577,97
2022-08-16,49.48453608247423,97
2022-08-17,52.577319587628864,97
2022-08-18,52.577319587628864,97
2022-08-19,58.76288659793814,97
2022-08-22,67.01030927835052,97
2022-08-23,67.01030927835052,97
2022-08-24,67.01030927835052,97
2022-08-25,58.76288659793814,97
2022-08-26,69.0721649484536,97
2022-08-29,69.0721649484536,97
2022-08-30,71.1340206185567,97
2022-08-31,72.16494845360825,97
2022-09-01,72.16494845360825,97
2022-09-02,75.25773195876289,97
2022-09-06,76.28865979381443,97
2022-09-07,71.1340206185567,97
2022-09-08,72.16494845360825,97
2022-09-09,63.91752577319588,97
2022-09-12,60.824742268041234,97
2022-09-13,76.28865979381443,97
2022-09-14,74.22680412371135,97
2022-09-15,79.38144329896907,97
2022-09-16,80.41237113402062,97
2022-09-19,78.35051546391753,97
2022-09-20,79.38144329896907,97
2022-09-21,80.41237113402062,97
2022-09-22,84.5360824742268,97
2022-09-23,85.56701030927834,97
2022-09-26,86.5979381443299,97
2022-09-27,89.69072164948453,97
2022-09-28,86.5979381443299,97
2022-09-29,88.65979381443299,97
2022-09-30,90.72164948453609,97
2022-10-03,86.5979381443299,97
2022-10-04,79.38144329896907,97
2022-10-05,79.38144329896907,97
2022-10-06,80.41237113402062,97
2022-10-07,83.50515463917526,97
2022-10-10,82.47422680412372,97
2022-10-11,82.47422680412372,97
2022-10-12,81.44329896907216,97
2022-10-13,81.44329896907216,97
2022-10-14,82.47422680412372,97
2022-10-17,81.44329896907216,97
2022-10-18,80.41237113402062,97
2022-10-19,80.41237113402062,97
2022-10-20,83.50515463917526,97
2022-10-21,79.38144329896907,97
2022-10-24,78.35051546391753,97
2022-10-25,74.22680412371135,97
2022-10-26,72.16494845360825,97
2022-10-27,71.1340206185567,97
2022-10-28,68.04123711340206,97
2022-10-31,70.10309278350516,97
2022-11-01,70.10309278350516,97
2022-11-02,73.46938775510205,98
2022-11-03,73.46938775510205,98
2022-11-04,69.38775510204081,98
2022-11-07,67.34693877551021,98
2022-11-08,64.28571428571429,98
2022-11-09,70.40816326530613,98
2022-11-10,50.0,98
2022-11-11,47.95918367346939,98
2022-11-14,51.02040816326531,98
2022-11-15,48.97959183673469,98
2022-11-16,52.04081632653061,98
2022-11-17,52.04081632653061,98
2022-11-18,48.97959183673469,98
2022-11-21,50.0,98
2022-11-22,44.89795918367347,98
2022-11-23,45.91836734693877,98
2022-11-25,45.91836734693877,98
2022-11-28,53.06122448979592,98
2022-11-29,51.02040816326531,98
2022-11-30,41.83673469387755,98
2022-12-01,38.775510204081634,98
2022-12-02,41.83673469387755,98
2022-12-05,51.02040816326531,98
2022-12-06,52.04081632653061,98
2022-12-07,55.10204081632653,98
2022-12-08,51.02040816326531,98
2022-12-09,52.04081632653061,98
2022-12-12,43.87755102040816,98
2022-12-13,40.816326530612244,98
2022-12-14,42.857142857142854,98
2022-12-15,51.02040816326531,98
2022-12-16,53.06122448979592,98
2022-12-19,55.10204081632653,98
2022-12-20,55.10204081632653,98
2022-12-21,51.02040816326531,98
2022-12-22,57.142857142857146,98
2022-12-23,54.08163265306123,98
2022-12-27,53.06122448979592,98
2022-12-28,58.16326530612245,98
2022-12-29,52.04081632653061,98
2022-12-30,54.08163265306123,98
2023-01-03,55.10204081632653,98
2023-01-04,53.06122448979592,98
2023-01-05,56.12244897959184,98
2023-01-06,48.97959183673469,98
2023-01-09,46.93877551020408,98
2023-01-10,43.87755102040816,98
2023-01-11,41.83673469387755,98
2023-01-12,40.816326530612244,98
2023-01-13,39.795918367346935,98
2023-01-17,40.816326530612244,98
2023-01-18,44.89795918367347,98
2023-01-19,44.89795918367347,98
2023-01-20,43.87755102040816,98
2023-01-23,36.734693877551024,98
2023-01-24,36.734693877551024,98
2023-01-25,37.755102040816325,98
2023-01-26,34.69387755102041,98
2023-01-27,30.612244897959183,98
2023-01-30,33.673469387755105,98
2023-01-31,29.591836734693878,98
2023-02-01,28.571428571428573,98
2023-02-02,17.346938775510203,98
2023-02-03,25.510204081632654,98
2023-02-06,27.551020408163264,98
2023-02-07,24.489795918367346,98
2023-02-08,26.53061224489796,98
2023-02-09,25.510204081632654,98
2023-02-10,26.53061224489796,98
2023-02-13,25.510204081632654,98
2023-02-14,22.448979591836736,98
2023-02-15,21.428571428571427,98
2023-02-16,23.46938775510204,98
2023-02-17,27.551020408163264,98
2023-02-21,32.6530612244898,98
2023-02-22,31.632653061224488,98
2023-02-23,31.632653061224488,98
2023-02-24,38.775510204081634,98
2023-02-27,38.775510204081634,98
2023-02-28,43.87755102040816,98
2023-03-01,43.87755102040816,98
2023-03-02,37.755102040816325,98
2023-03-03,29.591836734693878,98
2023-03-06,33.673469387755105,98
2023-03-07,35.714285714285715,98
2023-03-08,36.734693877551024,98
2023-03-09,43.87755102040816,98
2023-03-10,43.87755102040816,98
2023-03-13,43.87755102040816,98
2023-03-14,40.816326530612244,98
2023-03-15,40.816326530612244,98
2023-03-16,38.775510204081634,98
2023-03-17,35.714285714285715,98
2023-03-20,35.714285714285715,98
2023-03-21,30.612244897959183,98
2023-03-22,34.69387755102041,98
2023-03-23,33.673469387755105,98
2023-03-24,33.673469387755105,98
2023-03-27,33.673469387755105,98
2023-03-28,35.714285714285715,98
2023-03-29,28.571428571428573,98
2023-03-30,27.551020408163264,98
2023-03-31,25.510204081632654,98
2023-04-03,25.510204081632654,98
2023-04-04,22.448979591836736,98
2023-04-05,24.489795918367346,98
2023-04-06,24.489795918367346,98
2023-04-10,23.46938775510204,98
2023-04-11,23.46938775510204,98
2023-04-12,24.489795918367346,98
2023-04-13,21.428571428571427,98
2023-04-14,23.46938775510204,98
2023-04-17,22.448979591836736,98
2023-04-18,25.510204081632654,98
2023-04-19,24.489795918367346,98
2023-04-20,23.46938775510204,98
2023-04-21,22.448979591836736,98
2023-04-24,23.46938775510204,98
2023-04-25,30.612244897959183,98
2023-04-26,35.714285714285715,98
2023-04-27,28.571428571428573,98
2023-04-28,26.53061224489796,98
2023-05-01,28.571428571428573,98
2023-05-02,30.612244897959183,98
2023-05-03,34.69387755102041,98
2023-05-04,32.6530612244898,98
2023-05-05,29.591836734693878,98
2023-05-08,27.551020408163264,98
2023-05-09,28.571428571428573,98
2023-05-10,25.510204081632654,98
2023-05-11,29.591836734693878,98
2023-05-12,29.591836734693878,98
2023-05-15,27.551020408163264,98
2023-05-16,32.6530612244898,98
2023-05-17,29.591836734693878,98
2023-05-18,19.387755102040817,98
2023-05-19,22.448979591836736,98
2023-05-22,20.408163265306122,98
2023-05-23,25.510204081632654,98
2023-05-24,28.571428571428573,98
2023-05-25,27.551020408163264,98
2023-05-26,23.46938775510204,98
2023-05-30,23.46938775510204,98
2023-05-31,23.46938775510204,98
2023-06-01,21.428571428571427,98
2023-06-02,16.3265306122449,98
2023-06-05,16.3265306122449,98
2023-06-06,18.367346938775512,98
2023-06-07,21.428571428571427,98
2023-06-08,15.306122448979592,98
2023-06-09,15.306122448979592,98
2023-06-12,13.26530612244898,98
2023-06-13,13.26530612244898,98
2023-06-14,14.285714285714286,98
2023-06-15,11.224489795918368,98
2023-06-16,12.244897959183673,98
2023-06-20,14.285714285714286,98
2023-06-21,15.306122448979592,98
2023-06-22,15.306122448979592,98
2023-06-23,19.387755102040817,98
2023-06-26,19.387755102040817,98
2023-06-27,17.346938775510203,98
2023-06-28,18.367346938775512,98
2023-06-29,17.346938775510203,98
2023-06-30,16.3265306122449,98
2023-07-03,15.306122448979592,98
2023-07-05,15.306122448979592,98
2023-07-06,17.346938775510203,98
2023-07-07,17.346938775510203,98
2023-07-10,15.306122448979592,98
2023-07-11,13.26530612244898,98
2023-07-12,12.244897959183673,98
2023-07-13,10.204081632653061,98
2023-07-14,12.244897959183673,98
2023-07-17,12.244897959183673,98
2023-07-18,11.224489795918368,98
2023-07-19,11.224489795918368,98
2023-07-20,11.224489795918368,98
2023-07-21,11.224489795918368,98
2023-07-24,12.244897959183673,98
2023-07-25,13.26530612244898,98
2023-07-26,13.26530612244898,98
2023-07-27,13.26530612244898,98
2023-07-28,13.26530612244898,98
2023-07-31,11.224489795918368,98
2023-08-01,11.224489795918368,98
2023-08-02,12.244897959183673,98
2023-08-03,14.285714285714286,98
2023-08-04,17.346938775510203,98
2023-08-07,13.26530612244898,98
2023-08-08,17.346938775510203,98
2023-08-09,16.3265306122449,98
2023-08-10,16.3265306122449,98
2023-08-11,16.3265306122449,98
2023-08-14,16.3265306122449,98
2023-08-15,17.346938775510203,98
2023-08-16,18.367346938775512,98
2023-08-17,22.448979591836736,98
2023-08-18,22.448979591836736,98
2023-08-21,22.448979591836736,98
2023-08-22,22.448979591836736,98
2023-08-23,21.428571428571427,98
2023-08-24,23.46938775510204,98
2023-08-25,20.408163265306122,98
2023-08-28,19.387755102040817,98
2023-08-29,17.346938775510203,98
2023-08-30,17.346938775510203,98
2023-08-31,18.367346938775512,98
2023-09-01,19.387755102040817,98
2023-09-05,20.408163265306122,98
2023-09-06,18.367346938775512,98
2023-09-07,22.448979591836736,98
2023-09-08,22.448979591836736,98
2023-09-11,21.428571428571427,98
2023-09-12,21.428571428571427,98
2023-09-13,19.387755102040817,98
2023-09-14,18.367346938775512,98
2023-09-15,21.428571428571427,98
2023-09-18,22.448979591836736,98
2023-09-19,22.448979591836736,98
2023-09-20,20.408163265306122,98
2023-09-21,28.571428571428573,98
2023-09-22,28.571428571428573,98
2023-09-25,28.571428571428573,98
2023-09-26,32.6530612244898,98
2023-09-27,32.6530612244898,98
2023-09-28,29.591836734693878,98
2023-09-29,28.571428571428573,98
2023-10-02,29.591836734693878,98
2023-10-03,34.343434343434346,99
2023-10-04,31.31313131313131,99
2023-10-05,32.323232323232325,99
2023-10-06,27.272727272727273,99
2023-10-09,26.262626262626263,99
2023-10-10,23.232323232323232,99
2023-10-11,25.252525252525253,99
2023-10-12,26.262626262626263,99
2023-10-13,29.292929292929294,99
2023-10-16,26.262626262626263,99
2023-10-17,26.262626262626263,99
2023-10-18,33.333333333333336,99
2023-10-19,32.323232323232325,99
2023-10-20,37.37373737373738,99
2023-10-23,39.39393939393939,99
2023-10-24,37.37373737373738,99
2023-10-25,42.42424242424242,99
2023-10-26,44.44444444444444,99
2023-10-27,50.505050505050505,99
2023-10-30,46.464646464646464,99
2023-10-31,39.39393939393939,99
2023-11-01,37.37373737373738,99
2023-11-02,34.343434343434346,99
2023-11-03,28.282828282828284,99
2023-11-06,30.303030303030305,99
2023-11-07,26.262626262626263,99
2023-11-08,27.272727272727273,99
2023-11-09,31.31313131313131,99
2023-11-10,25.252525252525253,99
2023-11-13,24.242424242424242,99
2023-11-14,17.171717171717173,99
2023-11-15,18.181818181818183,99
2023-11-16,18.181818181818183,99
2023-11-17,17.171717171717173,99
2023-11-20,17.171717171717173,99
2023-11-21,17.171717171717173,99
2023-11-22,16.161616161616163,99
2023-11-24,14.141414141414142,99
2023-11-27,15.151515151515152,99
2023-11-28,16.161616161616163,99
2023-11-29,17.171717171717173,99
2023-11-30,16.161616161616163,99
2023-12-01,13.131313131313131,99
2023-12-04,13.131313131313131,99
2023-12-05,16.161616161616163,99
2023-12-06,18.181818181818183,99
2023-12-07,16.161616161616163,99
2023-12-08,16.161616161616163,99
2023-12-11,14.141414141414142,99
2023-12-12,14.141414141414142,99
2023-12-13,10.1010101010101,99
2023-12-14,10.1010101010101,99
2023-12-15,13.131313131313131,99
2023-12-18,9.090909090909092,99
2023-12-19,6.0606060606060606,99
2023-12-20,14.141414141414142,99
2023-12-21,12.121212121212121,99
2023-12-22,9.090909090909092,99
2023-12-26,8.080808080808081,99
2023-12-27,8.080808080808081,99
2023-12-28,8.080808080808081,99
2023-12-29,8.080808080808081,99
2024-01-02,7.070707070707071,99
2024-01-03,7.070707070707071,99
2024-01-04,9.090909090909092,99
2024-01-05,10.1010101010101,99
2024-01-08,11.11111111111111,99
2024-01-09,11.11111111111111,99
2024-01-10,10.1010101010101,99
2024-01-11,13.131313131313131,99
2024-01-12,12.121212121212121,99
2024-01-16,14.141414141414142,99
2024-01-17,15.151515151515152,99
2024-01-18,14.141414141414142,99
2024-01-19,13.131313131313131,99
2024-01-22,12.121212121212121,99
2024-01-23,12.121212121212121,99
2024-01-24,14.141414141414142,99
2024-01-25,14.141414141414142,99
2024-01-26,13.131313131313131,99
2024-01-29,11.11111111111111,99
2024-01-30,12.121212121212121,99
2024-01-31,16.161616161616163,99
2024-02-01,13.131313131313131,99
2024-02-02,16.161616161616163,99
2024-02-05,18.181818181818183,99
2024-02-06,14.141414141414142,99
2024-02-07,14.141414141414142,99
2024-02-08,17.171717171717173,99
2024-02-09,15.151515151515152,99
2024-02-12,16.161616161616163,99
2024-02-13,18.181818181818183,99
2024-02-14,19.19191919191919,99
2024-02-15,16.161616161616163,99
2024-02-16,20.2020202020202,99
2024-02-20,17.171717171717173,99
2024-02-21,16.161616161616163,99
2024-02-22,15.151515151515152,99
2024-02-23,16.161616161616163,99
2024-02-26,16.161616161616163,99
2024-02-27,15.151515151515152,99
2024-02-28,17.171717171717173,99
2024-02-29,15.151515151515152,99
2024-03-01,14.141414141414142,99
2024-03-04,16.161616161616163,99
2024-03-05,19.19191919191919,99
2024-03-06,19.19191919191919,99
2024-03-07,16.161616161616163,99
2024-03-08,16.161616161616163,99
2024-03-11,15.151515151515152,99
2024-03-12,15.151515151515152,99
2024-03-13,14.141414141414142,99
2024-03-14,17.171717171717173,99
2024-03-15,18.181818181818183,99
2024-03-18,14.141414141414142,99
2024-03-19,13.131313131313131,99
2024-03-20,13.131313131313131,99
2024-03-21,13.131313131313131,99
2024-03-22,14.141414141414142,99
2024-03-25,17.171717171717173,99
2024-03-26,18.181818181818183,99
2024-03-27,15.151515151515152,99
2024-03-28,15.151515151515152,99
2024-04-01,14.141414141414142,99
2024-04-02,15.151515151515152,99
2024-04-03,18.181818181818183,99
2024-04-04,20.2020202020202,99
2024-04-05,21.21212121212121,99
2024-04-08,21.21212121212121,99
2024-04-09,17.171717171717173,99
2024-04-10,23.232323232323232,99
2024-04-11,22.22222222222222,99
2024-04-12,25.252525252525253,99
2024-04-15,27.272727272727273,99
2024-04-16,27.272727272727273,99
2024-04-17,28.282828282828284,99
2024-04-18,29.292929292929294,99
2024-04-19,29.292929292929294,99
2024-04-22,24.242424242424242,99
2024-04-23,24.242424242424242,99
2024-04-24,23.232323232323232,99
2024-04-25,25.252525252525253,99
2024-04-26,27.272727272727273,99
2024-04-29,24.242424242424242,99
2024-04-30,28.282828282828284,99
2024-05-01,27.272727272727273,99
2024-05-02,27.272727272727273,99
2024-05-03,25.252525252525253,99
2024-05-06,25.252525252525253,99
2024-05-07,22.22222222222222,99
2024-05-08,24.242424242424242,99
2024-05-09,23.232323232323232,99
2024-05-10,23.232323232323232,99
2024-05-13,23.232323232323232,99
2024-05-14,23.232323232323232,99
2024-05-15,22.22222222222222,99
2024-05-16,21.21212121212121,99
2024-05-17,20.2020202020202,99
2024-05-20,20.2020202020202,99
2024-05-21,21.21212121212121,99
2024-05-22,20.2020202020202,99
2024-05-23,23.232323232323232,99
2024-05-24,23.232323232323232,99
2024-05-28,24.242424242424242,99
2024-05-29,27.272727272727273,99
2024-05-30,29.292929292929294,99
2024-05-31,25.252525252525253,99
2024-06-03,28.282828282828284,99
2024-06-04,27.272727272727273,99
2024-06-05,29.292929292929294,99
2024-06-06,30.303030303030305,99
2024-06-07,31.31313131313131,99
2024-06-10,31.31313131313131,99
2024-06-11,29.292929292929294,99
2024-06-12,28.282828282828284,99
2024-06-13,28.282828282828284,99
2024-06-14,30.303030303030305,99
2024-06-17,26.262626262626263,99
2024-06-18,26.262626262626263,99
2024-06-20,27.272727272727273,99
2024-06-21,24.242424242424242,99
2024-06-24,25.252525252525253,99
2024-06-25,26.262626262626263,99
2024-06-26,29.292929292929294,99
2024-06-27,28.282828282828284,99
2024-06-28,27.272727272727273,99
2024-07-01,27.0,100
2024-07-02,26.0,100
2024-07-03,27.0,100
2024-07-05,28.0,100
2024-07-08,27.0,100
2024-07-09,28.0,100
2024-07-10,28.0,100
2024-07-11,28.0,100
2024-07-12,25.0,100
2024-07-15,22.0,100
2024-07-16,18.0,100
2024-07-17,19.0,100
2024-07-18,23.0,100
2024-07-19,23.0,100
2024-07-22,22.0,100
2024-07-23,29.0,100
2024-07-24,30.0,100
2024-07-25,31.0,100
2024-07-26,26.0,100
2024-07-29,29.0,100
2024-07-30,28.0,100
2024-07-31,21.0,100
2024-08-01,29.0,100
2024-08-02,38.0,100
2024-08-05,46.0,100
2024-08-06,42.0,100
2024-08-07,46.0,100
2024-08-08,34.0,100
2024-08-09,36.0,100
2024-08-12,40.0,100
2024-08-13,33.0,100
2024-08-14,33.0,100
2024-08-15,23.0,100
2024-08-16,24.0,100
2024-08-19,20.0,100
2024-08-20,20.0,100
2024-08-21,17.0,100
2024-08-22,20.0,100
2024-08-23,20.0,100
2024-08-26,24.0,100
2024-08-27,23.0,100
2024-08-28,26.0,100
2024-08-29,27.0,100
2024-08-30,20.0,100
2024-09-03,28.0,100
2024-09-04,31.0,100
2024-09-05,32.0,100
2024-09-06,39.0,100
2024-09-09,34.0,100
2024-09-10,33.0,100
2024-09-11,33.0,100
2024-09-12,33.0,100
2024-09-13,31.0,100
2024-09-16,32.0,100
2024-09-17,29.0,100
2024-09-18,30.0,100
2024-09-19,23.0,100
2024-09-20,28.0,100
2024-09-23,29.0,100
2024-09-24,27.0,100
2024-09-25,29.0,100
2024-09-26,25.0,100
2024-09-27,24.0,100
2024-09-30,25.0,100
2024-10-01,28.0,100
2024-10-02,28.0,100
2024-10-03,28.0,100
2024-10-04,26.0,100
2024-10-07,30.0,100
2024-10-08,29.0,100
2024-10-09,25.0,100
2024-10-10,26.0,100
2024-10-11,19.0,100
2024-10-14,16.0,100
2024-10-15,23.0,100
2024-10-16,25.0,100
2024-10-17,25.0,100
2024-10-18,24.0,100
2024-10-21,25.0,100
2024-10-22,25.0,100
2024-10-23,30.0,100
2024-10-24,31.0,100
2024-10-25,28.0,100
2024-10-28,27.0,100
2024-10-29,27.0,100
2024-10-30,32.0,100
2024-10-31,38.0,100
2024-11-01,38.0,100
2024-11-04,37.0,100
2024-11-05,36.0,100
2024-11-06,23.0,100
2024-11-07,23.0,100
2024-11-08,23.0,100
2024-11-11,25.0,100
2024-11-12,25.0,100
2024-11-13,27.0,100
2024-11-14,28.0,100
2024-11-15,35.0,100
2024-11-18,34.0,100
2024-11-19,35.0,100
2024-11-20,34.0,100
2024-11-21,33.0,100
2024-11-22,31.0,100
2024-11-25,26.0,100
2024-11-26,25.0,100
2024-11-27,27.0,100
2024-11-29,26.0,100
2024-12-02,25.0,100
2024-12-03,25.0,100
2024-12-04,24.0,100
2024-12-05,27.0,100
2024-12-06,27.0,100
2024-12-09,27.0,100
2024-12-10,29.0,100
2024-12-11,30.0,100
2024-12-12,30.0,100
2024-12-13,32.0,100
2024-12-16,35.0,100
2024-12-17,36.0,100
2024-12-18,41.0,100
2024-12-19,43.0,100
2024-12-20,42.0,100
2024-12-23,41.0,100
2024-12-24,38.0,100
2024-12-26,39.0,100
2024-12-27,40.0,100
2024-12-30,43.0,100
2024-12-31,43.0,100
2025-01-02,44.0,100
2025-01-03,41.0,100
2025-01-06,40.0,100
2025-01-07,44.0,100
2025-01-08,39.0,100
2025-01-10,43.0,100
2025-01-13,44.0,100
2025-01-14,41.0,100
2025-01-15,38.0,100
2025-01-16,38.0,100
2025-01-17,36.0,100
2025-01-21,35.0,100
2025-01-22,33.0,100
2025-01-23,31.0,100
2025-01-24,36.0,100
2025-01-27,37.0,100
2025-01-28,36.0,100
2025-01-29,36.0,100
2025-01-30,35.0,100
2025-01-31,37.0,100
2025-02-03,35.0,100
2025-02-04,35.0,100
2025-02-05,30.0,100
2025-02-06,34.0,100
2025-02-07,35.0,100
2025-02-10,35.0,100
2025-02-11,36.0,100
2025-02-12,35.0,100
2025-02-13,34.0,100
2025-02-14,32.0,100
2025-02-18,29.0,100
2025-02-19,24.0,100
2025-02-20,26.0,100
2025-02-21,25.0,100
2025-02-24,31.0,100
2025-02-25,32.0,100
2025-02-26,35.0,100
2025-02-27,38.0,100
2025-02-28,37.0,100
2025-03-03,40.0,100
2025-03-04,46.0,100
2025-03-05,42.0,100
2025-03-06,44.0,100
2025-03-07,44.0,100
2025-03-10,50.0,100
2025-03-11,55.0,100
2025-03-12,55.0,100
2025-03-13,61.0,100
2025-03-14,55.0,100
2025-03-17,51.0,100
2025-03-18,54.0,100
2025-03-19,53.0,100
2025-03-20,53.0,100
2025-03-21,53.0,100
2025-03-24,46.0,100
2025-03-25,45.0,100
2025-03-26,46.0,100
2025-03-27,48.0,100
2025-03-28,52.0,100
2025-03-31,53.0,100
2025-04-01,54.0,100
2025-04-02,53.0,100
2025-04-03,57.0,100
2025-04-04,78.0,100
2025-04-07,79.0,100
2025-04-08,82.0,100
2025-04-09,59.0,100
2025-04-10,66.0,100
2025-04-11,64.0,100
2025-04-14,63.0,100
2025-04-15,63.0,100
2025-04-16,64.0,100
2025-04-17,62.0,100
2025-04-21,69.0,100
2025-04-22,64.0,100
2025-04-23,65.0,100
2025-04-24,60.0,100
2025-04-25,57.0,100
2025-04-28,58.0,100
2025-04-29,54.0,100
2025-04-30,55.0,100
2025-05-01,53.0,100
2025-05-02,45.0,100
2025-05-05,45.0,100
2025-05-06,50.0,100
2025-05-07,47.0,100
2025-05-08,45.0,100
2025-05-09,47.0,100
2025-05-12,33.0,100
2025-05-13,32.0,100
2025-05-14,32.0,100
2025-05-15,31.0,100
2025-05-16,29.0,100
2025-05-19,30.0,100
2025-05-20,29.0,100
2025-05-21,36.0,100
2025-05-22,34.0,100
2025-05-23,41.0,100
2025-05-27,33.0,100
2025-05-28,35.0,100
2025-05-29,37.0,100
2025-05-30,38.0,100
2025-06-02,37.0,100
2025-06-03,34.0,100
2025-06-04,33.0,100
2025-06-05,36.0,100
2025-06-06,29.0,100
2025-06-09,28.0,100
2025-06-10,21.0,100
2025-06-11,25.0,100
2025-06-12,25.0,100
2025-06-13,31.0,100
2025-06-16,27.0,100
2025-06-17,29.0,100
2025-06-18,30.0,100
2025-06-20,31.0,100
2025-06-23,31.0,100
2025-06-24,27.0,100
2025-06-25,30.0,100
2025-06-26,24.0,100
2025-06-27,23.0,100
2025-06-30,22.0,100
2025-07-01,19.0,100
2025-07-02,19.0,100
2025-07-03,19.0,100
2025-07-07,20.0,100
2025-07-08,20.0,100
2025-07-09,20.0,100
2025-07-10,23.0,100
2025-07-11,23.0,100
2025-07-14,24.0,100
2025-07-15,27.0,100
2025-07-16,25.0,100
2025-07-17,26.0,100
2025-07-18,26.0,100
2025-07-21,25.0,100
2025-07-22,20.0,100
2025-07-23,20.0,100
2025-07-24,19.0,100
2025-07-25,22.0,100
2025-07-28,21.0,100
2025-07-29,21.0,100
2025-07-30,25.0,100
2025-07-31,34.0,100
2025-08-01,38.0,100
2025-08-04,33.0,100
2025-08-05,37.0,100
2025-08-06,36.0,100
2025-08-07,37.0,100
2025-08-08,30.0,100
2025-08-11,34.0,100
2025-08-12,31.0,100
2025-08-13,25.0,100
2025-08-14,27.0,100
2025-08-15,30.0,100
2025-08-18,29.0,100
2025-08-19,30.0,100
2025-08-20,32.0,100
2025-08-21,33.0,100
2025-08-22,26.0,100
2025-08-25,31.0,100
2025-08-26,32.0,100
2025-08-27,29.0,100
2025-08-28,29.0,100
2025-08-29,29.0,100
2025-09-02,34.0,100
2025-09-03,34.0,100
2025-09-04,32.0,100
2025-09-05,32.0,100
2025-09-08,33.0,100
2025-09-09,33.0,100
2025-09-10,38.0,100
2025-09-11,33.0,100
2025-09-12,34.0,100
2025-09-15,36.0,100
2025-09-16,35.0,100
2025-09-17,35.0,100
2025-09-18,36.0,100
2025-09-19,32.0,100
2025-09-22,34.0,100
2025-09-23,34.0,100
2025-09-24,35.0,100
2025-09-25,36.0,100
2025-09-26,33.0,100
2025-09-29,33.0,100
2025-09-30,35.0,100
2025-10-01,34.0,100
2025-10-02,30.0,100
2025-10-03,32.0,100
2025-10-06,33.0,100
2025-10-07,33.0,100
2025-10-08,36.0,100
2025-10-09,34.0,100
2025-10-10,40.0,100
2025-10-13,37.0,100
2025-10-14,36.0,100
2025-10-15,39.0,100
2025-10-16,40.0,100
2025-10-17,41.0,100
2025-10-20,39.0,100
2025-10-21,34.0,100
2025-10-22,33.0,100
2025-10-23,32.0,100
2025-10-24,32.0,100
2025-10-27,32.0,100
2025-10-28,33.0,100
2025-10-29,36.0,100
2025-10-30,39.0,100
2025-10-31,39.0,100
2025-11-03,40.0,100
2025-11-04,42.0,100
2025-11-05,40.0,100
2025-11-06,42.0,100
2025-11-07,41.0,100
2025-11-10,41.0,100
2025-11-11,40.0,100
2025-11-12,40.0,100
2025-11-13,41.0,100
2025-11-14,42.0,100
2025-11-17,43.0,100
2025-11-18,43.0,100
2025-11-19,45.0,100
2025-11-20,46.0,100
2025-11-21,44.0,100
2025-11-24,44.0,100
2025-11-25,43.0,100
2025-11-26,44.0,100
2025-11-28,42.57425742574257,101
2025-12-01,42.57425742574257,101
2025-12-02,40.59405940594059,101
2025-12-03,35.64356435643565,101
2025-12-04,37.62376237623762,101
2025-12-05,32.67326732673267,101
2025-12-08,36.633663366336634,101
2025-12-09,37.62376237623762,101
2025-12-10,35.64356435643565,101
2025-12-11,36.633663366336634,101
2025-12-12,37.62376237623762,101
2025-12-15,36.633663366336634,101
2025-12-16,37.62376237623762,101
2025-12-17,39.603960396039604,101
2025-12-18,35.64356435643565,101
2025-12-19,37.62376237623762,101
2025-12-22,37.62376237623762,101
2025-12-23,37.62376237623762,101
2025-12-24,37.62376237623762,101
2025-12-26,37.62376237623762,101
2025-12-29,37.62376237623762,101
2025-12-30,38.613861386138616,101
2025-12-31,39.603960396039604,101
2026-01-02,44.554455445544555,101
2026-01-05,40.59405940594059,101
2026-01-06,37.62376237623762,101
2026-01-07,36.633663366336634,101
2026-01-08,38.613861386138616,101
2026-01-09,36.633663366336634,101
2026-01-12,38.613861386138616,101
2026-01-13,38.613861386138616,101
2026-01-14,41.584158415841586,101
2026-01-15,38.613861386138616,101
2026-01-16,40.59405940594059,101
2026-01-20,41.584158415841586,101
2026-01-21,41.584158415841586,101
2026-01-22,38.613861386138616,101
2026-01-23,39.603960396039604,101
2026-01-26,37.62376237623762,101
2026-01-27,35.64356435643565,101
2026-01-28,38.613861386138616,101
2026-01-29,41.584158415841586,101
2026-01-30,43.56435643564357,101
2026-02-02,43.56435643564357,101
2026-02-03,46.53465346534654,101
2026-02-04,46.53465346534654,101
2026-02-05,48.51485148514851,101
2026-02-06,47.524752475247524,101
2026-02-09,48.51485148514851,101
2026-02-10,47.524752475247524,101
2026-02-11,45.54455445544554,101
2026-02-12,46.53465346534654,101
2026-02-13,45.54455445544554,101
2026-02-17,47.524752475247524,101
2026-02-18,47.524752475247524,101
2026-02-19,47.524752475247524,101
2026-02-20,46.53465346534654,101
2026-02-23,48.51485148514851,101
2026-02-24,45.54455445544554,101
2026-02-25,45.54455445544554,101
2026-02-26,44.554455445544555,101
2026-02-27,43.56435643564357,101
2026-03-02,45.54455445544554,101
2026-03-03,48.51485148514851,101
2026-03-04,49.504950495049506,101
2026-03-05,48.51485148514851,101
2026-03-06,49.504950495049506,101
2026-03-09,50.495049504950494,101
2026-03-10,51.48514851485149,101
2026-03-11,51.48514851485149,101
2026-03-12,52.475247524752476,101
2026-03-13,54.45544554455446,101
2026-03-16,52.475247524752476,101
2026-03-17,52.475247524752476,101
2026-03-18,54.45544554455446,101
2026-03-19,54.45544554455446,101
2026-03-20,59.40594059405941,101
2026-03-23,55.445544554455445,101
2026-03-24,54.45544554455446,101
2026-03-25,54.45544554455446,101
2026-03-26,54.45544554455446,101
2026-03-27,58.415841584158414,101
2026-03-30,59.40594059405941,101
2026-03-31,55.445544554455445,101
2026-04-01,54.45544554455446,101
2026-04-02,54.45544554455446,101
2026-04-06,54.45544554455446,101
2026-04-07,53.46534653465346,101
2026-04-08,50.495049504950494,101
2026-04-09,49.504950495049506,101
2026-04-10,50.495049504950494,101
2026-04-13,50.495049504950494,101
2026-04-14,49.504950495049506,101
2026-04-15,50.495049504950494,101
2026-04-16,49.504950495049506,101
2026-04-17,47.524752475247524,101
2026-04-20,48.51485148514851,101
2026-04-21,47.524752475247524,101
2026-04-22,46.53465346534654,101
2026-04-23,48.51485148514851,101
2026-04-24,46.53465346534654,101
2026-04-27,46.53465346534654,101
2026-04-28,46.53465346534654,101
2026-04-29,45.54455445544554,101
2026-04-30,43.56435643564357,101
2026-05-01,43.56435643564357,101
2026-05-04,44.554455445544555,101
2026-05-05,44.554455445544555,101
2026-05-06,43.56435643564357,101
2026-05-07,42.57425742574257,101
2026-05-08,42.57425742574257,101
2026-05-11,41.584158415841586,101
2026-05-12,41.584158415841586,101
2026-05-13,42.57425742574257,101
2026-05-14,41.584158415841586,101
2026-05-15,41.584158415841586,101
