Date,pct_below_200dma,n_constituents
2006-05-16,27.692307692307693,390
2006-05-17,33.333333333333336,390
2006-05-18,35.38461538461539,390
2006-05-19,33.58974358974359,390
2006-05-22,34.35897435897436,390
2006-05-23,38.717948717948715,390
2006-05-24,37.69230769230769,390
2006-05-25,33.07692307692308,390
2006-05-26,30.434782608695652,391
2006-05-30,38.61892583120205,391
2006-05-31,33.248081841432224,391
2006-06-01,28.644501278772378,391
2006-06-02,26.854219948849106,391
2006-06-05,34.0153452685422,391
2006-06-06,34.0153452685422,391
2006-06-07,37.34015345268542,391
2006-06-08,38.107416879795394,391
2006-06-09,39.130434782608695,391
2006-06-12,45.78005115089514,391
2006-06-13,50.38363171355499,391
2006-06-14,49.87212276214834,391
2006-06-15,39.38618925831202,391
2006-06-16,40.92071611253197,391
2006-06-19,46.03580562659847,391
2006-06-20,46.29156010230179,391
2006-06-21,41.94373401534527,391
2006-06-22,44.75703324808184,391
2006-06-23,43.47826086956522,391
2006-06-26,40.92071611253197,391
2006-06-27,45.26854219948849,391
2006-06-28,42.710997442455245,391
2006-06-29,34.78260869565217,391
2006-06-30,35.714285714285715,392
2006-07-03,32.142857142857146,392
2006-07-05,35.45918367346939,392
2006-07-06,35.204081632653065,392
2006-07-07,37.755102040816325,392
2006-07-10,39.03061224489796,392
2006-07-11,36.224489795918366,392
2006-07-12,40.05102040816327,392
2006-07-13,47.44897959183673,392
2006-07-14,48.214285714285715,392
2006-07-17,50.0,392
2006-07-18,50.255102040816325,392
2006-07-19,42.09183673469388,392
2006-07-20,46.93877551020408,392
2006-07-21,51.02040816326531,392
2006-07-24,46.93877551020408,392
2006-07-25,43.11224489795919,392
2006-07-26,41.83673469387755,392
2006-07-27,44.89795918367347,392
2006-07-28,37.755102040816325,392
2006-07-31,38.01020408163265,392
2006-08-01,41.326530612244895,392
2006-08-02,40.05102040816327,392
2006-08-03,38.775510204081634,392
2006-08-04,40.05102040816327,392
2006-08-07,42.60204081632653,392
2006-08-08,43.36734693877551,392
2006-08-09,43.87755102040816,392
2006-08-10,42.3469387755102,392
2006-08-11,44.89795918367347,392
2006-08-14,44.89795918367347,392
2006-08-15,40.56122448979592,392
2006-08-16,38.775510204081634,392
2006-08-17,36.98979591836735,392
2006-08-18,35.45918367346939,392
2006-08-21,38.52040816326531,392
2006-08-22,39.03061224489796,392
2006-08-23,40.05102040816327,392
2006-08-24,40.56122448979592,392
2006-08-25,41.58163265306123,392
2006-08-28,39.285714285714285,392
2006-08-29,38.775510204081634,392
2006-08-30,38.52040816326531,392
2006-08-31,36.47959183673469,392
2006-09-01,35.36895674300254,393
2006-09-05,33.842239185750635,393
2006-09-06,38.67684478371501,393
2006-09-07,40.966921119592875,393
2006-09-08,37.659033078880405,393
2006-09-11,37.913486005089055,393
2006-09-12,33.587786259541986,393
2006-09-13,31.297709923664122,393
2006-09-14,32.06106870229008,393
2006-09-15,31.552162849872772,393
2006-09-18,31.806615776081426,393
2006-09-19,32.82442748091603,393
2006-09-20,29.949238578680202,394
2006-09-21,32.74111675126903,394
2006-09-22,34.01015228426396,394
2006-09-25,31.218274111675125,394
2006-09-26,29.441624365482234,394
2006-09-27,27.918781725888326,394
2006-09-28,27.411167512690355,394
2006-09-29,27.411167512690355,394
2006-10-02,28.68020304568528,394
2006-10-03,28.934010152284262,394
2006-10-04,25.888324873096447,394
2006-10-05,24.619289340101524,394
2006-10-06,25.31645569620253,395
2006-10-09,24.303797468354432,395
2006-10-10,25.31645569620253,395
2006-10-11,24.050632911392405,395
2006-10-12,20.0,395
2006-10-13,20.0,395
2006-10-16,18.227848101265824,395
2006-10-17,20.253164556962027,395
2006-10-18,20.253164556962027,395
2006-10-19,20.253164556962027,395
2006-10-20,23.037974683544302,395
2006-10-23,21.265822784810126,395
2006-10-24,21.0126582278481,395
2006-10-25,20.50632911392405,395
2006-10-26,18.227848101265824,395
2006-10-27,21.772151898734176,395
2006-10-30,20.50632911392405,395
2006-10-31,21.518987341772153,395
2006-11-01,23.79746835443038,395
2006-11-02,22.78481012658228,395
2006-11-03,23.29113924050633,395
2006-11-06,22.27848101265823,395
2006-11-07,20.50632911392405,395
2006-11-08,20.2020202020202,396
2006-11-09,21.464646464646464,396
2006-11-10,20.95959595959596,396
2006-11-13,20.95959595959596,396
2006-11-14,18.68686868686869,396
2006-11-15,16.161616161616163,396
2006-11-16,16.666666666666668,396
2006-11-17,16.624685138539043,397
2006-11-20,16.876574307304786,397
2006-11-21,16.624685138539043,397
2006-11-22,15.617128463476071,397
2006-11-24,15.617128463476071,397
2006-11-27,19.143576826196472,397
2006-11-28,18.89168765743073,397
2006-11-29,16.624685138539043,397
2006-11-30,16.876574307304786,397
2006-12-01,17.12846347607053,397
2006-12-04,14.861460957178842,397
2006-12-05,13.602015113350125,397
2006-12-06,13.853904282115868,397
2006-12-07,14.105793450881611,397
2006-12-08,13.602015113350125,397
2006-12-11,13.602015113350125,397
2006-12-12,15.365239294710328,397
2006-12-13,14.861460957178842,397
2006-12-14,13.853904282115868,397
2006-12-15,14.105793450881611,397
2006-12-18,14.357682619647354,397
2006-12-19,14.861460957178842,397
2006-12-20,15.365239294710328,397
2006-12-21,17.632241813602015,397
2006-12-22,19.395465994962215,397
2006-12-26,19.395465994962215,397
2006-12-27,16.834170854271356,398
2006-12-28,17.08542713567839,398
2006-12-29,18.34170854271357,398
2007-01-03,18.09045226130653,398
2007-01-04,18.09045226130653,398
2007-01-05,19.597989949748744,398
2007-01-08,20.100502512562816,398
2007-01-09,19.09547738693467,398
2007-01-10,18.592964824120603,398
2007-01-11,16.834170854271356,398
2007-01-12,14.824120603015075,398
2007-01-16,15.075376884422111,398
2007-01-17,15.577889447236181,398
2007-01-18,16.834170854271356,398
2007-01-19,15.075376884422111,398
2007-01-22,16.08040201005025,398
2007-01-23,14.824120603015075,398
2007-01-24,13.316582914572864,398
2007-01-25,15.577889447236181,398
2007-01-26,16.331658291457288,398
2007-01-29,16.08040201005025,398
2007-01-30,14.824120603015075,398
2007-01-31,13.06532663316583,398
2007-02-01,12.56281407035176,398
2007-02-02,11.306532663316583,398
2007-02-05,12.06030150753769,398
2007-02-06,11.306532663316583,398
2007-02-07,11.557788944723619,398
2007-02-08,11.306532663316583,398
2007-02-09,12.56281407035176,398
2007-02-12,12.56281407035176,398
2007-02-13,12.56281407035176,398
2007-02-14,11.055276381909549,398
2007-02-15,11.306532663316583,398
2007-02-16,11.055276381909549,398
2007-02-20,9.798994974874372,398
2007-02-21,8.542713567839195,398
2007-02-22,8.040201005025125,398
2007-02-23,8.040201005025125,398
2007-02-26,8.542713567839195,398
2007-02-27,16.08040201005025,398
2007-02-28,15.577889447236181,398
2007-03-01,16.331658291457288,398
2007-03-02,21.608040201005025,398
2007-03-05,27.386934673366834,398
2007-03-06,23.115577889447238,398
2007-03-07,22.8643216080402,398
2007-03-08,19.34673366834171,398
2007-03-09,19.597989949748744,398
2007-03-12,19.34673366834171,398
2007-03-13,27.81954887218045,399
2007-03-14,25.81453634085213,399
2007-03-15,22.80701754385965,399
2007-03-16,25.31328320802005,399
2007-03-19,21.303258145363408,399
2007-03-20,21.55388471177945,399
2007-03-21,15.789473684210526,399
2007-03-22,17.04260651629073,399
2007-03-23,17.293233082706767,399
2007-03-26,16.541353383458645,399
2007-03-27,18.295739348370926,399
2007-03-28,20.30075187969925,399
2007-03-29,20.551378446115287,399
2007-03-30,21.05263157894737,399
2007-04-02,21.05263157894737,399
2007-04-03,18.796992481203006,399
2007-04-04,18.796992481203006,399
2007-04-05,17.794486215538846,399
2007-04-09,18.045112781954888,399
2007-04-10,17.54385964912281,399
2007-04-11,19.29824561403509,399
2007-04-12,18.295739348370926,399
2007-04-13,16.791979949874687,399
2007-04-16,14.035087719298245,399
2007-04-17,14.285714285714286,399
2007-04-18,14.035087719298245,399
2007-04-19,14.536340852130326,399
2007-04-20,13.533834586466165,399
2007-04-23,13.784461152882205,399
2007-04-24,14.285714285714286,399
2007-04-25,12.781954887218046,399
2007-04-26,13.032581453634085,399
2007-04-27,13.784461152882205,399
2007-04-30,16.290726817042607,399
2007-05-01,16.290726817042607,399
2007-05-02,15.037593984962406,399
2007-05-03,14.536340852130326,399
2007-05-04,15.538847117794486,399
2007-05-07,14.285714285714286,399
2007-05-08,16.040100250626566,399
2007-05-09,15.538847117794486,399
2007-05-10,17.54385964912281,399
2007-05-11,15.789473684210526,399
2007-05-14,17.04260651629073,399
2007-05-15,18.045112781954888,399
2007-05-16,16.040100250626566,399
2007-05-17,18.045112781954888,399
2007-05-18,17.04260651629073,399
2007-05-21,17.293233082706767,399
2007-05-22,15.538847117794486,399
2007-05-23,17.293233082706767,399
2007-05-24,21.303258145363408,399
2007-05-25,20.30075187969925,399
2007-05-29,18.546365914786968,399
2007-05-30,15.037593984962406,399
2007-05-31,14.536340852130326,399
2007-06-01,12.781954887218046,399
2007-06-04,13.032581453634085,399
2007-06-05,15.789473684210526,399
2007-06-06,17.794486215538846,399
2007-06-07,25.81453634085213,399
2007-06-08,22.05513784461153,399
2007-06-11,23.05764411027569,399
2007-06-12,26.817042606516292,399
2007-06-13,22.80701754385965,399
2007-06-14,21.55388471177945,399
2007-06-15,19.79949874686717,399
2007-06-18,20.80200501253133,399
2007-06-19,21.05263157894737,399
2007-06-20,24.31077694235589,399
2007-06-21,24.31077694235589,399
2007-06-22,27.81954887218045,399
2007-06-25,27.56892230576441,399
2007-06-26,29.82456140350877,399
2007-06-27,26.06516290726817,399
2007-06-28,25.56390977443609,399
2007-06-29,27.56892230576441,399
2007-07-02,25.06265664160401,399
2007-07-03,24.81203007518797,399
2007-07-05,23.80952380952381,399
2007-07-06,23.05764411027569,399
2007-07-09,24.31077694235589,399
2007-07-10,29.573934837092732,399
2007-07-11,26.817042606516292,399
2007-07-12,24.06015037593985,399
2007-07-13,23.30827067669173,399
2007-07-16,24.06015037593985,399
2007-07-17,25.31328320802005,399
2007-07-18,25.31328320802005,399
2007-07-19,25.06265664160401,399
2007-07-20,28.571428571428573,399
2007-07-23,28.07017543859649,399
2007-07-24,34.08521303258146,399
2007-07-25,34.08521303258146,399
2007-07-26,42.35588972431078,399
2007-07-27,46.61654135338346,399
2007-07-30,42.10526315789474,399
2007-07-31,46.61654135338346,399
2007-08-01,44.3609022556391,399
2007-08-02,42.10526315789474,399
2007-08-03,50.25,400
2007-08-06,42.25,400
2007-08-07,41.5,400
2007-08-08,38.0,400
2007-08-09,48.25,400
2007-08-10,45.25,400
2007-08-13,45.0,400
2007-08-14,54.0,400
2007-08-15,58.25,400
2007-08-16,58.5,400
2007-08-17,49.5,400
2007-08-20,49.25,400
2007-08-21,48.5,400
2007-08-22,41.75,400
2007-08-23,44.5,400
2007-08-24,41.25,400
2007-08-27,45.0,400
2007-08-28,54.25,400
2007-08-29,46.25,400
2007-08-30,47.5,400
2007-08-31,44.25,400
2007-09-04,40.5,400
2007-09-05,46.5,400
2007-09-06,43.39152119700748,401
2007-09-07,49.37655860349127,401
2007-09-10,50.87281795511222,401
2007-09-11,47.13216957605985,401
2007-09-12,48.12967581047381,401
2007-09-13,46.13466334164588,401
2007-09-14,45.13715710723192,401
2007-09-17,47.38154613466334,401
2007-09-18,34.66334164588529,401
2007-09-19,31.920199501246884,401
2007-09-20,35.66084788029925,401
2007-09-21,35.66084788029925,401
2007-09-24,37.65586034912718,401
2007-09-25,38.90274314214464,401
2007-09-26,35.16209476309227,401
2007-09-27,33.16708229426434,401
2007-09-28,35.16209476309227,401
2007-10-01,31.17206982543641,401
2007-10-02,29.67581047381546,401
2007-10-03,30.174563591022444,401
2007-10-04,30.673316708229425,401
2007-10-05,25.935162094763093,401
2007-10-08,28.428927680798004,401
2007-10-09,26.433915211970074,401
2007-10-10,27.43142144638404,401
2007-10-11,28.92768079800499,401
2007-10-12,27.43142144638404,401
2007-10-15,32.66832917705736,401
2007-10-16,35.411471321695764,401
2007-10-17,34.66334164588529,401
2007-10-18,35.910224438902745,401
2007-10-19,43.14214463840399,401
2007-10-22,40.14962593516209,401
2007-10-23,39.15211970074813,401
2007-10-24,39.900249376558605,401
2007-10-25,39.900249376558605,401
2007-10-26,36.15960099750623,401
2007-10-29,36.15960099750623,401
2007-10-30,38.15461346633416,401
2007-10-31,32.917705735660846,401
2007-11-01,43.39152119700748,401
2007-11-02,43.14214463840399,401
2007-11-05,45.13715710723192,401
2007-11-06,41.64588528678304,401
2007-11-07,50.12468827930174,401
2007-11-08,47.38154613466334,401
2007-11-09,51.3715710723192,401
2007-11-12,51.87032418952619,401
2007-11-13,45.13715710723192,401
2007-11-14,47.38154613466334,401
2007-11-15,50.12468827930174,401
2007-11-16,49.12718204488778,401
2007-11-19,53.61596009975062,401
2007-11-20,52.119700748129674,401
2007-11-21,55.61097256857855,401
2007-11-23,52.61845386533666,401
2007-11-26,57.1072319201995,401
2007-11-27,55.11221945137157,401
2007-11-28,47.13216957605985,401
2007-11-29,47.38154613466334,401
2007-11-30,45.13715710723192,401
2007-12-03,46.63341645885287,401
2007-12-04,47.63092269326683,401
2007-12-05,44.63840399002494,401
2007-12-06,39.900249376558605,401
2007-12-07,39.65087281795511,401
2007-12-10,38.15461346633416,401
2007-12-11,44.38902743142145,401
2007-12-12,43.14214463840399,401
2007-12-13,42.8927680798005,401
2007-12-14,48.37905236907731,401
2007-12-17,53.61596009975062,401
2007-12-18,52.86783042394015,401
2007-12-19,52.36907730673317,401
2007-12-20,50.62344139650873,401
2007-12-21,47.13216957605985,401
2007-12-24,44.38902743142145,401
2007-12-26,44.63840399002494,401
2007-12-27,48.87780548628429,401
2007-12-28,49.37655860349127,401
2007-12-31,51.12219451371571,401
2008-01-02,56.60847880299252,401
2008-01-03,58.35411471321696,401
2008-01-04,61.44278606965174,402
2008-01-07,60.69651741293532,402
2008-01-08,64.42786069651741,402
2008-01-09,63.18407960199005,402
2008-01-10,62.43781094527363,402
2008-01-11,64.51612903225806,403
2008-01-14,62.531017369727046,403
2008-01-15,67.74193548387096,403
2008-01-16,69.23076923076923,403
2008-01-17,75.93052109181141,403
2008-01-18,77.41935483870968,403
2008-01-22,80.89330024813896,403
2008-01-23,77.41935483870968,403
2008-01-24,77.41935483870968,403
2008-01-25,79.15632754342431,403
2008-01-28,76.67493796526054,403
2008-01-29,75.18610421836229,403
2008-01-30,77.1712158808933,403
2008-01-31,71.712158808933,403
2008-02-01,65.5940594059406,404
2008-02-04,69.05940594059406,404
2008-02-05,77.22772277227723,404
2008-02-06,78.96039603960396,404
2008-02-07,75.99009900990099,404
2008-02-08,77.72277227722772,404
2008-02-11,75.99009900990099,404
2008-02-12,74.5049504950495,404
2008-02-13,72.02970297029702,404
2008-02-14,75.99009900990099,404
2008-02-15,76.54320987654322,405
2008-02-19,75.86206896551724,406
2008-02-20,73.89162561576354,406
2008-02-21,77.83251231527093,406
2008-02-22,76.10837438423646,406
2008-02-25,70.6896551724138,406
2008-02-26,67.48768472906404,406
2008-02-27,69.45812807881774,406
2008-02-28,71.99017199017199,407
2008-02-29,77.64127764127764,407
2008-03-03,76.90417690417691,407
2008-03-04,76.65847665847666,407
2008-03-05,75.67567567567568,407
2008-03-06,78.86977886977887,407
2008-03-07,81.08108108108108,407
2008-03-10,85.5036855036855,407
2008-03-11,78.62407862407862,407
2008-03-12,78.62407862407862,407
2008-03-13,78.13267813267814,407
2008-03-14,81.57248157248158,407
2008-03-17,83.78378378378379,407
2008-03-18,75.42997542997543,407
2008-03-19,79.6068796068796,407
2008-03-20,75.42997542997543,407
2008-03-24,70.51597051597052,407
2008-03-25,69.53316953316953,407
2008-03-26,72.48157248157248,407
2008-03-27,73.71007371007371,407
2008-03-28,75.67567567567568,407
2008-03-31,74.75490196078431,408
2008-04-01,64.70588235294117,408
2008-04-02,64.70588235294117,408
2008-04-03,62.990196078431374,408
2008-04-04,62.745098039215684,408
2008-04-07,62.5,408
2008-04-08,64.05867970660147,409
2008-04-09,67.97066014669926,409
2008-04-10,66.99266503667482,409
2008-04-11,72.86063569682152,409
2008-04-14,72.86063569682152,409
2008-04-15,70.4156479217604,409
2008-04-16,60.880195599022,409
2008-04-17,61.36919315403423,409
2008-04-18,55.99022004889976,409
2008-04-21,57.701711491442545,409
2008-04-22,62.10268948655257,409
2008-04-23,57.45721271393643,409
2008-04-24,54.52322738386308,409
2008-04-25,52.32273838630807,409
2008-04-28,52.07823960880196,409
2008-04-29,53.0562347188264,409
2008-04-30,54.034229828850854,409
2008-05-01,46.69926650366748,409
2008-05-02,45.965770171149146,409
2008-05-05,48.41075794621027,409
2008-05-06,46.45476772616137,409
2008-05-07,51.83374083129584,409
2008-05-08,50.122249388753055,409
2008-05-09,50.36674816625917,409
2008-05-12,46.58536585365854,410
2008-05-13,46.829268292682926,410
2008-05-14,44.146341463414636,410
2008-05-15,40.24390243902439,410
2008-05-16,40.48780487804878,410
2008-05-19,39.26829268292683,410
2008-05-20,43.65853658536585,410
2008-05-21,48.292682926829265,410
2008-05-22,48.292682926829265,410
2008-05-23,52.4390243902439,410
2008-05-27,51.21951219512195,410
2008-05-28,48.78048780487805,410
2008-05-29,44.8780487804878,410
2008-05-30,44.146341463414636,410
2008-06-02,50.0,410
2008-06-03,51.46341463414634,410
2008-06-04,48.048780487804876,410
2008-06-05,41.21951219512195,410
2008-06-06,54.63414634146341,410
2008-06-09,54.63414634146341,410
2008-06-10,55.1219512195122,410
2008-06-11,60.73170731707317,410
2008-06-12,59.02439024390244,410
2008-06-13,54.63414634146341,410
2008-06-16,53.170731707317074,410
2008-06-17,55.609756097560975,410
2008-06-18,58.292682926829265,410
2008-06-19,56.09756097560975,410
2008-06-20,60.73170731707317,410
2008-06-23,61.707317073170735,410
2008-06-24,63.170731707317074,410
2008-06-25,60.73170731707317,410
2008-06-26,68.78048780487805,410
2008-06-27,69.7560975609756,410
2008-06-30,70.2439024390244,410
2008-07-01,69.7560975609756,410
2008-07-02,74.39024390243902,410
2008-07-03,74.8780487804878,410
2008-07-07,76.58536585365853,410
2008-07-08,70.0,410
2008-07-09,74.14634146341463,410
2008-07-10,71.95121951219512,410
2008-07-11,73.41463414634147,410
2008-07-14,75.60975609756098,410
2008-07-15,76.58536585365853,410
2008-07-16,70.97560975609755,410
2008-07-17,69.26829268292683,410
2008-07-18,67.8048780487805,410
2008-07-21,67.5609756097561,410
2008-07-22,64.63414634146342,410
2008-07-23,63.65853658536585,410
2008-07-24,70.0,410
2008-07-25,69.02439024390245,410
2008-07-28,70.97560975609755,410
2008-07-29,66.09756097560975,410
2008-07-30,63.90243902439025,410
2008-07-31,65.1219512195122,410
2008-08-01,66.82926829268293,410
2008-08-04,67.5609756097561,410
2008-08-05,59.51219512195122,410
2008-08-06,59.02439024390244,410
2008-08-07,62.68292682926829,410
2008-08-08,54.146341463414636,410
2008-08-11,50.851581508515814,411
2008-08-12,54.50121654501216,411
2008-08-13,54.98783454987834,411
2008-08-14,53.5279805352798,411
2008-08-15,50.851581508515814,411
2008-08-18,53.5279805352798,411
2008-08-19,57.66423357664234,411
2008-08-20,55.71776155717762,411
2008-08-21,57.420924574209245,411
2008-08-22,52.06812652068127,411
2008-08-25,57.66423357664234,411
2008-08-26,57.17761557177616,411
2008-08-27,53.284671532846716,411
2008-08-28,48.175182481751825,411
2008-08-29,52.55474452554745,411
2008-09-02,51.45631067961165,412
2008-09-03,53.398058252427184,412
2008-09-04,62.62135922330097,412
2008-09-05,62.13592233009709,412
2008-09-08,54.85436893203884,412
2008-09-09,62.13592233009709,412
2008-09-10,62.13592233009709,412
2008-09-11,58.49514563106796,412
2008-09-12,58.00970873786408,412
2008-09-15,67.23300970873787,412
2008-09-16,60.922330097087375,412
2008-09-17,72.0873786407767,412
2008-09-18,60.922330097087375,412
2008-09-19,51.699029126213595,412
2008-09-22,66.01941747572816,412
2008-09-23,70.3883495145631,412
2008-09-24,70.87378640776699,412
2008-09-25,65.29126213592232,412
2008-09-26,65.04854368932038,412
2008-09-29,78.39805825242719,412
2008-09-30,72.0873786407767,412
2008-10-01,73.30097087378641,412
2008-10-02,80.58252427184466,412
2008-10-03,82.76699029126213,412
2008-10-06,89.80582524271844,412
2008-10-07,93.44660194174757,412
2008-10-08,94.66019417475728,412
2008-10-09,99.02912621359224,412
2008-10-10,97.33009708737865,412
2008-10-13,92.47572815533981,412
2008-10-14,94.1747572815534,412
2008-10-15,98.30508474576271,413
2008-10-16,95.64164648910412,413
2008-10-17,96.12590799031477,413
2008-10-20,94.67312348668281,413
2008-10-21,95.39951573849879,413
2008-10-22,96.3680387409201,413
2008-10-23,96.61016949152543,413
2008-10-24,97.82082324455206,413
2008-10-27,98.06295399515739,413
2008-10-28,95.64164648910412,413
2008-10-29,95.88377723970945,413
2008-10-30,93.46246973365618,413
2008-10-31,91.76755447941889,413
2008-11-03,92.49394673123487,413
2008-11-04,89.58837772397095,413
2008-11-05,94.67312348668281,413
2008-11-06,95.64164648910412,413
2008-11-07,94.67312348668281,413
2008-11-10,95.39951573849879,413
2008-11-11,97.09443099273608,413
2008-11-12,97.57869249394673,413
2008-11-13,94.91525423728814,413
2008-11-14,96.85230024213075,413
2008-11-17,96.61016949152543,413
2008-11-18,96.85230024213075,413
2008-11-19,97.82082324455206,413
2008-11-20,99.0314769975787,413
2008-11-21,97.82082324455206,413
2008-11-24,96.61016949152543,413
2008-11-25,97.3365617433414,413
2008-11-26,95.39951573849879,413
2008-11-28,94.67312348668281,413
2008-12-01,98.30508474576271,413
2008-12-02,97.57869249394673,413
2008-12-03,96.12590799031477,413
2008-12-04,97.09443099273608,413
2008-12-05,95.39951573849879,413
2008-12-08,94.18886198547216,413
2008-12-09,96.85230024213075,413
2008-12-10,96.12590799031477,413
2008-12-11,97.57869249394673,413
2008-12-12,96.61016949152543,413
2008-12-15,96.85230024213075,413
2008-12-16,93.46246973365618,413
2008-12-17,94.18886198547216,413
2008-12-18,94.91525423728814,413
2008-12-19,94.18886198547216,413
2008-12-22,94.91525423728814,413
2008-12-23,94.91525423728814,413
2008-12-24,94.67312348668281,413
2008-12-26,94.67312348668281,413
2008-12-29,94.92753623188406,414
2008-12-30,94.20289855072464,414
2008-12-31,93.01204819277109,415
2009-01-02,90.12048192771084,415
2009-01-05,90.8433734939759,415
2009-01-06,91.80722891566265,415
2009-01-07,93.97590361445783,415
2009-01-08,93.25301204819277,415
2009-01-09,94.4578313253012,415
2009-01-12,95.18072289156626,415
2009-01-13,95.90361445783132,415
2009-01-14,97.10843373493977,415
2009-01-15,96.3855421686747,415
2009-01-16,94.93975903614458,415
2009-01-20,96.62650602409639,415
2009-01-21,94.4578313253012,415
2009-01-22,94.93975903614458,415
2009-01-23,95.42168674698796,415
2009-01-26,94.21686746987952,415
2009-01-27,93.97590361445783,415
2009-01-28,92.04819277108433,415
2009-01-29,94.21686746987952,415
2009-01-30,94.4578313253012,415
2009-02-02,93.49397590361446,415
2009-02-03,92.53012048192771,415
2009-02-04,92.7710843373494,415
2009-02-05,92.0673076923077,416
2009-02-06,90.86538461538461,416
2009-02-09,91.10576923076923,416
2009-02-10,94.23076923076923,416
2009-02-11,93.50961538461539,416
2009-02-12,92.54807692307692,416
2009-02-13,92.0673076923077,416
2009-02-17,95.1923076923077,416
2009-02-18,95.4326923076923,416
2009-02-19,95.4326923076923,416
2009-02-20,95.44364508393285,417
2009-02-23,96.88249400479616,417
2009-02-24,95.44364508393285,417
2009-02-25,96.64268585131894,417
2009-02-26,97.3621103117506,417
2009-02-27,97.60191846522781,417
2009-03-02,98.32134292565948,417
2009-03-03,98.32134292565948,417
2009-03-04,97.84172661870504,417
2009-03-05,98.32134292565948,417
2009-03-06,98.56115107913669,417
2009-03-09,98.56115107913669,417
2009-03-10,97.60191846522781,417
2009-03-11,97.3621103117506,417
2009-03-12,95.92326139088729,417
2009-03-13,96.1630695443645,417
2009-03-16,96.88249400479616,417
2009-03-17,95.44364508393285,417
2009-03-18,93.28537170263789,417
2009-03-19,93.76498800959233,417
2009-03-20,95.20383693045564,417
2009-03-23,89.92805755395683,417
2009-03-24,92.32613908872902,417
2009-03-25,91.60671462829737,417
2009-03-26,87.76978417266187,417
2009-03-27,90.16786570743405,417
2009-03-30,92.32613908872902,417
2009-03-31,90.64748201438849,417
2009-04-01,88.51674641148325,418
2009-04-02,85.88516746411483,418
2009-04-03,82.53588516746412,418
2009-04-06,85.88516746411483,418
2009-04-07,88.51674641148325,418
2009-04-08,85.88516746411483,418
2009-04-09,79.1866028708134,418
2009-04-13,78.94736842105263,418
2009-04-14,83.01435406698565,418
2009-04-15,79.66507177033493,418
2009-04-16,73.92344497607655,418
2009-04-17,72.2488038277512,418
2009-04-20,83.49282296650718,418
2009-04-21,76.79425837320574,418
2009-04-22,77.03349282296651,418
2009-04-23,76.55502392344498,418
2009-04-24,72.00956937799043,418
2009-04-27,72.96650717703349,418
2009-04-28,72.72727272727273,418
2009-04-29,65.78947368421052,418
2009-04-30,63.63636363636363,418
2009-05-01,64.35406698564593,418
2009-05-04,54.54545454545455,418
2009-05-05,56.2200956937799,418
2009-05-06,55.74162679425837,418
2009-05-07,59.80861244019139,418
2009-05-08,50.717703349282296,418
2009-05-11,58.3732057416268,418
2009-05-12,58.85167464114833,418
2009-05-13,71.77033492822966,418
2009-05-14,66.50717703349282,418
2009-05-15,68.18181818181819,418
2009-05-18,55.74162679425837,418
2009-05-19,56.9377990430622,418
2009-05-20,56.9377990430622,418
2009-05-21,62.44019138755981,418
2009-05-22,62.44019138755981,418
2009-05-26,51.43540669856459,418
2009-05-27,57.177033492822964,418
2009-05-28,54.30622009569378,418
2009-05-29,47.84688995215311,418
2009-06-01,37.55980861244019,418
2009-06-02,34.44976076555024,418
2009-06-03,38.995215311004785,418
2009-06-04,36.1244019138756,418
2009-06-05,37.08133971291866,418
2009-06-08,37.79904306220096,418
2009-06-09,36.60287081339713,418
2009-06-10,36.36363636363637,418
2009-06-11,36.36363636363637,418
2009-06-12,33.014354066985646,418
2009-06-15,39.952153110047846,418
2009-06-16,42.822966507177036,418
2009-06-17,42.822966507177036,418
2009-06-18,38.27751196172249,418
2009-06-19,37.08133971291866,418
2009-06-22,44.97607655502392,418
2009-06-23,44.01913875598086,418
2009-06-24,41.38755980861244,418
2009-06-25,31.818181818181817,418
2009-06-26,31.818181818181817,418
2009-06-29,28.708133971291865,418
2009-06-30,28.708133971291865,418
2009-07-01,26.555023923444978,418
2009-07-02,38.038277511961724,418
2009-07-06,34.21052631578947,418
2009-07-07,43.7799043062201,418
2009-07-08,44.25837320574163,418
2009-07-09,41.866028708133975,418
2009-07-10,42.58373205741627,418
2009-07-13,33.25358851674641,418
2009-07-14,30.14354066985646,418
2009-07-15,22.727272727272727,418
2009-07-16,19.85645933014354,418
2009-07-17,22.727272727272727,418
2009-07-20,16.74641148325359,418
2009-07-21,16.028708133971293,418
2009-07-22,15.07177033492823,418
2009-07-23,11.483253588516746,418
2009-07-24,10.76555023923445,418
2009-07-27,11.722488038277511,418
2009-07-28,10.526315789473685,418
2009-07-29,10.76555023923445,418
2009-07-30,10.047846889952153,418
2009-07-31,10.287081339712918,418
2009-08-03,8.61244019138756,418
2009-08-04,7.416267942583732,418
2009-08-05,7.416267942583732,418
2009-08-06,9.090909090909092,418
2009-08-07,6.698564593301436,418
2009-08-10,6.45933014354067,418
2009-08-11,8.61244019138756,418
2009-08-12,7.416267942583732,418
2009-08-13,6.698564593301436,418
2009-08-14,7.416267942583732,418
2009-08-17,9.090909090909092,418
2009-08-18,8.133971291866029,418
2009-08-19,7.177033492822966,418
2009-08-20,5.980861244019139,418
2009-08-21,3.588516746411483,418
2009-08-24,4.0669856459330145,418
2009-08-25,3.827751196172249,418
2009-08-26,3.588516746411483,418
2009-08-27,3.827751196172249,418
2009-08-28,3.588516746411483,418
2009-08-31,4.30622009569378,418
2009-09-01,5.741626794258373,418
2009-09-02,6.698564593301436,418
2009-09-03,5.980861244019139,418
2009-09-04,5.023923444976076,418
2009-09-08,4.784688995215311,418
2009-09-09,4.784688995215311,418
2009-09-10,4.545454545454546,418
2009-09-11,4.784688995215311,418
2009-09-14,3.827751196172249,418
2009-09-15,3.827751196172249,418
2009-09-16,2.6315789473684212,418
2009-09-17,3.349282296650718,418
2009-09-18,2.6315789473684212,418
2009-09-21,2.8708133971291865,418
2009-09-22,2.8708133971291865,418
2009-09-23,3.110047846889952,418
2009-09-24,3.110047846889952,418
2009-09-25,3.827751196172249,418
2009-09-28,2.6315789473684212,418
2009-09-29,2.8708133971291865,418
2009-09-30,4.0669856459330145,418
2009-10-01,5.2631578947368425,418
2009-10-02,6.698564593301436,418
2009-10-05,6.220095693779904,418
2009-10-06,5.023923444976076,418
2009-10-07,5.502392344497608,418
2009-10-08,4.545454545454546,418
2009-10-09,3.827751196172249,418
2009-10-12,3.827751196172249,418
2009-10-13,3.827751196172249,418
2009-10-14,2.6315789473684212,418
2009-10-15,2.15311004784689,418
2009-10-16,3.110047846889952,418
2009-10-19,2.3923444976076556,418
2009-10-20,2.8708133971291865,418
2009-10-21,4.784688995215311,418
2009-10-22,4.0669856459330145,418
2009-10-23,4.30622009569378,418
2009-10-26,6.45933014354067,418
2009-10-27,6.937799043062201,418
2009-10-28,8.133971291866029,418
2009-10-29,6.698564593301436,418
2009-10-30,10.76555023923445,418
2009-11-02,9.330143540669857,418
2009-11-03,9.569377990430622,418
2009-11-04,10.76555023923445,418
2009-11-05,7.655502392344498,418
2009-11-06,7.894736842105263,418
2009-11-09,5.980861244019139,418
2009-11-10,7.177033492822966,418
2009-11-11,5.741626794258373,418
2009-11-12,6.937799043062201,418
2009-11-13,6.45933014354067,418
2009-11-16,6.220095693779904,418
2009-11-17,6.937799043062201,418
2009-11-18,6.698564593301436,418
2009-11-19,7.177033492822966,418
2009-11-20,7.416267942583732,418
2009-11-23,6.937799043062201,418
2009-11-24,7.177033492822966,418
2009-11-25,6.698564593301436,418
2009-11-27,8.373205741626794,418
2009-11-30,8.133971291866029,418
2009-12-01,6.698564593301436,418
2009-12-02,6.937799043062201,418
2009-12-03,7.177033492822966,418
2009-12-04,6.937799043062201,418
2009-12-07,6.698564593301436,418
2009-12-08,7.894736842105263,418
2009-12-09,7.177033492822966,418
2009-12-10,7.655502392344498,418
2009-12-11,7.177033492822966,418
2009-12-14,6.937799043062201,418
2009-12-15,8.373205741626794,418
2009-12-16,8.61244019138756,418
2009-12-17,9.090909090909092,418
2009-12-18,8.133971291866029,418
2009-12-21,7.655502392344498,418
2009-12-22,6.698564593301436,418
2009-12-23,6.937799043062201,418
2009-12-24,6.220095693779904,418
2009-12-28,6.220095693779904,418
2009-12-29,6.220095693779904,418
2009-12-30,6.220095693779904,418
2009-12-31,7.894736842105263,418
2010-01-04,6.45933014354067,418
2010-01-05,5.2631578947368425,418
2010-01-06,5.2631578947368425,418
2010-01-07,5.2631578947368425,418
2010-01-08,5.502392344497608,418
2010-01-11,5.2631578947368425,418
2010-01-12,6.220095693779904,418
2010-01-13,5.741626794258373,418
2010-01-14,5.502392344497608,418
2010-01-15,6.220095693779904,418
2010-01-19,4.545454545454546,418
2010-01-20,5.2631578947368425,418
2010-01-21,7.416267942583732,418
2010-01-22,10.287081339712918,418
2010-01-25,9.090909090909092,418
2010-01-26,11.24401913875598,418
2010-01-27,11.24401913875598,418
2010-01-28,12.91866028708134,418
2010-01-29,16.028708133971293,418
2010-02-01,12.440191387559809,418
2010-02-02,11.483253588516746,418
2010-02-03,12.440191387559809,418
2010-02-04,19.617224880382775,418
2010-02-05,18.181818181818183,418
2010-02-08,22.727272727272727,418
2010-02-09,19.138755980861244,418
2010-02-10,19.617224880382775,418
2010-02-11,17.942583732057415,418
2010-02-12,18.42105263157895,418
2010-02-16,14.832535885167465,418
2010-02-17,15.07177033492823,418
2010-02-18,13.636363636363637,418
2010-02-19,12.679425837320574,418
2010-02-22,13.636363636363637,418
2010-02-23,15.07177033492823,418
2010-02-24,14.5933014354067,418
2010-02-25,15.07177033492823,418
2010-02-26,15.311004784688995,418
2010-03-01,14.354066985645932,418
2010-03-02,13.636363636363637,418
2010-03-03,13.157894736842104,418
2010-03-04,12.679425837320574,418
2010-03-05,10.76555023923445,418
2010-03-08,9.569377990430622,418
2010-03-09,9.330143540669857,418
2010-03-10,8.851674641148325,418
2010-03-11,8.61244019138756,418
2010-03-12,9.090909090909092,418
2010-03-15,9.569377990430622,418
2010-03-16,8.133971291866029,418
2010-03-17,7.177033492822966,418
2010-03-18,6.937799043062201,418
2010-03-19,8.133971291866029,418
2010-03-22,7.177033492822966,418
2010-03-23,6.937799043062201,418
2010-03-24,7.894736842105263,418
2010-03-25,8.851674641148325,418
2010-03-26,8.373205741626794,418
2010-03-29,7.416267942583732,418
2010-03-30,8.133971291866029,418
2010-03-31,8.851674641148325,418
2010-04-01,7.416267942583732,418
2010-04-05,7.416267942583732,418
2010-04-06,7.416267942583732,418
2010-04-07,8.133971291866029,418
2010-04-08,7.894736842105263,418
2010-04-09,6.698564593301436,418
2010-04-12,6.220095693779904,418
2010-04-13,6.937799043062201,418
2010-04-14,5.502392344497608,418
2010-04-15,6.698564593301436,418
2010-04-16,8.133971291866029,418
2010-04-19,8.133971291866029,418
2010-04-20,6.698564593301436,418
2010-04-21,7.416267942583732,418
2010-04-22,7.655502392344498,418
2010-04-23,6.698564593301436,418
2010-04-26,7.655502392344498,418
2010-04-27,11.004784688995215,418
2010-04-28,9.090909090909092,418
2010-04-29,8.61244019138756,418
2010-04-30,10.287081339712918,418
2010-05-03,9.569377990430622,418
2010-05-04,13.397129186602871,418
2010-05-05,14.114832535885167,418
2010-05-06,23.68421052631579,418
2010-05-07,28.4688995215311,418
2010-05-10,16.985645933014354,418
2010-05-11,17.942583732057415,418
2010-05-12,14.5933014354067,418
2010-05-13,17.22488038277512,418
2010-05-14,22.966507177033492,418
2010-05-17,22.00956937799043,418
2010-05-18,24.401913875598087,418
2010-05-19,26.555023923444978,418
2010-05-20,42.58373205741627,418
2010-05-21,37.94749403341289,419
2010-05-24,42.482100238663485,419
2010-05-25,44.1527446300716,419
2010-05-26,44.630071599045344,419
2010-05-27,32.4582338902148,419
2010-05-28,36.0381861575179,419
2010-06-01,44.630071599045344,419
2010-06-02,35.08353221957041,419
2010-06-03,34.60620525059666,419
2010-06-04,47.25536992840095,419
2010-06-07,55.13126491646778,419
2010-06-08,50.59665871121718,419
2010-06-09,52.02863961813843,419
2010-06-10,41.050119331742245,419
2010-06-11,39.856801909307876,419
2010-06-14,38.424821002386636,419
2010-06-15,30.548926014319807,419
2010-06-16,32.21957040572792,419
2010-06-17,32.21957040572792,419
2010-06-18,31.98090692124105,419
2010-06-21,34.12887828162291,419
2010-06-22,38.902147971360385,419
2010-06-23,39.140811455847256,419
2010-06-24,46.30071599045346,419
2010-06-25,43.67541766109785,419
2010-06-28,43.67541766109785,419
2010-06-29,58.472553699284006,419
2010-06-30,61.097852028639615,419
2010-07-01,62.52983293556086,419
2010-07-02,66.5871121718377,419
2010-07-06,65.63245823389022,419
2010-07-07,53.69928400954654,419
2010-07-08,48.92601431980907,419
2010-07-09,45.346062052505964,419
2010-07-12,46.77804295942721,419
2010-07-13,40.09546539379475,419
2010-07-14,40.334128878281625,419
2010-07-15,40.334128878281625,419
2010-07-16,50.35799522673031,419
2010-07-19,47.49403341288783,419
2010-07-20,44.1527446300716,419
2010-07-21,48.21002386634845,419
2010-07-22,40.09546539379475,419
2010-07-23,35.476190476190474,420
2010-07-26,32.38095238095238,420
2010-07-27,33.80952380952381,420
2010-07-28,37.142857142857146,420
2010-07-29,37.38095238095238,420
2010-07-30,37.142857142857146,420
2010-08-02,31.19047619047619,420
2010-08-03,33.80952380952381,420
2010-08-04,31.666666666666668,420
2010-08-05,32.142857142857146,420
2010-08-06,33.333333333333336,420
2010-08-09,31.428571428571427,420
2010-08-10,33.57142857142857,420
2010-08-11,44.76190476190476,420
2010-08-12,46.42857142857143,420
2010-08-13,48.095238095238095,420
2010-08-16,48.095238095238095,420
2010-08-17,41.904761904761905,420
2010-08-18,40.714285714285715,420
2010-08-19,47.142857142857146,420
2010-08-20,48.095238095238095,420
2010-08-23,50.95238095238095,420
2010-08-24,57.61904761904762,420
2010-08-25,56.666666666666664,420
2010-08-26,58.333333333333336,420
2010-08-27,50.714285714285715,420
2010-08-30,58.095238095238095,420
2010-08-31,56.76959619952494,421
2010-09-01,46.55581947743468,421
2010-09-02,43.942992874109265,421
2010-09-03,40.28436018957346,422
2010-09-07,44.78672985781991,422
2010-09-08,42.18009478672986,422
2010-09-09,40.99526066350711,422
2010-09-10,38.388625592417064,422
2010-09-13,35.07109004739336,422
2010-09-14,34.360189573459714,422
2010-09-15,33.88625592417062,422
2010-09-16,34.12322274881517,422
2010-09-17,33.175355450236964,422
2010-09-20,28.90995260663507,422
2010-09-21,30.09478672985782,422
2010-09-22,31.51658767772512,422
2010-09-23,34.59715639810427,422
2010-09-24,27.725118483412324,422
2010-09-27,28.436018957345972,422
2010-09-28,27.488151658767773,422
2010-09-29,26.777251184834125,422
2010-09-30,27.725118483412324,422
2010-10-01,26.540284360189574,422
2010-10-04,29.38388625592417,422
2010-10-05,23.696682464454977,422
2010-10-06,24.407582938388625,422
2010-10-07,24.881516587677726,422
2010-10-08,23.933649289099527,422
2010-10-11,23.933649289099527,422
2010-10-12,22.748815165876778,422
2010-10-13,20.379146919431278,422
2010-10-14,22.748815165876778,422
2010-10-15,22.274881516587676,422
2010-10-18,21.09004739336493,422
2010-10-19,25.29550827423168,423
2010-10-20,22.69503546099291,423
2010-10-21,22.22222222222222,423
2010-10-22,22.69503546099291,423
2010-10-25,21.04018912529551,423
2010-10-26,22.22222222222222,423
2010-10-27,21.513002364066192,423
2010-10-28,20.803782505910167,423
2010-10-29,21.27659574468085,423
2010-11-01,21.27659574468085,423
2010-11-02,19.38534278959811,423
2010-11-03,19.148936170212767,423
2010-11-04,15.130023640661939,423
2010-11-05,13.947990543735225,423
2010-11-08,14.657210401891254,423
2010-11-09,16.78486997635934,423
2010-11-10,16.548463356973997,423
2010-11-11,17.257683215130022,423
2010-11-12,19.148936170212767,423
2010-11-15,19.38534278959811,423
2010-11-16,24.822695035460992,423
2010-11-17,25.059101654846337,423
2010-11-18,22.93144208037825,423
2010-11-19,22.22222222222222,423
2010-11-22,22.22222222222222,423
2010-11-23,25.53191489361702,423
2010-11-24,21.69811320754717,424
2010-11-26,22.87735849056604,424
2010-11-29,24.528301886792452,424
2010-11-30,25.471698113207548,424
2010-12-01,20.754716981132077,424
2010-12-02,16.9811320754717,424
2010-12-03,15.09433962264151,424
2010-12-06,15.80188679245283,424
2010-12-07,15.09433962264151,424
2010-12-08,13.443396226415095,424
2010-12-09,12.264150943396226,424
2010-12-10,11.320754716981131,424
2010-12-13,10.61320754716981,424
2010-12-14,9.90566037735849,424
2010-12-15,11.79245283018868,424
2010-12-16,10.849056603773585,424
2010-12-17,10.61320754716981,424
2010-12-20,9.669811320754716,424
2010-12-21,8.726415094339623,424
2010-12-22,8.726415094339623,424
2010-12-23,8.726415094339623,424
2010-12-27,8.962264150943396,424
2010-12-28,9.669811320754716,424
2010-12-29,8.726415094339623,424
2010-12-30,9.19811320754717,424
2010-12-31,9.19811320754717,424
2011-01-03,8.962264150943396,424
2011-01-04,9.19811320754717,424
2011-01-05,8.018867924528301,424
2011-01-06,7.311320754716981,424
2011-01-07,8.962264150943396,424
2011-01-10,8.962264150943396,424
2011-01-11,8.49056603773585,424
2011-01-12,7.783018867924528,424
2011-01-13,8.254716981132075,424
2011-01-14,6.367924528301887,424
2011-01-18,5.660377358490566,424
2011-01-19,6.60377358490566,424
2011-01-20,5.89622641509434,424
2011-01-21,6.60377358490566,424
2011-01-24,5.89622641509434,424
2011-01-25,7.547169811320755,424
2011-01-26,7.547169811320755,424
2011-01-27,7.0754716981132075,424
2011-01-28,8.962264150943396,424
2011-01-31,8.962264150943396,424
2011-02-01,7.0754716981132075,424
2011-02-02,7.0754716981132075,424
2011-02-03,5.660377358490566,424
2011-02-04,5.89622641509434,424
2011-02-07,6.132075471698113,424
2011-02-08,5.188679245283019,424
2011-02-09,5.647058823529412,425
2011-02-10,5.882352941176471,425
2011-02-11,6.117647058823529,425
2011-02-14,6.117647058823529,425
2011-02-15,6.352941176470588,425
2011-02-16,5.647058823529412,425
2011-02-17,5.411764705882353,425
2011-02-18,5.882352941176471,425
2011-02-22,7.764705882352941,425
2011-02-23,9.647058823529411,425
2011-02-24,9.176470588235293,425
2011-02-25,8.0,425
2011-02-28,8.0,425
2011-03-01,8.470588235294118,425
2011-03-02,8.470588235294118,425
2011-03-03,7.529411764705882,425
2011-03-04,8.235294117647058,425
2011-03-07,8.470588235294118,425
2011-03-08,6.352941176470588,425
2011-03-09,6.117647058823529,425
2011-03-10,9.176470588235293,425
2011-03-11,7.764705882352941,425
2011-03-14,10.588235294117647,425
2011-03-15,13.176470588235293,425
2011-03-16,15.529411764705882,425
2011-03-17,13.882352941176471,425
2011-03-18,14.117647058823529,425
2011-03-21,11.294117647058824,425
2011-03-22,11.529411764705882,425
2011-03-23,10.823529411764707,425
2011-03-24,10.117647058823529,425
2011-03-25,10.588235294117647,425
2011-03-28,10.588235294117647,425
2011-03-29,9.154929577464788,426
2011-03-30,7.981220657276995,426
2011-03-31,8.92018779342723,426
2011-04-01,8.215962441314554,426
2011-04-04,7.511737089201878,426
2011-04-05,8.215962441314554,426
2011-04-06,7.511737089201878,426
2011-04-07,7.511737089201878,426
2011-04-08,7.746478873239437,426
2011-04-11,8.685446009389672,426
2011-04-12,9.133489461358314,427
2011-04-13,9.601873536299765,427
2011-04-14,9.601873536299765,427
2011-04-15,9.36768149882904,427
2011-04-18,11.007025761124122,427
2011-04-19,11.007025761124122,427
2011-04-20,9.36768149882904,427
2011-04-21,9.601873536299765,427
2011-04-25,8.899297423887587,427
2011-04-26,7.259953161592506,427
2011-04-27,5.85480093676815,427
2011-04-28,5.841121495327103,428
2011-04-29,5.841121495327103,428
2011-05-02,6.775700934579439,428
2011-05-03,7.4766355140186915,428
2011-05-04,7.94392523364486,428
2011-05-05,8.411214953271028,428
2011-05-06,7.94392523364486,428
2011-05-09,8.177570093457945,428
2011-05-10,7.242990654205608,428
2011-05-11,9.11214953271028,428
2011-05-12,8.644859813084112,428
2011-05-13,9.11214953271028,428
2011-05-16,10.280373831775702,428
2011-05-17,10.046728971962617,428
2011-05-18,10.046728971962617,428
2011-05-19,10.046728971962617,428
2011-05-20,11.655011655011656,429
2011-05-23,14.21911421911422,429
2011-05-24,14.918414918414918,429
2011-05-25,13.51981351981352,429
2011-05-26,12.354312354312354,429
2011-05-27,12.121212121212121,429
2011-05-31,11.188811188811188,429
2011-06-01,15.85081585081585,429
2011-06-02,15.617715617715618,429
2011-06-03,18.64801864801865,429
2011-06-06,23.31002331002331,429
2011-06-07,23.543123543123542,429
2011-06-08,27.972027972027973,429
2011-06-09,26.34032634032634,429
2011-06-10,31.46853146853147,429
2011-06-13,31.934731934731936,429
2011-06-14,27.272727272727273,429
2011-06-15,33.56643356643357,429
2011-06-16,34.032634032634036,429
2011-06-17,32.634032634032636,429
2011-06-20,32.4009324009324,429
2011-06-21,27.03962703962704,429
2011-06-22,29.37062937062937,429
2011-06-23,28.904428904428904,429
2011-06-24,32.16783216783217,429
2011-06-27,30.06993006993007,429
2011-06-28,27.272727272727273,429
2011-06-29,25.407925407925408,429
2011-06-30,21.91142191142191,429
2011-07-01,17.94871794871795,429
2011-07-05,18.414918414918414,429
2011-07-06,17.482517482517483,429
2011-07-07,15.384615384615385,429
2011-07-08,17.94871794871795,429
2011-07-11,24.708624708624708,429
2011-07-12,25.641025641025642,429
2011-07-13,25.641025641025642,429
2011-07-14,30.06993006993007,429
2011-07-15,29.603729603729604,429
2011-07-18,35.1981351981352,429
2011-07-19,29.37062937062937,429
2011-07-20,29.37062937062937,429
2011-07-21,25.174825174825173,429
2011-07-22,26.573426573426573,429
2011-07-25,28.43822843822844,429
2011-07-26,32.16783216783217,429
2011-07-27,41.95804195804196,429
2011-07-28,42.19114219114219,429
2011-07-29,44.28904428904429,429
2011-08-01,48.484848484848484,429
2011-08-02,58.97435897435897,429
2011-08-03,58.50815850815851,429
2011-08-04,74.5920745920746,429
2011-08-05,75.05827505827506,429
2011-08-08,91.14219114219114,429
2011-08-09,79.25407925407926,429
2011-08-10,87.87878787878788,429
2011-08-11,77.62237762237763,429
2011-08-12,76.45687645687646,429
2011-08-15,69.6969696969697,429
2011-08-16,71.56177156177156,429
2011-08-17,70.3962703962704,429
2011-08-18,81.11888111888112,429
2011-08-19,83.44988344988344,429
2011-08-22,83.91608391608392,429
2011-08-23,74.35897435897436,429
2011-08-24,71.32867132867133,429
2011-08-25,75.990675990676,429
2011-08-26,71.7948717948718,429
2011-08-29,64.56876456876456,429
2011-08-30,62.93706293706294,429
2011-08-31,62.23776223776224,429
2011-09-01,64.33566433566433,429
2011-09-02,71.16279069767442,430
2011-09-06,72.32558139534883,430
2011-09-07,65.11627906976744,430
2011-09-08,68.37209302325581,430
2011-09-09,74.4186046511628,430
2011-09-12,73.02325581395348,430
2011-09-13,70.93023255813954,430
2011-09-14,67.90697674418605,430
2011-09-15,64.65116279069767,430
2011-09-16,62.7906976744186,430
2011-09-19,64.65116279069767,430
2011-09-20,65.34883720930233,430
2011-09-21,73.54988399071925,431
2011-09-22,78.88631090487239,431
2011-09-23,77.95823665893272,431
2011-09-26,74.0139211136891,431
2011-09-27,70.06960556844548,431
2011-09-28,77.26218097447796,431
2011-09-29,75.46296296296296,432
2011-09-30,78.47222222222223,432
2011-10-03,84.72222222222223,432
2011-10-04,80.78703703703704,432
2011-10-05,80.0925925925926,432
2011-10-06,75.23148148148148,432
2011-10-07,75.92592592592592,432
2011-10-10,67.82407407407408,432
2011-10-11,68.98148148148148,432
2011-10-12,67.5925925925926,432
2011-10-13,67.82407407407408,432
2011-10-14,63.19444444444444,432
2011-10-17,68.28703703703704,432
2011-10-18,62.5,432
2011-10-19,65.04629629629629,432
2011-10-20,64.35185185185185,432
2011-10-21,55.55555555555556,432
2011-10-24,51.851851851851855,432
2011-10-25,57.175925925925924,432
2011-10-26,53.47222222222222,432
2011-10-27,42.361111111111114,432
2011-10-28,43.98148148148148,432
2011-10-31,52.083333333333336,432
2011-11-01,59.49074074074074,432
2011-11-02,55.78703703703704,432
2011-11-03,48.611111111111114,432
2011-11-04,48.842592592592595,432
2011-11-07,48.148148148148145,432
2011-11-08,44.44444444444444,432
2011-11-09,56.71296296296296,432
2011-11-10,54.166666666666664,432
2011-11-11,46.99074074074074,432
2011-11-14,49.76851851851852,432
2011-11-15,46.75925925925926,432
2011-11-16,53.47222222222222,432
2011-11-17,59.25925925925926,432
2011-11-18,59.25925925925926,432
2011-11-21,64.58333333333333,432
2011-11-22,66.20370370370371,432
2011-11-23,73.8425925925926,432
2011-11-25,73.44110854503464,433
2011-11-28,65.1270207852194,433
2011-11-29,64.43418013856812,433
2011-11-30,49.65357967667436,433
2011-12-01,50.57736720554273,433
2011-12-02,50.57736720554273,433
2011-12-05,47.11316397228637,433
2011-12-06,47.11316397228637,433
2011-12-07,46.65127020785219,433
2011-12-08,54.96535796766744,433
2011-12-09,47.34411085450346,433
2011-12-12,53.34872979214781,433
2011-12-13,55.65819861431871,433
2011-12-14,58.429561200923786,433
2011-12-15,57.736720554272516,433
2011-12-16,55.42725173210162,433
2011-12-19,58.891454965357966,433
2011-12-20,50.57736720554273,433
2011-12-21,49.53917050691244,434
2011-12-22,47.92626728110599,434
2011-12-23,44.93087557603687,434
2011-12-27,44.00921658986175,434
2011-12-28,48.38709677419355,434
2011-12-29,43.31797235023041,434
2011-12-30,44.23963133640553,434
2012-01-03,39.40092165898618,434
2012-01-04,41.14942528735632,435
2012-01-05,40.45977011494253,435
2012-01-06,40.0,435
2012-01-09,39.770114942528735,435
2012-01-10,33.10344827586207,435
2012-01-11,31.264367816091955,435
2012-01-12,31.192660550458715,436
2012-01-13,32.79816513761468,436
2012-01-17,30.504587155963304,436
2012-01-18,27.06422018348624,436
2012-01-19,24.31192660550459,436
2012-01-20,23.394495412844037,436
2012-01-23,23.165137614678898,436
2012-01-24,23.853211009174313,436
2012-01-25,19.495412844036696,436
2012-01-26,19.954128440366972,436
2012-01-27,19.724770642201836,436
2012-01-30,20.871559633027523,436
2012-01-31,21.3302752293578,436
2012-02-01,16.28440366972477,436
2012-02-02,15.137614678899082,436
2012-02-03,12.385321100917432,436
2012-02-06,13.073394495412844,436
2012-02-07,12.844036697247706,436
2012-02-08,12.155963302752294,436
2012-02-09,13.073394495412844,436
2012-02-10,12.155963302752294,436
2012-02-13,11.926605504587156,436
2012-02-14,13.990825688073395,436
2012-02-15,13.990825688073395,436
2012-02-16,10.779816513761467,436
2012-02-17,11.926605504587156,436
2012-02-21,12.155963302752294,436
2012-02-22,13.073394495412844,436
2012-02-23,11.926605504587156,436
2012-02-24,11.009174311926605,436
2012-02-27,10.55045871559633,436
2012-02-28,12.155963302752294,436
2012-02-29,12.614678899082568,436
2012-03-01,12.614678899082568,436
2012-03-02,12.385321100917432,436
2012-03-05,12.844036697247706,436
2012-03-06,16.28440366972477,436
2012-03-07,14.908256880733944,436
2012-03-08,11.926605504587156,436
2012-03-09,11.46788990825688,436
2012-03-12,11.697247706422019,436
2012-03-13,9.862385321100918,436
2012-03-14,10.321100917431192,436
2012-03-15,9.403669724770642,436
2012-03-16,9.174311926605505,436
2012-03-19,8.256880733944953,436
2012-03-20,8.944954128440367,436
2012-03-21,9.174311926605505,436
2012-03-22,10.779816513761467,436
2012-03-23,9.174311926605505,436
2012-03-26,6.8807339449541285,436
2012-03-27,7.110091743119266,436
2012-03-28,8.027522935779816,436
2012-03-29,8.944954128440367,436
2012-03-30,8.715596330275229,436
2012-04-02,9.174311926605505,436
2012-04-03,8.486238532110091,436
2012-04-04,9.403669724770642,436
2012-04-05,10.091743119266056,436
2012-04-09,12.844036697247706,436
2012-04-10,16.933638443935926,437
2012-04-11,13.958810068649885,437
2012-04-12,11.899313501144166,437
2012-04-13,14.874141876430206,437
2012-04-16,14.874141876430206,437
2012-04-17,12.356979405034325,437
2012-04-18,13.272311212814646,437
2012-04-19,14.874141876430206,437
2012-04-20,14.645308924485127,437
2012-04-23,17.391304347826086,437
2012-04-24,15.560640732265446,437
2012-04-25,12.128146453089245,437
2012-04-26,11.212814645308924,437
2012-04-27,9.839816933638444,437
2012-04-30,11.441647597254004,437
2012-05-01,9.839816933638444,437
2012-05-02,9.839816933638444,437
2012-05-03,11.899313501144166,437
2012-05-04,16.704805491990847,437
2012-05-07,15.560640732265446,437
2012-05-08,17.162471395881006,437
2012-05-09,19.221967963386728,437
2012-05-10,18.993135011441648,437
2012-05-11,19.450800915331808,437
2012-05-14,22.88329519450801,437
2012-05-15,25.40045766590389,437
2012-05-16,28.83295194508009,437
2012-05-17,33.18077803203661,437
2012-05-18,37.29977116704806,437
2012-05-21,31.35011441647597,437
2012-05-22,31.12128146453089,437
2012-05-23,30.434782608695652,437
2012-05-24,30.205949656750573,437
2012-05-25,30.205949656750573,437
2012-05-29,25.62929061784897,437
2012-05-30,33.40961098398169,437
2012-05-31,35.46910755148741,437
2012-06-01,43.47826086956522,437
2012-06-04,44.39359267734554,437
2012-06-05,42.5629290617849,437
2012-06-06,35.69794050343249,437
2012-06-07,34.78260869565217,437
2012-06-08,32.951945080091534,437
2012-06-11,36.8421052631579,437
2012-06-12,33.86727688787185,437
2012-06-13,37.52860411899314,437
2012-06-14,35.92677345537757,437
2012-06-15,32.494279176201374,437
2012-06-18,31.12128146453089,437
2012-06-19,26.31578947368421,437
2012-06-20,27.23112128146453,437
2012-06-21,35.24027459954233,437
2012-06-22,33.40961098398169,437
2012-06-25,38.901601830663616,437
2012-06-26,37.29977116704806,437
2012-06-27,35.69794050343249,437
2012-06-28,35.92677345537757,437
2012-06-29,27.23112128146453,437
2012-07-02,26.08695652173913,437
2012-07-03,24.94279176201373,437
2012-07-05,25.17162471395881,437
2012-07-06,28.60411899313501,437
2012-07-09,31.35011441647597,437
2012-07-10,32.951945080091534,437
2012-07-11,34.32494279176201,437
2012-07-12,36.61327231121282,437
2012-07-13,31.35011441647597,437
2012-07-16,33.63844393592677,437
2012-07-17,32.723112128146454,437
2012-07-18,28.60411899313501,437
2012-07-19,27.91762013729977,437
2012-07-20,32.723112128146454,437
2012-07-23,36.8421052631579,437
2012-07-24,39.130434782608695,437
2012-07-25,38.901601830663616,437
2012-07-26,34.55377574370709,437
2012-07-27,27.45995423340961,437
2012-07-30,29.22374429223744,438
2012-07-31,31.27853881278539,438
2012-08-01,33.333333333333336,438
2012-08-02,35.84474885844749,438
2012-08-03,30.59360730593607,438
2012-08-06,27.85388127853881,438
2012-08-07,23.059360730593607,438
2012-08-08,22.602739726027398,438
2012-08-09,21.689497716894977,438
2012-08-10,22.602739726027398,438
2012-08-13,23.744292237442924,438
2012-08-14,25.34246575342466,438
2012-08-15,23.744292237442924,438
2012-08-16,21.232876712328768,438
2012-08-17,20.091324200913242,438
2012-08-20,21.004566210045663,438
2012-08-21,20.54794520547945,438
2012-08-22,21.004566210045663,438
2012-08-23,24.200913242009133,438
2012-08-24,22.602739726027398,438
2012-08-27,24.200913242009133,438
2012-08-28,24.200913242009133,438
2012-08-29,23.972602739726028,438
2012-08-30,26.484018264840184,438
2012-08-31,25.114155251141554,438
2012-09-04,25.284738041002278,439
2012-09-05,26.195899772209568,439
2012-09-06,19.81776765375854,439
2012-09-07,16.856492027334852,439
2012-09-10,18.906605922551254,439
2012-09-11,18.678815489749432,439
2012-09-12,18.223234624145785,439
2012-09-13,15.489749430523919,439
2012-09-14,14.123006833712983,439
2012-09-17,15.71753986332574,439
2012-09-18,16.40091116173121,439
2012-09-19,17.767653758542142,439
2012-09-20,17.767653758542142,439
2012-09-21,17.767653758542142,439
2012-09-24,19.134396355353076,439
2012-09-25,23.234624145785876,439
2012-09-26,23.917995444191344,439
2012-09-27,22.095671981776764,439
2012-09-28,23.917995444191344,439
2012-10-01,24.60136674259681,439
2012-10-02,25.056947608200456,439
2012-10-03,25.284738041002278,439
2012-10-04,21.64009111617312,439
2012-10-05,21.64009111617312,439
2012-10-08,22.55125284738041,439
2012-10-09,28.47380410022779,439
2012-10-10,29.157175398633257,439
2012-10-11,28.701594533029613,439
2012-10-12,29.157175398633257,439
2012-10-15,26.879271070615033,439
2012-10-16,23.006833712984054,439
2012-10-17,22.32346241457859,439
2012-10-18,23.462414578587698,439
2012-10-19,28.246013667425967,439
2012-10-22,28.929384965831435,439
2012-10-23,32.80182232346242,439
2012-10-24,34.16856492027335,439
2012-10-25,33.25740318906606,439
2012-10-26,33.94077448747153,439
2012-10-31,31.662870159453302,439
2012-11-01,27.107061503416855,439
2012-11-02,30.29612756264237,439
2012-11-05,29.157175398633257,439
2012-11-06,25.284738041002278,439
2012-11-07,34.851936218678816,439
2012-11-08,39.17995444191344,439
2012-11-09,38.49658314350797,439
2012-11-12,38.95216400911162,439
2012-11-13,40.09111617312073,439
2012-11-14,46.924829157175395,439
2012-11-15,48.06378132118451,439
2012-11-16,44.64692482915718,439
2012-11-19,38.26879271070615,439
2012-11-20,36.44646924829157,439
2012-11-21,35.535307517084284,439
2012-11-23,30.227272727272727,440
2012-11-26,31.363636363636363,440
2012-11-27,33.63636363636363,440
2012-11-28,30.227272727272727,440
2012-11-29,27.045454545454547,440
2012-11-30,27.045454545454547,440
2012-12-03,29.545454545454547,440
2012-12-04,29.545454545454547,440
2012-12-05,28.181818181818183,440
2012-12-06,27.954545454545453,440
2012-12-07,26.363636363636363,440
2012-12-10,26.59090909090909,440
2012-12-11,22.727272727272727,440
2012-12-12,22.954545454545453,440
2012-12-13,24.545454545454547,440
2012-12-14,24.545454545454547,440
2012-12-17,20.454545454545453,440
2012-12-18,18.40909090909091,440
2012-12-19,20.0,440
2012-12-20,18.40909090909091,440
2012-12-21,22.272727272727273,440
2012-12-24,24.09090909090909,440
2012-12-26,26.136363636363637,440
2012-12-27,26.136363636363637,440
2012-12-28,29.772727272727273,440
2012-12-31,24.772727272727273,440
2013-01-02,16.818181818181817,440
2013-01-03,15.681818181818182,440
2013-01-04,14.318181818181818,440
2013-01-07,16.818181818181817,440
2013-01-08,17.272727272727273,440
2013-01-09,17.045454545454547,440
2013-01-10,14.772727272727273,440
2013-01-11,15.0,440
2013-01-14,15.454545454545455,440
2013-01-15,14.545454545454545,440
2013-01-16,14.772727272727273,440
2013-01-17,14.318181818181818,440
2013-01-18,13.181818181818182,440
2013-01-22,12.727272727272727,440
2013-01-23,12.727272727272727,440
2013-01-24,11.363636363636363,440
2013-01-25,10.681818181818182,440
2013-01-28,10.909090909090908,440
2013-01-29,10.430839002267573,441
2013-01-30,10.657596371882086,441
2013-01-31,10.884353741496598,441
2013-02-01,9.523809523809524,441
2013-02-04,12.01814058956916,441
2013-02-05,10.430839002267573,441
2013-02-06,10.204081632653061,441
2013-02-07,10.204081632653061,441
2013-02-08,9.977324263038549,441
2013-02-11,10.204081632653061,441
2013-02-12,9.750566893424036,441
2013-02-13,10.204081632653061,441
2013-02-14,10.204081632653061,441
2013-02-15,10.657596371882086,441
2013-02-19,9.070294784580499,441
2013-02-20,10.204081632653061,441
2013-02-21,11.337868480725623,441
2013-02-22,10.884353741496598,441
2013-02-25,13.605442176870747,441
2013-02-26,12.92517006802721,441
2013-02-27,10.884353741496598,441
2013-02-28,10.884353741496598,441
2013-03-01,9.750566893424036,441
2013-03-04,10.633484162895927,442
2013-03-05,8.371040723981901,442
2013-03-06,9.276018099547512,442
2013-03-07,9.255079006772009,443
2013-03-08,9.029345372460497,443
2013-03-11,9.029345372460497,443
2013-03-12,8.803611738148984,443
2013-03-13,9.029345372460497,443
2013-03-14,8.352144469525959,443
2013-03-15,8.577878103837472,443
2013-03-18,9.255079006772009,443
2013-03-19,9.706546275395034,443
2013-03-20,9.48081264108352,443
2013-03-21,9.706546275395034,443
2013-03-22,9.706546275395034,443
2013-03-25,9.706546275395034,443
2013-03-26,9.706546275395034,443
2013-03-27,9.029345372460497,443
2013-03-28,8.803611738148984,443
2013-04-01,9.029345372460497,443
2013-04-02,9.255079006772009,443
2013-04-03,10.835214446952596,443
2013-04-04,9.255079006772009,443
2013-04-05,9.48081264108352,443
2013-04-08,8.126410835214447,443
2013-04-09,8.803611738148984,443
2013-04-10,7.44920993227991,443
2013-04-11,6.320541760722348,443
2013-04-12,6.997742663656885,443
2013-04-15,11.060948081264108,443
2013-04-16,9.48081264108352,443
2013-04-17,12.18961625282167,443
2013-04-18,13.73873873873874,444
2013-04-19,13.288288288288289,444
2013-04-22,11.936936936936936,444
2013-04-23,9.90990990990991,444
2013-04-24,8.558558558558559,444
2013-04-25,8.108108108108109,444
2013-04-26,9.45945945945946,444
2013-04-29,8.333333333333334,444
2013-04-30,7.4324324324324325,444
2013-05-01,9.234234234234235,444
2013-05-02,7.657657657657658,444
2013-05-03,6.981981981981982,444
2013-05-06,6.081081081081081,444
2013-05-07,5.405405405405405,444
2013-05-08,5.617977528089888,445
2013-05-09,5.842696629213483,445
2013-05-10,4.719101123595506,445
2013-05-13,4.943820224719101,445
2013-05-14,4.719101123595506,445
2013-05-15,4.719101123595506,445
2013-05-16,4.719101123595506,445
2013-05-17,4.269662921348314,445
2013-05-20,4.49438202247191,445
2013-05-21,4.269662921348314,445
2013-05-22,4.719101123595506,445
2013-05-23,4.943820224719101,445
2013-05-24,5.393258426966292,445
2013-05-28,5.842696629213483,445
2013-05-29,7.191011235955056,445
2013-05-30,7.191011235955056,445
2013-05-31,8.314606741573034,445
2013-06-03,7.865168539325842,445
2013-06-04,8.539325842696629,445
2013-06-05,10.112359550561798,445
2013-06-06,9.213483146067416,445
2013-06-07,8.764044943820224,445
2013-06-10,9.887640449438202,445
2013-06-11,13.258426966292134,445
2013-06-12,14.606741573033707,445
2013-06-13,11.235955056179776,445
2013-06-14,11.235955056179776,445
2013-06-17,10.337078651685394,445
2013-06-18,8.98876404494382,445
2013-06-19,13.03370786516854,445
2013-06-20,21.573033707865168,445
2013-06-21,20.44943820224719,445
2013-06-24,22.471910112359552,445
2013-06-25,17.97752808988764,445
2013-06-26,15.730337078651685,445
2013-06-27,13.707865168539326,445
2013-06-28,14.382022471910112,445
2013-07-01,13.48314606741573,445
2013-07-02,14.157303370786517,445
2013-07-03,14.606741573033707,445
2013-07-05,14.831460674157304,445
2013-07-08,13.48314606741573,445
2013-07-09,11.910112359550562,445
2013-07-10,12.808988764044944,445
2013-07-11,7.865168539325842,445
2013-07-12,7.415730337078652,445
2013-07-15,7.640449438202247,445
2013-07-16,7.865168539325842,445
2013-07-17,7.415730337078652,445
2013-07-18,7.415730337078652,445
2013-07-19,7.640449438202247,445
2013-07-22,6.741573033707865,445
2013-07-23,6.741573033707865,445
2013-07-24,8.539325842696629,445
2013-07-25,7.640449438202247,445
2013-07-26,8.314606741573034,445
2013-07-29,9.887640449438202,445
2013-07-30,8.98876404494382,445
2013-07-31,9.438202247191011,445
2013-08-01,9.172259507829978,447
2013-08-02,10.29082774049217,447
2013-08-05,10.51454138702461,447
2013-08-06,10.738255033557047,447
2013-08-07,11.856823266219239,447
2013-08-08,11.409395973154362,447
2013-08-09,10.29082774049217,447
2013-08-12,11.409395973154362,447
2013-08-13,11.6331096196868,447
2013-08-14,11.6331096196868,447
2013-08-15,16.107382550335572,447
2013-08-16,18.120805369127517,447
2013-08-19,20.13422818791946,447
2013-08-20,18.344519015659955,447
2013-08-21,19.686800894854585,447
2013-08-22,17.449664429530202,447
2013-08-23,16.778523489932887,447
2013-08-26,17.89709172259508,447
2013-08-27,22.595078299776286,447
2013-08-28,22.14765100671141,447
2013-08-29,21.700223713646533,447
2013-08-30,23.042505592841163,447
2013-09-03,24.161073825503355,447
2013-09-04,23.042505592841163,447
2013-09-05,23.2662192393736,447
2013-09-06,23.042505592841163,447
2013-09-09,20.3579418344519,447
2013-09-10,17.89709172259508,447
2013-09-11,17.225950782997764,447
2013-09-12,19.463087248322147,447
2013-09-13,18.79194630872483,447
2013-09-16,17.002237136465325,447
2013-09-17,16.107382550335572,447
2013-09-18,10.961968680089486,447
2013-09-19,11.856823266219239,447
2013-09-20,14.5413870246085,447
2013-09-23,15.212527964205817,447
2013-09-24,16.778523489932887,447
2013-09-25,18.120805369127517,447
2013-09-26,16.778523489932887,447
2013-09-27,19.01565995525727,447
2013-09-30,20.80536912751678,447
2013-10-01,19.01565995525727,447
2013-10-02,19.463087248322147,447
2013-10-03,21.92393736017897,447
2013-10-04,21.700223713646533,447
2013-10-07,22.595078299776286,447
2013-10-08,24.384787472035793,447
2013-10-09,24.384787472035793,447
2013-10-10,19.686800894854585,447
2013-10-11,17.449664429530202,447
2013-10-14,16.55480984340045,447
2013-10-15,21.700223713646533,447
2013-10-16,16.071428571428573,448
2013-10-17,13.392857142857142,448
2013-10-18,12.946428571428571,448
2013-10-21,13.616071428571429,448
2013-10-22,11.830357142857142,448
2013-10-23,12.946428571428571,448
2013-10-24,13.839285714285714,448
2013-10-25,12.276785714285714,448
2013-10-28,13.616071428571429,448
2013-10-29,12.053571428571429,448
2013-10-30,13.616071428571429,448
2013-10-31,14.508928571428571,448
2013-11-01,14.699331848552339,449
2013-11-04,13.3630289532294,449
2013-11-05,14.922048997772828,449
2013-11-06,13.585746102449889,449
2013-11-07,14.699331848552339,449
2013-11-08,14.25389755011136,449
2013-11-11,14.25389755011136,449
2013-11-12,15.590200445434299,449
2013-11-13,14.031180400890868,449
2013-11-14,13.333333333333334,450
2013-11-15,13.11111111111111,450
2013-11-18,13.333333333333334,450
2013-11-19,15.11111111111111,450
2013-11-20,17.333333333333332,450
2013-11-21,15.777777777777779,450
2013-11-22,15.333333333333334,450
2013-11-25,15.333333333333334,450
2013-11-26,16.444444444444443,450
2013-11-27,15.777777777777779,450
2013-11-29,15.777777777777779,450
2013-12-02,16.22222222222222,450
2013-12-03,16.88888888888889,450
2013-12-04,16.666666666666668,450
2013-12-05,16.88888888888889,450
2013-12-06,16.444444444444443,450
2013-12-09,15.555555555555555,450
2013-12-10,17.555555555555557,450
2013-12-11,20.0,450
2013-12-12,20.88888888888889,450
2013-12-13,20.666666666666668,450
2013-12-16,19.333333333333332,450
2013-12-17,20.22222222222222,450
2013-12-18,17.77777777777778,450
2013-12-19,18.22222222222222,450
2013-12-20,16.88888888888889,450
2013-12-23,16.444444444444443,450
2013-12-24,15.777777777777779,450
2013-12-26,15.555555555555555,450
2013-12-27,14.88888888888889,450
2013-12-30,14.0,450
2013-12-31,14.222222222222221,450
2014-01-02,16.666666666666668,450
2014-01-03,17.555555555555557,450
2014-01-06,18.0,450
2014-01-07,16.22222222222222,450
2014-01-08,17.11111111111111,450
2014-01-09,16.22222222222222,450
2014-01-10,14.222222222222221,450
2014-01-13,17.333333333333332,450
2014-01-14,15.555555555555555,450
2014-01-15,14.444444444444445,450
2014-01-16,14.444444444444445,450
2014-01-17,15.777777777777779,450
2014-01-21,14.0,450
2014-01-22,14.222222222222221,450
2014-01-23,16.88888888888889,450
2014-01-24,22.666666666666668,450
2014-01-27,23.11111111111111,450
2014-01-28,20.88888888888889,450
2014-01-29,22.666666666666668,450
2014-01-30,18.666666666666668,450
2014-01-31,20.444444444444443,450
2014-02-03,31.77777777777778,450
2014-02-04,28.22222222222222,450
2014-02-05,28.666666666666668,450
2014-02-06,25.333333333333332,450
2014-02-07,22.0,450
2014-02-10,21.333333333333332,450
2014-02-11,18.22222222222222,450
2014-02-12,18.666666666666668,450
2014-02-13,16.444444444444443,450
2014-02-14,15.555555555555555,450
2014-02-18,15.555555555555555,450
2014-02-19,17.11111111111111,450
2014-02-20,15.555555555555555,450
2014-02-21,15.777777777777779,450
2014-02-24,14.855875831485587,451
2014-02-25,15.742793791574279,451
2014-02-26,14.855875831485587,451
2014-02-27,13.747228381374724,451
2014-02-28,12.86031042128603,451
2014-03-03,14.855875831485587,451
2014-03-04,12.638580931263858,451
2014-03-05,13.968957871396896,451
2014-03-06,14.634146341463415,451
2014-03-07,13.52549889135255,451
2014-03-10,12.416851441241684,451
2014-03-11,13.082039911308204,451
2014-03-12,13.52549889135255,451
2014-03-13,15.742793791574279,451
2014-03-14,17.516629711751662,451
2014-03-17,14.855875831485587,451
2014-03-18,13.303769401330378,451
2014-03-19,13.747228381374724,451
2014-03-20,14.19068736141907,451
2014-03-21,13.747228381374724,451
2014-03-24,14.19068736141907,451
2014-03-25,13.082039911308204,451
2014-03-26,15.299334811529933,451
2014-03-27,15.742793791574279,451
2014-03-28,15.077605321507761,451
2014-03-31,13.082039911308204,451
2014-04-01,11.751662971175167,451
2014-04-02,10.199556541019955,451
2014-04-03,10.375275938189846,453
2014-04-04,14.1280353200883,453
2014-04-07,18.543046357615893,453
2014-04-08,16.335540838852097,453
2014-04-09,14.34878587196468,453
2014-04-10,20.52980132450331,453
2014-04-11,25.550660792951543,454
2014-04-14,23.788546255506606,454
2014-04-15,21.145374449339208,454
2014-04-16,18.502202643171806,454
2014-04-17,17.180616740088105,454
2014-04-21,16.29955947136564,454
2014-04-22,14.977973568281937,454
2014-04-23,14.977973568281937,454
2014-04-24,15.859030837004406,454
2014-04-25,19.383259911894275,454
2014-04-28,20.26431718061674,454
2014-04-29,19.162995594713657,454
2014-04-30,18.281938325991188,454
2014-05-01,18.722466960352424,454
2014-05-02,18.502202643171806,454
2014-05-05,18.502202643171806,454
2014-05-06,20.704845814977972,454
2014-05-07,20.26431718061674,454
2014-05-08,19.823788546255507,454
2014-05-09,17.841409691629956,454
2014-05-12,14.317180616740089,454
2014-05-13,15.418502202643172,454
2014-05-14,17.841409691629956,454
2014-05-15,20.484581497797357,454
2014-05-16,18.722466960352424,454
2014-05-19,18.281938325991188,454
2014-05-20,20.26431718061674,454
2014-05-21,17.841409691629956,454
2014-05-22,16.519823788546255,454
2014-05-23,15.638766519823788,454
2014-05-27,13.876651982378855,454
2014-05-28,14.537444933920705,454
2014-05-29,13.876651982378855,454
2014-05-30,14.09691629955947,454
2014-06-02,13.656387665198238,454
2014-06-03,13.656387665198238,454
2014-06-04,12.775330396475772,454
2014-06-05,12.114537444933921,454
2014-06-06,10.13215859030837,454
2014-06-09,9.251101321585903,454
2014-06-10,10.572687224669604,454
2014-06-11,11.674008810572687,454
2014-06-12,13.43612334801762,454
2014-06-13,12.114537444933921,454
2014-06-16,12.775330396475772,454
2014-06-17,11.233480176211454,454
2014-06-18,9.691629955947137,454
2014-06-19,11.233480176211454,454
2014-06-20,11.674008810572687,454
2014-06-23,11.45374449339207,454
2014-06-24,12.775330396475772,454
2014-06-25,12.775330396475772,454
2014-06-26,13.876651982378855,454
2014-06-27,13.876651982378855,454
2014-06-30,13.656387665198238,454
2014-07-01,11.45374449339207,454
2014-07-02,11.674008810572687,454
2014-07-03,9.251101321585903,454
2014-07-07,11.233480176211454,454
2014-07-08,14.537444933920705,454
2014-07-09,13.876651982378855,454
2014-07-10,15.638766519823788,454
2014-07-11,15.859030837004406,454
2014-07-14,15.198237885462555,454
2014-07-15,14.977973568281937,454
2014-07-16,14.757709251101321,454
2014-07-17,18.722466960352424,454
2014-07-18,16.079295154185022,454
2014-07-21,17.180616740088105,454
2014-07-22,16.29955947136564,454
2014-07-23,15.198237885462555,454
2014-07-24,14.757709251101321,454
2014-07-25,17.841409691629956,454
2014-07-28,17.400881057268723,454
2014-07-29,20.26431718061674,454
2014-07-30,20.92511013215859,454
2014-07-31,29.955947136563875,454
2014-08-01,30.54945054945055,455
2014-08-04,29.67032967032967,455
2014-08-05,32.527472527472526,455
2014-08-06,33.18681318681319,455
2014-08-07,36.48351648351648,455
2014-08-08,28.571428571428573,455
2014-08-11,26.593406593406595,455
2014-08-12,27.912087912087912,455
2014-08-13,26.813186813186814,455
2014-08-14,24.835164835164836,455
2014-08-15,25.494505494505493,455
2014-08-18,21.53846153846154,455
2014-08-19,18.46153846153846,455
2014-08-20,17.802197802197803,455
2014-08-21,16.483516483516482,455
2014-08-22,17.142857142857142,455
2014-08-25,15.164835164835164,455
2014-08-26,15.824175824175825,455
2014-08-27,15.604395604395604,455
2014-08-28,15.824175824175825,455
2014-08-29,15.384615384615385,455
2014-09-02,16.263736263736263,455
2014-09-03,16.263736263736263,455
2014-09-04,15.789473684210526,456
2014-09-05,14.912280701754385,456
2014-09-08,17.105263157894736,456
2014-09-09,19.95614035087719,456
2014-09-10,18.640350877192983,456
2014-09-11,17.54385964912281,456
2014-09-12,20.614035087719298,456
2014-09-15,21.49122807017544,456
2014-09-16,20.614035087719298,456
2014-09-17,19.517543859649123,456
2014-09-18,17.54385964912281,456
2014-09-19,19.95614035087719,456
2014-09-22,24.342105263157894,456
2014-09-23,28.07017543859649,456
2014-09-24,25.657894736842106,456
2014-09-25,33.1140350877193,456
2014-09-26,29.385964912280702,456
2014-09-29,30.196936542669583,457
2014-09-30,32.16630196936543,457
2014-10-01,36.98030634573304,457
2014-10-02,36.542669584245075,457
2014-10-03,32.16630196936543,457
2014-10-06,33.91684901531729,457
2014-10-07,41.57549234135667,457
2014-10-08,35.44857768052516,457
2014-10-09,41.794310722100654,457
2014-10-10,49.23413566739606,457
2014-10-13,56.89277899343545,457
2014-10-14,56.89277899343545,457
2014-10-15,57.98687089715536,457
2014-10-16,56.455142231947484,457
2014-10-17,52.29759299781182,457
2014-10-20,46.608315098468275,457
2014-10-21,36.542669584245075,457
2014-10-22,41.137855579868706,457
2014-10-23,35.22975929978118,457
2014-10-24,31.50984682713348,457
2014-10-27,31.50984682713348,457
2014-10-28,25.601750547045953,457
2014-10-29,26.914660831509845,457
2014-10-30,25.164113785557987,457
2014-10-31,21.444201312910284,457
2014-11-03,21.2253829321663,457
2014-11-04,22.538293216630198,457
2014-11-05,21.00656455142232,457
2014-11-06,18.818380743982495,457
2014-11-07,19.037199124726477,457
2014-11-10,18.38074398249453,457
2014-11-11,18.818380743982495,457
2014-11-12,19.037199124726477,457
2014-11-13,20.13129102844639,457
2014-11-14,19.91247264770241,457
2014-11-17,19.25601750547046,457
2014-11-18,17.943107221006564,457
2014-11-19,19.037199124726477,457
2014-11-20,18.161925601750546,457
2014-11-21,15.536105032822757,457
2014-11-24,15.536105032822757,457
2014-11-25,14.879649890590809,457
2014-11-26,15.536105032822757,457
2014-11-28,17.72428884026258,457
2014-12-01,19.25601750547046,457
2014-12-02,18.599562363238512,457
2014-12-03,15.536105032822757,457
2014-12-04,15.973741794310722,457
2014-12-05,15.75492341356674,457
2014-12-08,17.286652078774615,457
2014-12-09,17.505470459518598,457
2014-12-10,21.88183807439825,457
2014-12-11,20.35010940919037,457
2014-12-12,25.164113785557987,457
2014-12-15,26.695842450765863,457
2014-12-16,28.88402625820569,457
2014-12-17,23.41356673960613,457
2014-12-18,19.25601750547046,457
2014-12-19,18.38074398249453,457
2014-12-22,18.161925601750546,457
2014-12-23,16.849015317286653,457
2014-12-24,17.286652078774615,457
2014-12-26,16.192560175054705,457
2014-12-29,15.973741794310722,457
2014-12-30,17.286652078774615,457
2014-12-31,17.943107221006564,457
2015-01-02,18.161925601750546,457
2015-01-05,22.75711159737418,457
2015-01-06,26.039387308533918,457
2015-01-07,24.72647702407002,457
2015-01-08,20.787746170678336,457
2015-01-09,23.632385120350108,457
2015-01-12,24.72647702407002,457
2015-01-13,25.820568927789935,457
2015-01-14,27.571115973741794,457
2015-01-15,30.63457330415755,457
2015-01-16,27.571115973741794,457
2015-01-20,28.00875273522976,457
2015-01-21,24.50765864332604,457
2015-01-22,22.100656455142232,457
2015-01-23,23.85120350109409,457
2015-01-26,23.41356673960613,457
2015-01-27,26.695842450765863,457
2015-01-28,29.9781181619256,457
2015-01-29,27.35229759299781,457
2015-01-30,31.072210065645514,457
2015-02-02,28.88402625820569,457
2015-02-03,23.85120350109409,457
2015-02-04,25.164113785557987,457
2015-02-05,22.975929978118163,457
2015-02-06,21.444201312910284,457
2015-02-09,22.100656455142232,457
2015-02-10,20.35010940919037,457
2015-02-11,19.693654266958426,457
2015-02-12,17.505470459518598,457
2015-02-13,15.973741794310722,457
2015-02-17,15.283842794759826,458
2015-02-18,16.375545851528383,458
2015-02-19,15.93886462882096,458
2015-02-20,14.62882096069869,458
2015-02-23,15.720524017467248,458
2015-02-24,14.847161572052402,458
2015-02-25,14.847161572052402,458
2015-02-26,15.93886462882096,458
2015-02-27,15.93886462882096,458
2015-03-02,16.157205240174672,458
2015-03-03,16.812227074235807,458
2015-03-04,18.777292576419214,458
2015-03-05,19.213973799126638,458
2015-03-06,23.799126637554586,458
2015-03-09,23.362445414847162,458
2015-03-10,27.074235807860262,458
2015-03-11,27.292576419213972,458
2015-03-12,23.580786026200872,458
2015-03-13,25.54585152838428,458
2015-03-16,22.925764192139738,458
2015-03-17,23.799126637554586,458
2015-03-18,20.305676855895197,458
2015-03-19,21.61572052401747,458
2015-03-20,18.777292576419214,458
2015-03-23,18.736383442265794,459
2015-03-24,20.697167755991284,459
2015-03-25,24.618736383442265,459
2015-03-26,27.233115468409586,459
2015-03-27,26.36165577342048,459
2015-03-30,22.4400871459695,459
2015-03-31,24.836601307189543,459
2015-04-01,26.143790849673202,459
2015-04-02,24.18300653594771,459
2015-04-06,22.4400871459695,459
2015-04-07,23.74727668845316,459
2015-04-08,23.093681917211327,459
2015-04-09,22.657952069716774,459
2015-04-10,21.350762527233115,459
2015-04-13,23.311546840958606,459
2015-04-14,21.350762527233115,459
2015-04-15,19.825708061002178,459
2015-04-16,20.697167755991284,459
2015-04-17,22.657952069716774,459
2015-04-20,20.915032679738562,459
2015-04-21,21.568627450980394,459
2015-04-22,20.26143790849673,459
2015-04-23,18.954248366013072,459
2015-04-24,19.389978213507625,459
2015-04-27,20.47930283224401,459
2015-04-28,19.607843137254903,459
2015-04-29,19.607843137254903,459
2015-04-30,25.054466230936818,459
2015-05-01,21.132897603485837,459
2015-05-04,19.825708061002178,459
2015-05-05,27.015250544662308,459
2015-05-06,27.233115468409586,459
2015-05-07,26.797385620915033,459
2015-05-08,23.093681917211327,459
2015-05-11,25.272331154684096,459
2015-05-12,25.272331154684096,459
2015-05-13,24.836601307189543,459
2015-05-14,21.132897603485837,459
2015-05-15,20.0,460
2015-05-18,19.130434782608695,460
2015-05-19,19.347826086956523,460
2015-05-20,20.217391304347824,460
2015-05-21,19.347826086956523,460
2015-05-22,21.08695652173913,460
2015-05-26,25.0,460
2015-05-27,23.26086956521739,460
2015-05-28,22.82608695652174,460
2015-05-29,25.869565217391305,460
2015-06-01,25.0,460
2015-06-02,26.304347826086957,460
2015-06-03,28.47826086956522,460
2015-06-04,32.391304347826086,460
2015-06-05,32.608695652173914,460
2015-06-08,34.34782608695652,460
2015-06-09,34.56521739130435,460
2015-06-10,30.869565217391305,460
2015-06-11,29.565217391304348,460
2015-06-12,32.608695652173914,460
2015-06-15,34.130434782608695,460
2015-06-16,32.608695652173914,460
2015-06-17,32.17391304347826,460
2015-06-18,27.82608695652174,460
2015-06-19,31.08695652173913,460
2015-06-22,29.565217391304348,460
2015-06-23,30.0,460
2015-06-24,32.608695652173914,460
2015-06-25,33.69565217391305,460
2015-06-26,32.17391304347826,460
2015-06-29,41.95652173913044,460
2015-06-30,41.30434782608695,460
2015-07-01,37.82608695652174,460
2015-07-02,39.130434782608695,460
2015-07-06,39.56521739130435,460
2015-07-07,35.869565217391305,460
2015-07-08,43.04347826086956,460
2015-07-09,42.82608695652174,460
2015-07-10,39.26247288503254,461
2015-07-13,35.79175704989154,461
2015-07-14,33.83947939262473,461
2015-07-15,34.273318872017356,461
2015-07-16,31.887201735357916,461
2015-07-17,35.35791757049891,461
2015-07-20,35.57483731019523,461
2015-07-21,39.04555314533623,461
2015-07-22,38.611713665943604,461
2015-07-23,39.69631236442516,461
2015-07-24,42.73318872017354,461
2015-07-27,44.46854663774403,461
2015-07-28,40.780911062906725,461
2015-07-29,37.52711496746204,461
2015-07-30,37.310195227765725,461
2015-07-31,35.140997830802604,461
2015-08-03,34.273318872017356,461
2015-08-04,36.22559652928417,461
2015-08-05,36.14718614718615,462
2015-08-06,37.22943722943723,462
2015-08-07,35.714285714285715,462
2015-08-10,33.98268398268398,462
2015-08-11,35.28138528138528,462
2015-08-12,34.63203463203463,462
2015-08-13,35.497835497835496,462
2015-08-14,32.900432900432904,462
2015-08-17,32.03463203463203,462
2015-08-18,34.63203463203463,462
2015-08-19,35.28138528138528,462
2015-08-20,43.073593073593074,462
2015-08-21,54.97835497835498,462
2015-08-24,76.62337662337663,462
2015-08-25,78.57142857142857,462
2015-08-26,69.48051948051948,462
2015-08-27,60.38961038961039,462
2015-08-28,61.47186147186147,462
2015-08-31,65.15151515151516,462
2015-09-01,75.54112554112554,462
2015-09-02,68.61471861471861,462
2015-09-03,67.96536796536796,462
2015-09-04,72.94372294372295,462
2015-09-08,64.28571428571429,462
2015-09-09,68.18181818181819,462
2015-09-10,67.53246753246754,462
2015-09-11,64.93506493506493,462
2015-09-14,66.45021645021644,462
2015-09-15,63.2034632034632,462
2015-09-16,61.03896103896104,462
2015-09-17,60.38961038961039,462
2015-09-18,65.36796536796537,462
2015-09-21,62.98701298701299,462
2015-09-22,67.74891774891775,462
2015-09-23,67.0995670995671,462
2015-09-24,67.74891774891775,462
2015-09-25,66.45021645021644,462
2015-09-28,74.02597402597402,462
2015-09-29,72.5108225108225,462
2015-09-30,67.96536796536796,462
2015-10-01,68.18181818181819,462
2015-10-02,63.41991341991342,462
2015-10-05,58.22510822510822,462
2015-10-06,59.95670995670996,462
2015-10-07,57.142857142857146,462
2015-10-08,54.112554112554115,462
2015-10-09,54.76190476190476,462
2015-10-12,53.46320346320346,462
2015-10-13,56.926406926406926,462
2015-10-14,58.65800865800866,462
2015-10-15,53.67965367965368,462
2015-10-16,52.16450216450217,462
2015-10-19,52.81385281385281,462
2015-10-20,52.16450216450217,462
2015-10-21,55.84415584415584,462
2015-10-22,50.43290043290043,462
2015-10-23,47.83549783549783,462
2015-10-26,49.134199134199136,462
2015-10-27,50.21645021645022,462
2015-10-28,42.20779220779221,462
2015-10-29,42.857142857142854,462
2015-10-30,45.45454545454545,462
2015-11-02,40.25974025974026,462
2015-11-03,39.39393939393939,462
2015-11-04,40.692640692640694,462
2015-11-05,40.25974025974026,462
2015-11-06,40.90909090909091,462
2015-11-09,44.37229437229437,462
2015-11-10,44.37229437229437,462
2015-11-11,44.15584415584416,462
2015-11-12,50.865800865800864,462
2015-11-13,54.76190476190476,462
2015-11-16,48.701298701298704,462
2015-11-17,49.78354978354978,462
2015-11-18,43.722943722943725,462
2015-11-19,43.506493506493506,462
2015-11-20,40.04329004329004,462
2015-11-23,40.476190476190474,462
2015-11-24,39.39393939393939,462
2015-11-25,39.17748917748918,462
2015-11-27,38.52813852813853,462
2015-11-30,38.96103896103896,462
2015-12-01,36.36363636363637,462
2015-12-02,39.39393939393939,462
2015-12-03,46.753246753246756,462
2015-12-04,39.82683982683983,462
2015-12-07,42.64069264069264,462
2015-12-08,44.15584415584416,462
2015-12-09,48.917748917748916,462
2015-12-10,47.83549783549783,462
2015-12-11,55.1948051948052,462
2015-12-14,54.54545454545455,462
2015-12-15,47.83549783549783,462
2015-12-16,43.29004329004329,462
2015-12-17,47.61904761904762,462
2015-12-18,53.03030303030303,462
2015-12-21,51.082251082251084,462
2015-12-22,48.268398268398265,462
2015-12-23,44.15584415584416,462
2015-12-24,44.37229437229437,462
2015-12-28,44.58874458874459,462
2015-12-29,40.692640692640694,462
2015-12-30,42.64069264069264,462
2015-12-31,46.96969696969697,462
2016-01-04,53.03030303030303,462
2016-01-05,52.5974025974026,462
2016-01-06,59.307359307359306,462
2016-01-07,66.66666666666667,462
2016-01-08,71.86147186147186,462
2016-01-11,71.42857142857143,462
2016-01-12,68.3982683982684,462
2016-01-13,74.73002159827213,463
2016-01-14,72.13822894168466,463
2016-01-15,76.24190064794817,463
2016-01-19,74.51403887688984,463
2016-01-20,77.5377969762419,463
2016-01-21,78.40172786177106,463
2016-01-22,72.13822894168466,463
2016-01-25,74.51403887688984,463
2016-01-26,70.84233261339092,463
2016-01-27,71.92224622030237,463
2016-01-28,73.2181425485961,463
2016-01-29,63.93088552915767,463
2016-02-01,63.2829373650108,463
2016-02-02,68.25053995680345,463
2016-02-03,68.68250539956803,463
2016-02-04,67.60259179265658,463
2016-02-05,73.2181425485961,463
2016-02-08,76.02591792656588,463
2016-02-09,75.37796976241901,463
2016-02-10,74.08207343412526,463
2016-02-11,77.10583153347733,463
2016-02-12,72.35421166306695,463
2016-02-16,69.3304535637149,463
2016-02-17,64.36285097192224,463
2016-02-18,66.30669546436285,463
2016-02-19,64.57883369330453,463
2016-02-22,59.611231101511876,463
2016-02-23,62.41900647948164,463
2016-02-24,61.55507559395248,463
2016-02-25,58.53131749460043,463
2016-02-26,57.66738660907127,463
2016-02-29,59.1792656587473,463
2016-03-01,51.18790496760259,463
2016-03-02,50.323974082073434,463
2016-03-03,46.868250539956804,463
2016-03-04,45.14038876889849,463
2016-03-07,43.628509719222464,463
2016-03-08,48.38012958963283,463
2016-03-09,47.084233261339094,463
2016-03-10,46.868250539956804,463
2016-03-11,38.8768898488121,463
2016-03-14,38.8768898488121,463
2016-03-15,41.46868250539957,463
2016-03-16,38.8768898488121,463
2016-03-17,36.28509719222462,463
2016-03-18,34.125269978401725,463
2016-03-21,34.77321814254859,463
2016-03-22,33.47732181425486,463
2016-03-23,38.22894168466523,463
2016-03-24,38.01295896328294,463
2016-03-28,38.01295896328294,463
2016-03-29,34.98920086393088,463
2016-03-30,32.82937365010799,463
2016-03-31,31.101511879049674,463
2016-04-01,30.237580993520517,463
2016-04-04,30.885529157667385,463
2016-04-05,36.28509719222462,463
2016-04-06,32.18142548596112,463
2016-04-07,35.20518358531317,463
2016-04-08,34.341252699784015,463
2016-04-11,35.63714902807775,463
2016-04-12,32.82937365010799,463
2016-04-13,27.861771058315334,463
2016-04-14,28.293736501079913,463
2016-04-15,27.213822894168466,463
2016-04-18,26.34989200863931,463
2016-04-19,24.086021505376344,465
2016-04-20,21.72043010752688,465
2016-04-21,22.365591397849464,465
2016-04-22,21.0752688172043,465
2016-04-25,22.795698924731184,465
2016-04-26,19.56989247311828,465
2016-04-27,17.849462365591396,465
2016-04-28,23.655913978494624,465
2016-04-29,26.881720430107528,465
2016-05-02,23.010752688172044,465
2016-05-03,27.956989247311828,465
2016-05-04,31.612903225806452,465
2016-05-05,32.25806451612903,465
2016-05-06,30.686695278969957,466
2016-05-09,30.257510729613735,466
2016-05-10,25.751072961373392,466
2016-05-11,28.755364806866954,466
2016-05-12,29.613733905579398,466
2016-05-13,31.330472103004293,466
2016-05-16,29.613733905579398,466
2016-05-17,31.11587982832618,466
2016-05-18,29.399141630901287,466
2016-05-19,31.545064377682404,466
2016-05-20,27.467811158798284,466
2016-05-23,30.042918454935624,466
2016-05-24,22.96137339055794,466
2016-05-25,20.815450643776824,466
2016-05-26,21.888412017167383,466
2016-05-27,19.098712446351932,466
2016-05-31,19.313304721030043,466
2016-06-01,19.527896995708154,466
2016-06-02,18.240343347639485,466
2016-06-03,20.815450643776824,466
2016-06-06,19.742489270386265,466
2016-06-07,18.240343347639485,466
2016-06-08,17.38197424892704,466
2016-06-09,20.17167381974249,466
2016-06-10,23.819742489270386,466
2016-06-13,25.965665236051503,466
2016-06-14,27.253218884120173,466
2016-06-15,27.253218884120173,466
2016-06-16,27.253218884120173,466
2016-06-17,28.111587982832617,466
2016-06-20,25.536480686695278,466
2016-06-21,25.107296137339056,466
2016-06-22,25.536480686695278,466
2016-06-23,21.673819742489272,466
2016-06-24,34.33476394849785,466
2016-06-27,40.128755364806864,466
2016-06-28,35.407725321888414,466
2016-06-29,31.545064377682404,466
2016-06-30,27.467811158798284,466
2016-07-01,28.111587982832617,466
2016-07-05,30.901287553648068,466
2016-07-06,30.472103004291846,466
2016-07-07,30.472103004291846,466
2016-07-08,25.107296137339056,466
2016-07-11,23.819742489270386,466
2016-07-12,21.673819742489272,466
2016-07-13,21.673819742489272,466
2016-07-14,19.957081545064376,466
2016-07-15,19.313304721030043,466
2016-07-18,18.669527896995707,466
2016-07-19,19.098712446351932,466
2016-07-20,17.38197424892704,466
2016-07-21,18.454935622317596,466
2016-07-22,16.30901287553648,466
2016-07-25,16.738197424892704,466
2016-07-26,16.09442060085837,466
2016-07-27,16.09442060085837,466
2016-07-28,16.09442060085837,466
2016-07-29,17.167381974248926,466
2016-08-01,18.240343347639485,466
2016-08-02,20.17167381974249,466
2016-08-03,17.987152034261243,467
2016-08-04,19.271948608137045,467
2016-08-05,14.5610278372591,467
2016-08-08,13.9186295503212,467
2016-08-09,14.989293361884368,467
2016-08-10,15.417558886509635,467
2016-08-11,14.132762312633833,467
2016-08-12,14.132762312633833,467
2016-08-15,14.132762312633833,467
2016-08-16,14.989293361884368,467
2016-08-17,14.132762312633833,467
2016-08-18,14.5610278372591,467
2016-08-19,13.704496788008566,467
2016-08-22,13.704496788008566,467
2016-08-23,13.062098501070663,467
2016-08-24,13.490364025695932,467
2016-08-25,14.5610278372591,467
2016-08-26,16.70235546038544,467
2016-08-29,14.775160599571734,467
2016-08-30,15.845824411134904,467
2016-08-31,16.27408993576017,467
2016-09-01,16.27408993576017,467
2016-09-02,14.989293361884368,467
2016-09-06,13.247863247863247,468
2016-09-07,14.102564102564102,468
2016-09-08,15.17094017094017,468
2016-09-09,22.863247863247864,468
2016-09-12,17.735042735042736,468
2016-09-13,22.435897435897434,468
2016-09-14,23.29059829059829,468
2016-09-15,21.367521367521366,468
2016-09-16,21.581196581196583,468
2016-09-19,20.94017094017094,468
2016-09-20,22.64957264957265,468
2016-09-21,19.23076923076923,468
2016-09-22,16.88034188034188,468
2016-09-23,19.444444444444443,468
2016-09-26,21.367521367521366,468
2016-09-27,19.65811965811966,468
2016-09-28,17.735042735042736,468
2016-09-29,19.65811965811966,468
2016-09-30,17.94871794871795,468
2016-10-03,19.871794871794872,468
2016-10-04,24.572649572649574,468
2016-10-05,23.71794871794872,468
2016-10-06,23.71794871794872,468
2016-10-07,26.495726495726494,468
2016-10-10,24.786324786324787,468
2016-10-11,29.700854700854702,468
2016-10-12,27.99145299145299,468
2016-10-13,26.923076923076923,468
2016-10-14,29.05982905982906,468
2016-10-17,30.128205128205128,468
2016-10-18,27.77777777777778,468
2016-10-19,27.77777777777778,468
2016-10-20,29.05982905982906,468
2016-10-21,29.914529914529915,468
2016-10-24,27.136752136752136,468
2016-10-25,29.700854700854702,468
2016-10-26,31.837606837606838,468
2016-10-27,35.8974358974359,468
2016-10-28,34.82905982905983,468
2016-10-31,31.837606837606838,468
2016-11-01,36.75213675213675,468
2016-11-02,40.598290598290596,468
2016-11-03,41.02564102564103,468
2016-11-04,41.02564102564103,468
2016-11-07,34.82905982905983,468
2016-11-08,32.9059829059829,468
2016-11-09,32.26495726495727,468
2016-11-10,34.61538461538461,468
2016-11-11,34.401709401709404,468
2016-11-14,34.61538461538461,468
2016-11-15,33.11965811965812,468
2016-11-16,33.76068376068376,468
2016-11-17,31.196581196581196,468
2016-11-18,31.41025641025641,468
2016-11-21,28.846153846153847,468
2016-11-22,28.846153846153847,468
2016-11-23,28.632478632478634,468
2016-11-25,26.923076923076923,468
2016-11-28,29.05982905982906,468
2016-11-29,28.632478632478634,468
2016-11-30,32.9059829059829,468
2016-12-01,35.47008547008547,468
2016-12-02,35.68376068376068,468
2016-12-05,33.76068376068376,468
2016-12-06,32.05128205128205,468
2016-12-07,29.273504273504273,468
2016-12-08,27.35042735042735,468
2016-12-09,27.564102564102566,468
2016-12-12,26.28205128205128,468
2016-12-13,24.145299145299145,468
2016-12-14,27.99145299145299,468
2016-12-15,27.564102564102566,468
2016-12-16,27.35042735042735,468
2016-12-19,27.564102564102566,468
2016-12-20,26.28205128205128,468
2016-12-21,28.205128205128204,468
2016-12-22,29.487179487179485,468
2016-12-23,29.273504273504273,468
2016-12-27,28.632478632478634,468
2016-12-28,31.196581196581196,468
2016-12-29,29.487179487179485,468
2016-12-30,31.623931623931625,468
2017-01-03,28.846153846153847,468
2017-01-04,25.641025641025642,468
2017-01-05,25.427350427350426,468
2017-01-06,24.786324786324787,468
2017-01-09,26.923076923076923,468
2017-01-10,25.854700854700855,468
2017-01-11,25.427350427350426,468
2017-01-12,26.068376068376068,468
2017-01-13,25.0,468
2017-01-17,23.71794871794872,468
2017-01-18,23.71794871794872,468
2017-01-19,25.854700854700855,468
2017-01-20,25.427350427350426,468
2017-01-23,26.068376068376068,468
2017-01-24,23.71794871794872,468
2017-01-25,22.863247863247864,468
2017-01-26,22.863247863247864,468
2017-01-27,25.0,468
2017-01-30,25.213675213675213,468
2017-01-31,23.71794871794872,468
2017-02-01,25.641025641025642,468
2017-02-02,23.504273504273506,468
2017-02-03,22.435897435897434,468
2017-02-06,23.504273504273506,468
2017-02-07,22.863247863247864,468
2017-02-08,21.367521367521366,468
2017-02-09,18.58974358974359,468
2017-02-10,17.307692307692307,468
2017-02-13,16.23931623931624,468
2017-02-14,16.025641025641026,468
2017-02-15,14.316239316239317,468
2017-02-16,14.52991452991453,468
2017-02-17,14.743589743589743,468
2017-02-21,11.752136752136753,468
2017-02-22,13.461538461538462,468
2017-02-23,13.461538461538462,468
2017-02-24,11.324786324786325,468
2017-02-27,11.752136752136753,468
2017-02-28,11.324786324786325,468
2017-03-01,10.47008547008547,468
2017-03-02,11.324786324786325,468
2017-03-03,11.324786324786325,468
2017-03-06,12.820512820512821,468
2017-03-07,13.88888888888889,468
2017-03-08,17.521367521367523,468
2017-03-09,16.88034188034188,468
2017-03-10,16.88034188034188,468
2017-03-13,15.811965811965813,468
2017-03-14,16.666666666666668,468
2017-03-15,13.247863247863247,468
2017-03-16,14.52991452991453,468
2017-03-17,13.247863247863247,468
2017-03-20,14.316239316239317,468
2017-03-21,17.307692307692307,468
2017-03-22,16.88034188034188,468
2017-03-23,15.811965811965813,468
2017-03-24,16.025641025641026,468
2017-03-27,16.45299145299145,468
2017-03-28,15.17094017094017,468
2017-03-29,14.316239316239317,468
2017-03-30,14.743589743589743,468
2017-03-31,14.957264957264957,468
2017-04-03,15.811965811965813,468
2017-04-04,15.811965811965813,468
2017-04-05,16.666666666666668,468
2017-04-06,15.811965811965813,468
2017-04-07,16.23931623931624,468
2017-04-10,16.025641025641026,468
2017-04-11,16.025641025641026,468
2017-04-12,16.23931623931624,468
2017-04-13,19.23076923076923,468
2017-04-17,17.521367521367523,468
2017-04-18,19.017094017094017,468
2017-04-19,18.550106609808104,469
2017-04-20,16.844349680170577,469
2017-04-21,17.270788912579956,469
2017-04-24,15.778251599147122,469
2017-04-25,14.498933901918976,469
2017-04-26,15.138592750533048,469
2017-04-27,15.778251599147122,469
2017-04-28,16.631130063965884,469
2017-05-01,17.91044776119403,469
2017-05-02,17.69722814498934,469
2017-05-03,18.976545842217483,469
2017-05-04,20.68230277185501,469
2017-05-05,17.48400852878465,469
2017-05-08,17.69722814498934,469
2017-05-09,18.33688699360341,469
2017-05-10,17.91044776119403,469
2017-05-11,18.33688699360341,469
2017-05-12,19.189765458422176,469
2017-05-15,17.69722814498934,469
2017-05-16,19.82942430703625,469
2017-05-17,23.880597014925375,469
2017-05-18,23.880597014925375,469
2017-05-19,20.895522388059703,469
2017-05-22,19.82942430703625,469
2017-05-23,19.189765458422176,469
2017-05-24,19.82942430703625,469
2017-05-25,19.189765458422176,469
2017-05-26,20.042643923240938,469
2017-05-30,20.255863539445627,469
2017-05-31,20.895522388059703,469
2017-06-01,18.33688699360341,469
2017-06-02,18.51063829787234,470
2017-06-05,19.574468085106382,470
2017-06-06,20.21276595744681,470
2017-06-07,19.78723404255319,470
2017-06-08,19.361702127659573,470
2017-06-09,18.72340425531915,470
2017-06-12,17.659574468085108,470
2017-06-13,15.957446808510639,470
2017-06-14,17.23404255319149,470
2017-06-15,18.29787234042553,470
2017-06-16,16.80851063829787,470
2017-06-19,17.23404255319149,470
2017-06-20,18.72340425531915,470
2017-06-21,20.0,470
2017-06-22,19.361702127659573,470
2017-06-23,18.93617021276596,470
2017-06-26,17.872340425531913,470
2017-06-27,18.93617021276596,470
2017-06-28,17.23404255319149,470
2017-06-29,19.148936170212767,470
2017-06-30,18.29787234042553,470
2017-07-03,17.23404255319149,470
2017-07-05,18.72340425531915,470
2017-07-06,20.638297872340427,470
2017-07-07,20.169851380042463,471
2017-07-10,20.38216560509554,471
2017-07-11,20.169851380042463,471
2017-07-12,18.89596602972399,471
2017-07-13,18.259023354564757,471
2017-07-14,18.259023354564757,471
2017-07-17,17.197452229299362,471
2017-07-18,17.409766454352443,471
2017-07-19,16.348195329087048,471
2017-07-20,16.56050955414013,471
2017-07-21,16.3135593220339,472
2017-07-24,17.796610169491526,472
2017-07-25,16.10169491525424,472
2017-07-26,16.73728813559322,472
2017-07-27,16.10169491525424,472
2017-07-28,17.161016949152543,472
2017-07-31,17.372881355932204,472
2017-08-01,17.161016949152543,472
2017-08-02,18.43220338983051,472
2017-08-03,19.279661016949152,472
2017-08-04,19.279661016949152,472
2017-08-07,18.43220338983051,472
2017-08-08,19.279661016949152,472
2017-08-09,19.703389830508474,472
2017-08-10,23.940677966101696,472
2017-08-11,23.940677966101696,472
2017-08-14,20.97457627118644,472
2017-08-15,21.822033898305083,472
2017-08-16,22.033898305084747,472
2017-08-17,28.118393234672304,473
2017-08-18,28.964059196617335,473
2017-08-21,29.386892177589854,473
2017-08-22,26.427061310782243,473
2017-08-23,27.69556025369979,473
2017-08-24,27.272727272727273,473
2017-08-25,27.061310782241016,473
2017-08-28,28.32980972515856,473
2017-08-29,29.386892177589854,473
2017-08-30,27.69556025369979,473
2017-08-31,26.427061310782243,473
2017-09-01,24.52431289640592,473
2017-09-05,28.118393234672304,473
2017-09-06,27.48414376321353,473
2017-09-07,28.752642706131077,473
2017-09-08,27.69556025369979,473
2017-09-11,24.947145877378436,473
2017-09-12,23.25581395348837,473
2017-09-13,23.25581395348837,473
2017-09-14,24.735729386892178,473
2017-09-15,23.46723044397463,473
2017-09-18,22.832980972515855,473
2017-09-19,23.044397463002113,473
2017-09-20,21.353065539112052,473
2017-09-21,21.987315010570825,473
2017-09-22,21.141649048625794,473
2017-09-25,21.141649048625794,473
2017-09-26,21.353065539112052,473
2017-09-27,19.661733615221987,473
2017-09-28,19.873150105708245,473
2017-09-29,18.816067653276956,473
2017-10-02,19.661733615221987,473
2017-10-03,19.027484143763214,473
2017-10-04,18.181818181818183,473
2017-10-05,17.758985200845665,473
2017-10-06,18.6046511627907,473
2017-10-09,20.084566596194502,473
2017-10-10,18.816067653276956,473
2017-10-11,18.6046511627907,473
2017-10-12,18.39323467230444,473
2017-10-13,18.181818181818183,473
2017-10-16,18.181818181818183,473
2017-10-17,17.547568710359407,473
2017-10-18,17.758985200845665,473
2017-10-19,17.758985200845665,473
2017-10-20,17.547568710359407,473
2017-10-23,17.758985200845665,473
2017-10-24,18.6046511627907,473
2017-10-25,19.23890063424947,473
2017-10-26,20.507399577167018,473
2017-10-27,20.507399577167018,473
2017-10-30,20.718816067653275,473
2017-10-31,21.987315010570825,473
2017-11-01,22.41014799154334,473
2017-11-02,22.41014799154334,473
2017-11-03,23.044397463002113,473
2017-11-06,22.41014799154334,473
2017-11-07,23.044397463002113,473
2017-11-08,22.621564482029598,473
2017-11-09,21.56448202959831,473
2017-11-10,22.198731501057082,473
2017-11-13,22.832980972515855,473
2017-11-14,22.362869198312236,474
2017-11-15,24.261603375527425,474
2017-11-16,22.362869198312236,474
2017-11-17,21.940928270042193,474
2017-11-20,22.151898734177216,474
2017-11-21,21.30801687763713,474
2017-11-22,21.940928270042193,474
2017-11-24,21.729957805907173,474
2017-11-27,22.573839662447256,474
2017-11-28,19.620253164556964,474
2017-11-29,19.831223628691983,474
2017-11-30,18.354430379746834,474
2017-12-01,17.932489451476794,474
2017-12-04,16.666666666666668,474
2017-12-05,17.088607594936708,474
2017-12-06,17.72151898734177,474
2017-12-07,17.72151898734177,474
2017-12-08,16.877637130801688,474
2017-12-11,16.244725738396625,474
2017-12-12,16.455696202531644,474
2017-12-13,15.822784810126583,474
2017-12-14,17.72151898734177,474
2017-12-15,15.40084388185654,474
2017-12-18,14.978902953586498,474
2017-12-19,16.877637130801688,474
2017-12-20,17.72151898734177,474
2017-12-21,16.877637130801688,474
2017-12-22,16.877637130801688,474
2017-12-26,16.666666666666668,474
2017-12-27,16.455696202531644,474
2017-12-28,15.822784810126583,474
2017-12-29,16.033755274261605,474
2018-01-02,16.455696202531644,474
2018-01-03,16.033755274261605,474
2018-01-04,16.877637130801688,474
2018-01-05,16.877637130801688,474
2018-01-08,14.767932489451477,474
2018-01-09,16.033755274261605,474
2018-01-10,17.51054852320675,474
2018-01-11,16.666666666666668,474
2018-01-12,17.088607594936708,474
2018-01-16,17.51054852320675,474
2018-01-17,15.822784810126583,474
2018-01-18,17.29957805907173,474
2018-01-19,16.877637130801688,474
2018-01-22,15.189873417721518,474
2018-01-23,14.767932489451477,474
2018-01-24,14.978902953586498,474
2018-01-25,14.767932489451477,474
2018-01-26,14.556962025316455,474
2018-01-29,16.455696202531644,474
2018-01-30,17.29957805907173,474
2018-01-31,16.666666666666668,474
2018-02-01,18.354430379746834,474
2018-02-02,20.675105485232066,474
2018-02-05,29.535864978902953,474
2018-02-06,27.426160337552744,474
2018-02-07,28.481012658227847,474
2018-02-08,40.08438818565401,474
2018-02-09,34.81012658227848,474
2018-02-12,31.789473684210527,475
2018-02-13,30.105263157894736,475
2018-02-14,28.63157894736842,475
2018-02-15,25.894736842105264,475
2018-02-16,25.473684210526315,475
2018-02-20,26.31578947368421,475
2018-02-21,28.63157894736842,475
2018-02-22,28.42105263157895,475
2018-02-23,25.894736842105264,475
2018-02-26,23.36842105263158,475
2018-02-27,26.470588235294116,476
2018-02-28,28.361344537815125,476
2018-03-01,32.35294117647059,476
2018-03-02,30.672268907563026,476
2018-03-05,29.201680672268907,476
2018-03-06,27.100840336134453,476
2018-03-07,28.15126050420168,476
2018-03-08,27.73109243697479,476
2018-03-09,25.0,476
2018-03-12,24.369747899159663,476
2018-03-13,25.0,476
2018-03-14,25.42016806722689,476
2018-03-15,27.310924369747898,476
2018-03-16,25.630252100840337,476
2018-03-19,27.73109243697479,476
2018-03-20,28.781512605042018,476
2018-03-21,30.672268907563026,476
2018-03-22,35.294117647058826,476
2018-03-23,43.0672268907563,476
2018-03-26,35.50420168067227,476
2018-03-27,38.445378151260506,476
2018-03-28,39.49579831932773,476
2018-03-29,36.34453781512605,476
2018-04-02,45.378151260504204,476
2018-04-03,41.1764705882353,476
2018-04-04,36.34453781512605,476
2018-04-05,34.66386554621849,476
2018-04-06,43.27731092436975,476
2018-04-09,42.857142857142854,476
2018-04-10,36.134453781512605,476
2018-04-11,38.65546218487395,476
2018-04-12,38.02521008403362,476
2018-04-13,39.075630252100844,476
2018-04-16,33.403361344537814,476
2018-04-17,31.30252100840336,476
2018-04-18,31.30252100840336,476
2018-04-19,35.294117647058826,476
2018-04-20,37.39495798319328,476
2018-04-23,36.34453781512605,476
2018-04-24,42.436974789915965,476
2018-04-25,40.7563025210084,476
2018-04-26,38.65546218487395,476
2018-04-27,37.60504201680672,476
2018-04-30,43.27731092436975,476
2018-05-01,41.80672268907563,476
2018-05-02,44.747899159663866,476
2018-05-03,46.00840336134454,476
2018-05-04,40.7563025210084,476
2018-05-07,40.12605042016807,476
2018-05-08,40.33613445378151,476
2018-05-09,37.81512605042017,476
2018-05-10,33.8235294117647,476
2018-05-11,33.8235294117647,476
2018-05-14,34.66386554621849,476
2018-05-15,37.60504201680672,476
2018-05-16,37.18487394957983,476
2018-05-17,36.97478991596638,476
2018-05-18,36.34453781512605,476
2018-05-21,34.03361344537815,476
2018-05-22,35.08403361344538,476
2018-05-23,35.294117647058826,476
2018-05-24,35.294117647058826,476
2018-05-25,34.87394957983193,476
2018-05-29,39.285714285714285,476
2018-05-30,34.2436974789916,476
2018-05-31,39.075630252100844,476
2018-06-01,37.18487394957983,476
2018-06-04,35.50420168067227,476
2018-06-05,35.08403361344538,476
2018-06-06,32.35294117647059,476
2018-06-07,31.51260504201681,476
2018-06-08,30.88235294117647,476
2018-06-11,29.6218487394958,476
2018-06-12,29.6218487394958,476
2018-06-13,32.563025210084035,476
2018-06-14,32.35294117647059,476
2018-06-15,33.19327731092437,476
2018-06-18,33.19327731092437,476
2018-06-19,36.134453781512605,476
2018-06-20,35.50420168067227,476
2018-06-21,36.34453781512605,476
2018-06-22,35.714285714285715,476
2018-06-25,38.445378151260506,476
2018-06-26,38.865546218487395,476
2018-06-27,41.1764705882353,476
2018-06-28,41.80672268907563,476
2018-06-29,41.38655462184874,476
2018-07-02,39.91596638655462,476
2018-07-03,41.1764705882353,476
2018-07-05,38.865546218487395,476
2018-07-06,35.714285714285715,476
2018-07-09,34.87394957983193,476
2018-07-10,32.773109243697476,476
2018-07-11,35.294117647058826,476
2018-07-12,33.8235294117647,476
2018-07-13,34.66386554621849,476
2018-07-16,34.2436974789916,476
2018-07-17,32.35294117647059,476
2018-07-18,31.722689075630253,476
2018-07-19,31.092436974789916,476
2018-07-20,34.45378151260504,476
2018-07-23,35.924369747899156,476
2018-07-24,34.45378151260504,476
2018-07-25,31.722689075630253,476
2018-07-26,30.672268907563026,476
2018-07-27,31.30252100840336,476
2018-07-30,32.35294117647059,476
2018-07-31,28.361344537815125,476
2018-08-01,30.252100840336134,476
2018-08-02,29.41176470588235,476
2018-08-03,27.521008403361346,476
2018-08-06,27.73109243697479,476
2018-08-07,27.521008403361346,476
2018-08-08,28.15126050420168,476
2018-08-09,28.571428571428573,476
2018-08-10,30.252100840336134,476
2018-08-13,31.092436974789916,476
2018-08-14,29.6218487394958,476
2018-08-15,31.092436974789916,476
2018-08-16,28.781512605042018,476
2018-08-17,28.781512605042018,476
2018-08-20,27.941176470588236,476
2018-08-21,27.73109243697479,476
2018-08-22,28.15126050420168,476
2018-08-23,29.41176470588235,476
2018-08-24,28.361344537815125,476
2018-08-27,26.26050420168067,476
2018-08-28,26.26050420168067,476
2018-08-29,24.789915966386555,476
2018-08-30,27.521008403361346,476
2018-08-31,27.100840336134453,476
2018-09-04,28.361344537815125,476
2018-09-05,28.15126050420168,476
2018-09-06,28.991596638655462,476
2018-09-07,28.991596638655462,476
2018-09-10,29.41176470588235,476
2018-09-11,29.6218487394958,476
2018-09-12,29.6218487394958,476
2018-09-13,27.73109243697479,476
2018-09-14,27.521008403361346,476
2018-09-17,28.361344537815125,476
2018-09-18,25.630252100840337,476
2018-09-19,24.789915966386555,476
2018-09-20,22.478991596638654,476
2018-09-21,22.689075630252102,476
2018-09-24,25.42016806722689,476
2018-09-25,27.521008403361346,476
2018-09-26,31.30252100840336,476
2018-09-27,30.88235294117647,476
2018-09-28,30.252100840336134,476
2018-10-01,29.831932773109244,476
2018-10-02,30.04201680672269,476
2018-10-03,29.201680672268907,476
2018-10-04,30.252100840336134,476
2018-10-05,32.773109243697476,476
2018-10-08,31.092436974789916,476
2018-10-09,33.19327731092437,476
2018-10-10,44.747899159663866,476
2018-10-11,55.46218487394958,476
2018-10-12,50.0,476
2018-10-15,50.21008403361345,476
2018-10-16,43.60587002096436,477
2018-10-17,44.0251572327044,477
2018-10-18,48.0083857442348,477
2018-10-19,48.63731656184486,477
2018-10-22,49.895178197064986,477
2018-10-23,51.9916142557652,477
2018-10-24,60.79664570230608,477
2018-10-25,56.81341719077568,477
2018-10-26,59.958071278826,477
2018-10-29,61.63522012578616,477
2018-10-30,55.9748427672956,477
2018-10-31,53.668763102725364,477
2018-11-01,50.943396226415096,477
2018-11-02,51.36268343815514,477
2018-11-05,50.943396226415096,477
2018-11-06,48.42767295597484,477
2018-11-07,43.39622641509434,477
2018-11-08,42.9769392033543,477
2018-11-09,45.283018867924525,477
2018-11-12,51.15303983228512,477
2018-11-13,51.57232704402516,477
2018-11-14,53.878406708595385,477
2018-11-15,50.104821802935014,477
2018-11-16,49.056603773584904,477
2018-11-19,53.878406708595385,477
2018-11-20,60.16771488469602,477
2018-11-21,59.538784067085956,477
2018-11-23,58.071278825995805,477
2018-11-26,53.878406708595385,477
2018-11-27,55.34591194968554,477
2018-11-28,46.9601677148847,477
2018-11-29,47.79874213836478,477
2018-11-30,46.121593291404615,477
2018-12-03,43.39622641509434,477
2018-12-04,54.716981132075475,477
2018-12-06,55.9748427672956,477
2018-12-07,61.21593291404612,477
2018-12-10,60.16771488469602,477
2018-12-11,61.0062893081761,477
2018-12-12,59.119496855345915,477
2018-12-13,59.958071278826,477
2018-12-14,63.941299790356396,477
2018-12-17,71.06918238993711,477
2018-12-18,71.06918238993711,477
2018-12-19,74.63312368972747,477
2018-12-20,80.083857442348,477
2018-12-21,82.59958071278825,477
2018-12-24,88.88888888888889,477
2018-12-26,81.55136268343816,477
2018-12-27,77.9874213836478,477
2018-12-28,77.9874213836478,477
2018-12-31,75.8909853249476,477
2019-01-02,80.29350104821803,477
2019-01-03,83.85744234800839,477
2019-01-04,76.51991614255765,477
2019-01-07,74.21383647798743,477
2019-01-08,70.020964360587,477
2019-01-09,67.9245283018868,477
2019-01-10,65.82809224318659,477
2019-01-11,65.82809224318659,477
2019-01-14,67.71488469601677,477
2019-01-15,65.19916142557652,477
2019-01-16,63.731656184486376,477
2019-01-17,60.58700209643606,477
2019-01-18,54.716981132075475,477
2019-01-22,60.37735849056604,477
2019-01-23,59.119496855345915,477
2019-01-24,58.700209643605874,477
2019-01-25,54.716981132075475,477
2019-01-28,56.39412997903564,477
2019-01-29,56.60377358490566,477
2019-01-30,51.15303983228512,477
2019-01-31,49.685534591194966,477
2019-02-01,47.79874213836478,477
2019-02-04,44.23480083857442,477
2019-02-05,40.880503144654085,477
2019-02-06,40.670859538784065,477
2019-02-07,44.44444444444444,477
2019-02-08,44.23480083857442,477
2019-02-11,43.81551362683438,477
2019-02-12,37.735849056603776,477
2019-02-13,35.63941299790356,477
2019-02-14,37.316561844863735,477
2019-02-15,32.704402515723274,477
2019-02-19,32.285115303983225,477
2019-02-20,30.39832285115304,477
2019-02-21,31.656184486373167,477
2019-02-22,30.81761006289308,477
2019-02-25,31.0272536687631,477
2019-02-26,31.446540880503143,477
2019-02-27,31.0272536687631,477
2019-02-28,31.236897274633122,477
2019-03-01,31.0272536687631,477
2019-03-04,31.656184486373167,477
2019-03-05,32.494758909853246,477
2019-03-06,34.80083857442348,477
2019-03-07,37.106918238993714,477
2019-03-08,37.526205450733755,477
2019-03-11,33.75262054507338,477
2019-03-12,34.17190775681342,477
2019-03-13,33.542976939203356,477
2019-03-14,33.75262054507338,477
2019-03-15,32.704402515723274,477
2019-03-18,30.39832285115304,477
2019-03-19,32.285115303983225,477
2019-03-20,35.22012578616352,477
2019-03-21,30.60796645702306,477
2019-03-22,36.687631027253666,477
2019-03-25,36.477987421383645,477
2019-03-26,34.38155136268344,477
2019-03-27,35.22012578616352,477
2019-03-28,34.59119496855346,477
2019-03-29,32.075471698113205,477
2019-04-01,26.62473794549266,477
2019-04-02,26.62473794549266,477
2019-04-03,26.41509433962264,477
2019-04-04,25.57651991614256,477
2019-04-05,23.270440251572328,477
2019-04-08,22.851153039832287,477
2019-04-09,25.366876310272538,477
2019-04-10,24.10901467505241,477
2019-04-11,22.851153039832287,477
2019-04-12,21.17400419287212,477
2019-04-15,22.641509433962263,477
2019-04-16,22.851153039832287,477
2019-04-17,24.10901467505241,477
2019-04-18,22.22222222222222,477
2019-04-22,23.060796645702307,477
2019-04-23,20.754716981132077,477
2019-04-24,20.335429769392032,477
2019-04-25,22.0125786163522,477
2019-04-26,22.0125786163522,477
2019-04-29,21.38364779874214,477
2019-04-30,21.17400419287212,477
2019-05-01,23.060796645702307,477
2019-05-02,23.89937106918239,477
2019-05-03,21.80293501048218,477
2019-05-06,22.851153039832287,477
2019-05-07,24.947589098532493,477
2019-05-08,26.20545073375262,477
2019-05-09,26.20545073375262,477
2019-05-10,26.834381551362682,477
2019-05-13,34.80083857442348,477
2019-05-14,31.656184486373167,477
2019-05-15,31.0272536687631,477
2019-05-16,30.81761006289308,477
2019-05-17,32.075471698113205,477
2019-05-20,33.05439330543933,478
2019-05-21,30.334728033472803,478
2019-05-22,31.799163179916317,478
2019-05-23,34.51882845188285,478
2019-05-24,33.68200836820084,478
2019-05-28,37.02928870292887,478
2019-05-29,38.91213389121339,478
2019-05-30,38.28451882845188,478
2019-05-31,41.84100418410042,478
2019-06-03,39.7489539748954,478
2019-06-04,34.10041841004184,478
2019-06-05,31.799163179916317,478
2019-06-06,31.799163179916317,478
2019-06-07,30.543933054393307,478
2019-06-10,28.661087866108787,478
2019-06-11,28.661087866108787,478
2019-06-12,30.334728033472803,478
2019-06-13,28.661087866108787,478
2019-06-14,30.96234309623431,478
2019-06-17,29.707112970711297,478
2019-06-18,25.732217573221757,478
2019-06-19,24.89539748953975,478
2019-06-20,21.96652719665272,478
2019-06-21,23.01255230125523,478
2019-06-24,23.221757322175733,478
2019-06-25,24.686192468619247,478
2019-06-26,25.94142259414226,478
2019-06-27,23.01255230125523,478
2019-06-28,19.665271966527197,478
2019-07-01,18.410041841004183,478
2019-07-02,19.03765690376569,478
2019-07-03,17.15481171548117,478
2019-07-05,17.782426778242677,478
2019-07-08,18.828451882845187,478
2019-07-09,18.619246861924687,478
2019-07-10,18.410041841004183,478
2019-07-11,17.99163179916318,478
2019-07-12,16.317991631799163,478
2019-07-15,17.573221757322177,478
2019-07-16,16.10878661087866,478
2019-07-17,18.200836820083683,478
2019-07-18,18.828451882845187,478
2019-07-19,19.456066945606693,478
2019-07-22,19.665271966527197,478
2019-07-23,17.573221757322177,478
2019-07-24,15.690376569037657,478
2019-07-25,17.573221757322177,478
2019-07-26,17.364016736401673,478
2019-07-29,18.200836820083683,478
2019-07-30,18.410041841004183,478
2019-07-31,19.665271966527197,478
2019-08-01,22.594142259414227,478
2019-08-02,25.94142259414226,478
2019-08-05,34.30962343096234,478
2019-08-06,32.21757322175732,478
2019-08-07,32.21757322175732,478
2019-08-08,27.615062761506277,478
2019-08-09,31.171548117154813,478
2019-08-12,33.89121338912134,478
2019-08-13,31.589958158995817,478
2019-08-14,37.44769874476987,478
2019-08-15,38.49372384937239,478
2019-08-16,35.35564853556485,478
2019-08-19,33.05439330543933,478
2019-08-20,34.72803347280335,478
2019-08-21,33.47280334728033,478
2019-08-22,32.21757322175732,478
2019-08-23,39.33054393305439,478
2019-08-26,36.40167364016737,478
2019-08-27,38.70292887029289,478
2019-08-28,37.44769874476987,478
2019-08-29,33.05439330543933,478
2019-08-30,32.42677824267783,478
2019-09-03,36.19246861924686,478
2019-09-04,33.47280334728033,478
2019-09-05,26.778242677824267,478
2019-09-06,26.98744769874477,478
2019-09-09,25.313807531380753,478
2019-09-10,22.175732217573223,478
2019-09-11,19.665271966527197,478
2019-09-12,19.8744769874477,478
2019-09-13,19.456066945606693,478
2019-09-16,17.782426778242677,478
2019-09-17,20.292887029288703,478
2019-09-18,20.711297071129707,478
2019-09-19,21.12970711297071,478
2019-09-20,21.548117154811717,478
2019-09-23,22.803347280334727,478
2019-09-24,25.887265135699373,479
2019-09-25,24.4258872651357,479
2019-09-26,25.052192066805844,479
2019-09-27,25.678496868475992,479
2019-09-30,24.4258872651357,479
2019-10-01,29.436325678496868,479
2019-10-02,35.281837160751564,479
2019-10-03,34.23799582463466,479
2019-10-04,30.897703549060545,479
2019-10-07,32.150313152400834,479
2019-10-08,39.87473903966597,479
2019-10-09,37.78705636743215,479
2019-10-10,34.23799582463466,479
2019-10-11,30.48016701461378,479
2019-10-14,30.68893528183716,479
2019-10-15,28.183716075156575,479
2019-10-16,28.183716075156575,479
2019-10-17,27.974947807933194,479
2019-10-18,28.183716075156575,479
2019-10-21,27.55741127348643,479
2019-10-22,27.34864300626305,479
2019-10-23,26.304801670146137,479
2019-10-24,26.304801670146137,479
2019-10-25,25.887265135699373,479
2019-10-28,25.260960334029228,479
2019-10-29,25.260960334029228,479
2019-10-30,25.052192066805844,479
2019-10-31,26.51356993736952,479
2019-11-01,23.173277661795407,479
2019-11-04,22.129436325678498,479
2019-11-05,23.38204592901879,479
2019-11-06,22.755741127348642,479
2019-11-07,22.546972860125262,479
2019-11-08,23.173277661795407,479
2019-11-11,22.755741127348642,479
2019-11-12,22.755741127348642,479
2019-11-13,22.755741127348642,479
2019-11-14,22.755741127348642,479
2019-11-15,20.668058455114824,479
2019-11-18,20.876826722338205,479
2019-11-19,20.45929018789144,479
2019-11-20,21.711899791231733,479
2019-11-21,20.876826722338205,479
2019-11-22,21.29436325678497,479
2019-11-25,20.45929018789144,479
2019-11-26,19.832985386221296,479
2019-11-27,18.580375782881003,479
2019-11-29,20.668058455114824,479
2019-12-02,23.59081419624217,479
2019-12-03,25.887265135699373,479
2019-12-04,24.008350730688935,479
2019-12-05,22.338204592901878,479
2019-12-06,20.45929018789144,479
2019-12-09,20.876826722338205,479
2019-12-10,22.546972860125262,479
2019-12-11,22.338204592901878,479
2019-12-12,20.041753653444676,479
2019-12-13,20.25052192066806,479
2019-12-16,18.37160751565762,479
2019-12-17,19.206680584551147,479
2019-12-18,18.580375782881003,479
2019-12-19,17.11899791231733,479
2019-12-20,15.866388308977035,479
2019-12-23,16.041666666666668,480
2019-12-24,15.592515592515593,481
2019-12-26,15.592515592515593,481
2019-12-27,15.384615384615385,481
2019-12-30,16.424116424116423,481
2019-12-31,15.8004158004158,481
2020-01-02,15.145228215767634,482
2020-01-03,15.975103734439834,482
2020-01-06,15.560165975103734,482
2020-01-07,17.219917012448132,482
2020-01-08,16.390041493775932,482
2020-01-09,13.900414937759336,482
2020-01-10,14.730290456431534,482
2020-01-13,13.278008298755188,482
2020-01-14,12.655601659751037,482
2020-01-15,12.033195020746888,482
2020-01-16,10.58091286307054,482
2020-01-17,10.37344398340249,482
2020-01-21,12.240663900414937,482
2020-01-22,12.240663900414937,482
2020-01-23,12.240663900414937,482
2020-01-24,14.937759336099585,482
2020-01-27,20.53941908713693,482
2020-01-28,17.42738589211618,482
2020-01-29,19.502074688796682,482
2020-01-30,19.08713692946058,482
2020-01-31,24.273858921161825,482
2020-02-03,23.236514522821576,482
2020-02-04,19.29460580912863,482
2020-02-05,15.560165975103734,482
2020-02-06,15.145228215767634,482
2020-02-07,19.08713692946058,482
2020-02-10,17.634854771784234,482
2020-02-11,16.390041493775932,482
2020-02-12,14.730290456431534,482
2020-02-13,16.182572614107883,482
2020-02-14,15.560165975103734,482
2020-02-18,17.634854771784234,482
2020-02-19,17.012448132780083,482
2020-02-20,15.560165975103734,482
2020-02-21,17.634854771784234,482
2020-02-24,27.178423236514522,482
2020-02-25,41.61490683229814,483
2020-02-26,44.72049689440994,483
2020-02-27,57.55693581780538,483
2020-02-28,67.70186335403727,483
2020-03-02,48.86128364389234,483
2020-03-03,57.142857142857146,483
2020-03-04,45.962732919254655,483
2020-03-05,55.072463768115945,483
2020-03-06,58.59213250517598,483
2020-03-09,80.33126293995859,483
2020-03-10,68.59504132231405,484
2020-03-11,83.47107438016529,484
2020-03-12,92.97520661157024,484
2020-03-13,85.74380165289256,484
2020-03-16,95.45454545454545,484
2020-03-17,88.01652892561984,484
2020-03-18,91.94214876033058,484
2020-03-19,93.59504132231405,484
2020-03-20,96.28099173553719,484
2020-03-23,96.28099173553719,484
2020-03-24,94.00826446280992,484
2020-03-25,94.62809917355372,484
2020-03-26,88.65979381443299,485
2020-03-27,92.16494845360825,485
2020-03-30,86.18556701030928,485
2020-03-31,88.45360824742268,485
2020-04-01,91.34020618556701,485
2020-04-02,89.48453608247422,485
2020-04-03,90.30927835051547,485
2020-04-06,84.3298969072165,485
2020-04-07,85.56701030927834,485
2020-04-08,80.0,485
2020-04-09,77.31958762886597,485
2020-04-13,81.23711340206185,485
2020-04-14,73.81443298969072,485
2020-04-15,78.14432989690722,485
2020-04-16,74.84536082474227,485
2020-04-17,69.89690721649484,485
2020-04-20,74.02061855670104,485
2020-04-21,80.0,485
2020-04-22,75.87628865979381,485
2020-04-23,75.6701030927835,485
2020-04-24,73.81443298969072,485
2020-04-27,71.54639175257732,485
2020-04-28,71.75257731958763,485
2020-04-29,64.94845360824742,485
2020-04-30,70.30927835051547,485
2020-05-01,75.4639175257732,485
2020-05-04,73.4020618556701,485
2020-05-05,70.51546391752578,485
2020-05-06,70.10309278350516,485
2020-05-07,68.65979381443299,485
2020-05-08,64.74226804123711,485
2020-05-11,65.15463917525773,485
2020-05-12,68.8659793814433,485
2020-05-13,70.30927835051547,485
2020-05-14,68.24742268041237,485
2020-05-15,68.65979381443299,485
2020-05-18,61.03092783505155,485
2020-05-19,64.94845360824742,485
2020-05-20,59.58762886597938,485
2020-05-21,62.2680412371134,485
2020-05-22,60.41237113402062,485
2020-05-26,57.31958762886598,485
2020-05-27,52.371134020618555,485
2020-05-28,52.16494845360825,485
2020-05-29,50.51546391752577,485
2020-06-01,50.30927835051546,485
2020-06-02,48.65979381443299,485
2020-06-03,43.50515463917526,485
2020-06-04,44.123711340206185,485
2020-06-05,34.43298969072165,485
2020-06-08,27.010309278350515,485
2020-06-09,36.49484536082474,485
2020-06-10,43.50515463917526,485
2020-06-11,57.7319587628866,485
2020-06-12,55.25773195876289,485
2020-06-15,52.98969072164948,485
2020-06-16,49.69072164948454,485
2020-06-17,50.92783505154639,485
2020-06-18,51.95876288659794,485
2020-06-19,52.577319587628864,485
2020-06-22,52.98969072164948,485
2020-06-23,51.95876288659794,485
2020-06-24,58.55670103092783,485
2020-06-25,56.49484536082474,485
2020-06-26,60.618556701030926,485
2020-06-29,57.31958762886598,485
2020-06-30,53.1958762886598,485
2020-07-01,53.608247422680414,485
2020-07-02,51.54639175257732,485
2020-07-06,49.58847736625514,486
2020-07-07,52.26337448559671,486
2020-07-08,52.46913580246913,486
2020-07-09,54.732510288065846,486
2020-07-10,53.08641975308642,486
2020-07-13,52.674897119341566,486
2020-07-14,48.76543209876543,486
2020-07-15,44.03292181069959,486
2020-07-16,44.03292181069959,486
2020-07-17,41.97530864197531,486
2020-07-20,43.82716049382716,486
2020-07-21,41.97530864197531,486
2020-07-22,37.86008230452675,486
2020-07-23,38.68312757201646,486
2020-07-24,40.32921810699588,486
2020-07-27,40.32921810699588,486
2020-07-28,41.358024691358025,486
2020-07-29,38.68312757201646,486
2020-07-30,39.711934156378604,486
2020-07-31,40.534979423868315,486
2020-08-03,40.123456790123456,486
2020-08-04,40.534979423868315,486
2020-08-05,37.65432098765432,486
2020-08-06,38.68312757201646,486
2020-08-07,34.97942386831276,486
2020-08-10,32.92181069958848,486
2020-08-11,33.1275720164609,486
2020-08-12,32.92181069958848,486
2020-08-13,33.53909465020576,486
2020-08-14,32.92181069958848,486
2020-08-17,34.15637860082305,486
2020-08-18,34.15637860082305,486
2020-08-19,35.18518518518518,486
2020-08-20,35.390946502057616,486
2020-08-21,36.41975308641975,486
2020-08-24,33.74485596707819,486
2020-08-25,33.74485596707819,486
2020-08-26,34.77366255144033,486
2020-08-27,33.1275720164609,486
2020-08-28,30.864197530864196,486
2020-08-31,32.510288065843625,486
2020-09-01,32.30452674897119,486
2020-09-02,27.57201646090535,486
2020-09-03,31.069958847736626,486
2020-09-04,31.68724279835391,486
2020-09-08,36.008230452674894,486
2020-09-09,34.15637860082305,486
2020-09-10,36.21399176954733,486
2020-09-11,35.390946502057616,486
2020-09-14,32.098765432098766,486
2020-09-15,32.30452674897119,486
2020-09-16,29.83539094650206,486
2020-09-17,31.275720164609055,486
2020-09-18,33.95061728395062,486
2020-09-21,39.300411522633745,486
2020-09-22,37.03703703703704,486
2020-09-23,41.56378600823045,486
2020-09-24,40.946502057613166,486
2020-09-25,38.477366255144034,486
2020-09-28,34.97942386831276,486
2020-09-29,36.62551440329218,486
2020-09-30,34.5679012345679,486
2020-10-01,33.1275720164609,486
2020-10-02,32.098765432098766,486
2020-10-05,26.74897119341564,486
2020-10-06,29.4238683127572,486
2020-10-07,24.897119341563787,486
2020-10-08,21.604938271604937,486
2020-10-09,21.810699588477366,486
2020-10-12,21.19341563786008,486
2020-10-13,23.45679012345679,486
2020-10-14,24.074074074074073,486
2020-10-15,23.25102880658436,486
2020-10-16,22.633744855967077,486
2020-10-19,25.51440329218107,486
2020-10-20,24.074074074074073,486
2020-10-21,25.308641975308642,486
2020-10-22,23.045267489711936,486
2020-10-23,22.22222222222222,486
2020-10-26,26.337448559670783,486
2020-10-27,31.275720164609055,486
2020-10-28,39.711934156378604,486
2020-10-29,36.83127572016461,486
2020-10-30,36.83127572016461,486
2020-11-02,30.246913580246915,486
2020-11-03,26.337448559670783,486
2020-11-04,24.691358024691358,486
2020-11-05,22.016460905349795,486
2020-11-06,24.074074074074073,486
2020-11-09,15.22633744855967,486
2020-11-10,12.551440329218106,486
2020-11-11,13.37448559670782,486
2020-11-12,15.020576131687243,486
2020-11-13,11.316872427983538,486
2020-11-16,8.641975308641975,486
2020-11-17,8.436213991769547,486
2020-11-18,10.08230452674897,486
2020-11-19,9.465020576131687,486
2020-11-20,10.493827160493828,486
2020-11-23,9.053497942386832,486
2020-11-24,7.613168724279835,486
2020-11-25,7.818930041152264,486
2020-11-27,6.790123456790123,486
2020-11-30,8.024691358024691,486
2020-12-01,6.584362139917696,486
2020-12-02,6.584362139917696,486
2020-12-03,6.995884773662551,486
2020-12-04,6.995884773662551,486
2020-12-07,6.790123456790123,486
2020-12-08,7.20164609053498,486
2020-12-09,7.818930041152264,486
2020-12-10,8.641975308641975,486
2020-12-11,8.436213991769547,486
2020-12-14,8.847736625514404,486
2020-12-15,7.20164609053498,486
2020-12-16,7.613168724279835,486
2020-12-17,7.20164609053498,486
2020-12-18,7.818930041152264,486
2020-12-21,9.25925925925926,486
2020-12-22,9.670781893004115,486
2020-12-23,9.465020576131687,486
2020-12-24,8.436213991769547,486
2020-12-28,9.053497942386832,486
2020-12-29,9.25925925925926,486
2020-12-30,8.847736625514404,486
2020-12-31,7.377049180327869,488
2021-01-04,8.60655737704918,488
2021-01-05,8.60655737704918,488
2021-01-06,7.581967213114754,488
2021-01-07,9.01639344262295,488
2021-01-08,8.401639344262295,488
2021-01-11,9.01639344262295,488
2021-01-12,9.221311475409836,488
2021-01-13,9.426229508196721,488
2021-01-14,9.836065573770492,488
2021-01-15,9.221311475409836,488
2021-01-19,8.60655737704918,488
2021-01-20,7.991803278688525,488
2021-01-21,8.60655737704918,488
2021-01-22,9.426229508196721,488
2021-01-25,8.401639344262295,488
2021-01-26,8.60655737704918,488
2021-01-27,11.680327868852459,488
2021-01-28,11.475409836065573,488
2021-01-29,13.729508196721312,488
2021-02-01,11.680327868852459,488
2021-02-02,10.245901639344263,488
2021-02-03,11.065573770491802,488
2021-02-04,9.836065573770492,488
2021-02-05,9.631147540983607,488
2021-02-08,9.221311475409836,488
2021-02-09,9.221311475409836,488
2021-02-10,9.631147540983607,488
2021-02-11,11.065573770491802,488
2021-02-12,11.475409836065573,488
2021-02-16,11.885245901639344,488
2021-02-17,10.040983606557377,488
2021-02-18,10.450819672131148,488
2021-02-19,11.680327868852459,488
2021-02-22,13.934426229508198,488
2021-02-23,13.729508196721312,488
2021-02-24,13.524590163934427,488
2021-02-25,17.008196721311474,488
2021-02-26,20.28688524590164,488
2021-03-01,16.188524590163933,488
2021-03-02,17.21311475409836,488
2021-03-03,19.057377049180328,488
2021-03-04,22.540983606557376,488
2021-03-05,18.237704918032787,488
2021-03-08,19.87704918032787,488
2021-03-09,16.39344262295082,488
2021-03-10,15.98360655737705,488
2021-03-11,15.163934426229508,488
2021-03-12,13.934426229508198,488
2021-03-15,12.295081967213115,488
2021-03-16,11.885245901639344,488
2021-03-17,12.295081967213115,488
2021-03-18,13.729508196721312,488
2021-03-19,13.524590163934427,488
2021-03-22,11.885245901639344,488
2021-03-23,11.680327868852459,488
2021-03-24,12.295081967213115,488
2021-03-25,11.475409836065573,488
2021-03-26,7.786885245901639,488
2021-03-29,6.967213114754099,488
2021-03-30,8.811475409836065,488
2021-03-31,7.377049180327869,488
2021-04-01,6.557377049180328,488
2021-04-05,5.532786885245901,488
2021-04-06,5.532786885245901,488
2021-04-07,5.942622950819672,488
2021-04-08,5.942622950819672,488
2021-04-09,5.737704918032787,488
2021-04-12,5.737704918032787,488
2021-04-13,5.532786885245901,488
2021-04-14,5.532786885245901,488
2021-04-15,4.508196721311475,488
2021-04-16,4.30327868852459,488
2021-04-19,4.918032786885246,488
2021-04-20,4.508196721311475,488
2021-04-21,3.4836065573770494,488
2021-04-22,3.4836065573770494,488
2021-04-23,3.6885245901639343,488
2021-04-26,4.508196721311475,488
2021-04-27,4.918032786885246,488
2021-04-28,5.737704918032787,488
2021-04-29,4.713114754098361,488
2021-04-30,5.942622950819672,488
2021-05-03,5.532786885245901,488
2021-05-04,6.352459016393443,488
2021-05-05,7.172131147540983,488
2021-05-06,7.581967213114754,488
2021-05-07,7.377049180327869,488
2021-05-10,8.19672131147541,488
2021-05-11,8.60655737704918,488
2021-05-12,12.09016393442623,488
2021-05-13,10.655737704918034,488
2021-05-14,8.60655737704918,488
2021-05-17,10.040983606557377,488
2021-05-18,10.860655737704919,488
2021-05-19,10.245901639344263,488
2021-05-20,8.401639344262295,488
2021-05-21,9.221311475409836,488
2021-05-24,8.401639344262295,488
2021-05-25,8.60655737704918,488
2021-05-26,9.01639344262295,488
2021-05-27,9.221311475409836,488
2021-05-28,8.19672131147541,488
2021-06-01,9.631147540983607,488
2021-06-02,9.221311475409836,488
2021-06-03,10.245901639344263,488
2021-06-04,8.401639344262295,488
2021-06-07,9.426229508196721,488
2021-06-08,9.221311475409836,488
2021-06-09,9.426229508196721,488
2021-06-10,7.581967213114754,488
2021-06-11,6.557377049180328,488
2021-06-14,6.352459016393443,488
2021-06-15,7.377049180327869,488
2021-06-16,9.221311475409836,488
2021-06-17,9.01639344262295,488
2021-06-18,10.860655737704919,488
2021-06-21,9.631147540983607,488
2021-06-22,9.631147540983607,488
2021-06-23,10.655737704918034,488
2021-06-24,9.426229508196721,488
2021-06-25,7.172131147540983,488
2021-06-28,6.967213114754099,488
2021-06-29,8.19672131147541,488
2021-06-30,8.19672131147541,488
2021-07-01,8.19672131147541,488
2021-07-02,7.786885245901639,488
2021-07-06,7.991803278688525,488
2021-07-07,7.581967213114754,488
2021-07-08,7.991803278688525,488
2021-07-09,7.377049180327869,488
2021-07-12,7.786885245901639,488
2021-07-13,9.631147540983607,488
2021-07-14,9.631147540983607,488
2021-07-15,9.221311475409836,488
2021-07-16,11.860940695296524,489
2021-07-19,17.791411042944784,489
2021-07-20,13.087934560327199,489
2021-07-21,11.451942740286299,489
2021-07-22,12.678936605316974,489
2021-07-23,12.065439672801636,489
2021-07-26,11.042944785276074,489
2021-07-27,10.429447852760736,489
2021-07-28,10.838445807770961,489
2021-07-29,11.042944785276074,489
2021-07-30,11.860940695296524,489
2021-08-02,12.474437627811861,489
2021-08-03,11.860940695296524,489
2021-08-04,15.337423312883436,489
2021-08-05,15.337423312883436,489
2021-08-06,14.928425357873211,489
2021-08-09,15.337423312883436,489
2021-08-10,14.723926380368098,489
2021-08-11,13.292433537832311,489
2021-08-12,14.110429447852761,489
2021-08-13,14.314928425357873,489
2021-08-16,15.132924335378323,489
2021-08-17,16.973415132924334,489
2021-08-18,19.01840490797546,489
2021-08-19,21.881390593047033,489
2021-08-20,21.063394683026583,489
2021-08-23,17.995910020449898,489
2021-08-24,16.56441717791411,489
2021-08-25,15.132924335378323,489
2021-08-26,17.995910020449898,489
2021-08-27,15.541922290388548,489
2021-08-30,16.768916155419223,489
2021-08-31,16.56441717791411,489
2021-09-01,17.177914110429448,489
2021-09-02,16.155419222903884,489
2021-09-03,17.38241308793456,489
2021-09-07,19.222903885480573,489
2021-09-08,20.858895705521473,489
2021-09-09,22.494887525562373,489
2021-09-10,24.335378323108383,489
2021-09-13,21.267893660531698,489
2021-09-14,24.130879345603272,489
2021-09-15,23.10838445807771,489
2021-09-16,24.335378323108383,489
2021-09-17,25.562372188139058,489
2021-09-20,30.265848670756647,489
2021-09-21,31.901840490797547,489
2021-09-22,28.016359918200408,489
2021-09-23,23.721881390593047,489
2021-09-24,23.6734693877551,490
2021-09-27,23.828920570264767,491
2021-09-28,28.513238289205702,491
2021-09-29,27.69857433808554,491
2021-09-30,33.80855397148676,491
2021-10-01,29.938900203665987,491
2021-10-04,30.14256619144603,491
2021-10-05,30.34623217922607,491
2021-10-06,28.513238289205702,491
2021-10-07,26.680244399185337,491
2021-10-08,29.531568228105908,491
2021-10-11,31.771894093686356,491
2021-10-12,32.586558044806516,491
2021-10-13,30.957230142566193,491
2021-10-14,24.236252545824847,491
2021-10-15,23.421588594704684,491
2021-10-18,26.069246435845216,491
2021-10-19,22.810590631364562,491
2021-10-20,21.58859470468432,491
2021-10-21,21.384928716904277,491
2021-10-22,20.977596741344197,491
2021-10-25,21.9959266802444,491
2021-10-26,21.9959266802444,491
2021-10-27,25.254582484725052,491
2021-10-28,22.810590631364562,491
2021-10-29,24.643584521384927,491
2021-11-01,21.792260692464357,491
2021-11-02,23.014256619144604,491
2021-11-03,20.570264765784113,491
2021-11-04,22.403258655804482,491
2021-11-05,20.570264765784113,491
2021-11-08,20.773930753564155,491
2021-11-09,20.570264765784113,491
2021-11-10,20.773930753564155,491
2021-11-11,21.58859470468432,491
2021-11-12,21.58859470468432,491
2021-11-15,20.977596741344197,491
2021-11-16,22.19959266802444,491
2021-11-17,23.625254582484725,491
2021-11-18,24.643584521384927,491
2021-11-19,25.45824847250509,491
2021-11-22,24.643584521384927,491
2021-11-23,23.983739837398375,492
2021-11-24,24.796747967479675,492
2021-11-26,31.097560975609756,492
2021-11-29,30.284552845528456,492
2021-11-30,38.82113821138211,492
2021-12-01,43.08943089430894,492
2021-12-02,35.36585365853659,492
2021-12-03,36.38211382113821,492
2021-12-06,30.48780487804878,492
2021-12-07,27.642276422764226,492
2021-12-08,26.6260162601626,492
2021-12-09,27.642276422764226,492
2021-12-10,26.6260162601626,492
2021-12-13,28.252032520325205,492
2021-12-14,29.26829268292683,492
2021-12-15,27.84552845528455,492
2021-12-16,28.252032520325205,492
2021-12-17,31.910569105691057,492
2021-12-20,37.19512195121951,492
2021-12-21,30.691056910569106,492
2021-12-22,30.691056910569106,492
2021-12-23,27.84552845528455,492
2021-12-27,24.59349593495935,492
2021-12-28,24.1869918699187,492
2021-12-29,23.3739837398374,492
2021-12-30,23.577235772357724,492
2021-12-31,23.3739837398374,492
2022-01-03,22.764227642276424,492
2022-01-04,21.951219512195124,492
2022-01-05,25.609756097560975,492
2022-01-06,26.829268292682926,492
2022-01-07,26.016260162601625,492
2022-01-10,27.84552845528455,492
2022-01-11,26.21951219512195,492
2022-01-12,25.203252032520325,492
2022-01-13,26.829268292682926,492
2022-01-14,30.08130081300813,492
2022-01-18,36.17886178861789,492
2022-01-19,39.02439024390244,492
2022-01-20,43.08943089430894,492
2022-01-21,45.52845528455285,492
2022-01-24,43.699186991869915,492
2022-01-25,50.0,492
2022-01-26,54.36105476673428,493
2022-01-27,57.69230769230769,494
2022-01-28,50.40485829959514,494
2022-01-31,44.534412955465584,494
2022-02-01,42.71255060728745,494
2022-02-02,39.473684210526315,494
2022-02-03,45.95141700404859,494
2022-02-04,47.57085020242915,494
2022-02-07,46.963562753036435,494
2022-02-08,43.31983805668016,494
2022-02-09,38.25910931174089,494
2022-02-10,44.534412955465584,494
2022-02-11,50.607287449392715,494
2022-02-14,53.23886639676113,494
2022-02-15,47.16599190283401,494
2022-02-16,45.54655870445344,494
2022-02-17,52.02429149797571,494
2022-02-18,52.63157894736842,494
2022-02-22,55.66801619433198,494
2022-02-23,61.1336032388664,494
2022-02-24,60.32388663967611,494
2022-02-25,50.202429149797574,494
2022-02-28,51.821862348178136,494
2022-03-01,59.10931174089069,494
2022-03-02,51.61943319838057,494
2022-03-03,52.02429149797571,494
2022-03-04,54.25101214574899,494
2022-03-07,62.955465587044536,494
2022-03-08,64.17004048582996,494
2022-03-09,59.51417004048583,494
2022-03-10,60.121457489878544,494
2022-03-11,62.14574898785425,494
2022-03-14,61.74089068825911,494
2022-03-15,58.097165991902834,494
2022-03-16,54.45344129554656,494
2022-03-17,50.80971659919028,494
2022-03-18,47.16599190283401,494
2022-03-21,48.78542510121458,494
2022-03-22,46.35627530364373,494
2022-03-23,50.80971659919028,494
2022-03-24,46.558704453441294,494
2022-03-25,45.74898785425101,494
2022-03-28,43.927125506072876,494
2022-03-29,37.65182186234818,494
2022-03-30,40.48582995951417,494
2022-03-31,45.54655870445344,494
2022-04-01,45.95141700404859,494
2022-04-04,45.74898785425101,494
2022-04-05,49.19028340080972,494
2022-04-06,49.59514170040486,494
2022-04-07,50.202429149797574,494
2022-04-08,50.80971659919028,494
2022-04-11,52.42914979757085,494
2022-04-12,53.036437246963565,494
2022-04-13,51.012145748987855,494
2022-04-14,51.61943319838057,494
2022-04-18,52.22672064777328,494
2022-04-19,49.797570850202426,494
2022-04-20,47.36842105263158,494
2022-04-21,50.0,494
2022-04-22,55.66801619433198,494
2022-04-25,54.45344129554656,494
2022-04-26,57.89473684210526,494
2022-04-27,56.88259109311741,494
2022-04-28,53.64372469635627,494
2022-04-29,62.34817813765182,494
2022-05-02,62.955465587044536,494
2022-05-03,61.1336032388664,494
2022-05-04,57.28744939271255,494
2022-05-05,62.75303643724696,494
2022-05-06,64.37246963562752,494
2022-05-09,68.21862348178138,494
2022-05-10,69.23076923076923,494
2022-05-11,70.04048582995951,494
2022-05-12,70.5050505050505,495
2022-05-13,66.66666666666667,495
2022-05-16,66.46464646464646,495
2022-05-17,64.24242424242425,495
2022-05-18,71.51515151515152,495
2022-05-19,72.12121212121212,495
2022-05-20,73.33333333333333,495
2022-05-23,70.5050505050505,495
2022-05-24,69.0909090909091,495
2022-05-25,68.88888888888889,495
2022-05-26,65.85858585858585,495
2022-05-27,61.61616161616162,495
2022-05-31,62.82828282828283,495
2022-06-01,65.65656565656566,495
2022-06-02,63.23232323232323,495
2022-06-03,65.45454545454545,495
2022-06-06,65.05050505050505,495
2022-06-07,61.41414141414141,495
2022-06-08,65.45454545454545,495
2022-06-09,70.9090909090909,495
2022-06-10,73.93939393939394,495
2022-06-13,80.60606060606061,495
2022-06-14,82.62626262626263,495
2022-06-15,81.61616161616162,495
2022-06-16,86.46464646464646,495
2022-06-17,87.47474747474747,495
2022-06-21,82.62626262626263,495
2022-06-22,83.23232323232324,495
2022-06-23,81.21212121212122,495
2022-06-24,76.56565656565657,495
2022-06-27,75.55555555555556,495
2022-06-28,77.37373737373737,495
2022-06-29,77.37373737373737,495
2022-06-30,77.97979797979798,495
2022-07-01,74.94949494949495,495
2022-07-05,78.78787878787878,495
2022-07-06,79.1919191919192,495
2022-07-07,77.37373737373737,495
2022-07-08,77.57575757575758,495
2022-07-11,78.38383838383838,495
2022-07-12,79.1919191919192,495
2022-07-13,80.4040404040404,495
2022-07-14,81.41414141414141,495
2022-07-15,80.20202020202021,495
2022-07-18,82.22222222222223,495
2022-07-19,78.38383838383838,495
2022-07-20,78.98989898989899,495
2022-07-21,76.96969696969697,495
2022-07-22,77.17171717171718,495
2022-07-25,73.93939393939394,495
2022-07-26,75.55555555555556,495
2022-07-27,71.51515151515152,495
2022-07-28,64.84848484848484,495
2022-07-29,62.22222222222222,495
2022-08-01,62.82828282828283,495
2022-08-02,65.65656565656566,495
2022-08-03,61.41414141414141,495
2022-08-04,61.61616161616162,495
2022-08-05,61.41414141414141,495
2022-08-08,60.2020202020202,495
2022-08-09,63.43434343434343,495
2022-08-10,55.55555555555556,495
2022-08-11,54.74747474747475,495
2022-08-12,48.484848484848484,495
2022-08-15,48.08080808080808,495
2022-08-16,45.656565656565654,495
2022-08-17,48.686868686868685,495
2022-08-18,46.86868686868687,495
2022-08-19,52.121212121212125,495
2022-08-22,59.7979797979798,495
2022-08-23,59.5959595959596,495
2022-08-24,58.78787878787879,495
2022-08-25,54.14141414141414,495
2022-08-26,62.42424242424242,495
2022-08-29,63.83838383838384,495
2022-08-30,67.47474747474747,495
2022-08-31,68.88888888888889,495
2022-09-01,67.87878787878788,495
2022-09-02,70.5050505050505,495
2022-09-06,70.3030303030303,495
2022-09-07,63.83838383838384,495
2022-09-08,61.81818181818182,495
2022-09-09,57.17171717171717,495
2022-09-12,55.55555555555556,495
2022-09-13,65.45454545454545,495
2022-09-14,66.06060606060606,495
2022-09-15,68.08080808080808,495
2022-09-16,70.1010101010101,495
2022-09-19,68.68686868686869,495
2022-09-20,71.51515151515152,495
2022-09-21,74.54545454545455,495
2022-09-22,78.58585858585859,495
2022-09-23,83.43434343434343,495
2022-09-26,86.26262626262626,495
2022-09-27,87.47474747474747,495
2022-09-28,83.23232323232324,495
2022-09-29,85.85858585858585,495
2022-09-30,86.86868686868686,495
2022-10-03,82.82828282828282,495
2022-10-04,75.35353535353535,495
2022-10-05,75.35353535353535,495
2022-10-06,77.97979797979798,495
2022-10-07,81.81818181818181,495
2022-10-10,82.42424242424242,495
2022-10-11,82.02020202020202,495
2022-10-12,82.62626262626263,495
2022-10-13,80.0,495
2022-10-14,83.43434343434343,495
2022-10-17,79.5959595959596,495
2022-10-18,76.96969696969697,495
2022-10-19,78.58585858585859,495
2022-10-20,80.4040404040404,495
2022-10-21,75.75757575757575,495
2022-10-24,73.53535353535354,495
2022-10-25,68.48484848484848,495
2022-10-26,66.46464646464646,495
2022-10-27,65.45454545454545,495
2022-10-28,59.19191919191919,495
2022-10-31,60.0,495
2022-11-01,60.0,495
2022-11-02,63.50806451612903,496
2022-11-03,64.51612903225806,496
2022-11-04,60.88709677419355,496
2022-11-07,57.056451612903224,496
2022-11-08,56.04838709677419,496
2022-11-09,59.67741935483871,496
2022-11-10,43.95161290322581,496
2022-11-11,42.13709677419355,496
2022-11-14,45.36290322580645,496
2022-11-15,42.54032258064516,496
2022-11-16,44.354838709677416,496
2022-11-17,46.37096774193548,496
2022-11-18,41.733870967741936,496
2022-11-21,41.733870967741936,496
2022-11-22,38.91129032258065,496
2022-11-23,36.08870967741935,496
2022-11-25,34.87903225806452,496
2022-11-28,39.91935483870968,496
2022-11-29,40.12096774193548,496
2022-11-30,33.266129032258064,496
2022-12-01,32.66129032258065,496
2022-12-02,34.274193548387096,496
2022-12-05,39.314516129032256,496
2022-12-06,41.12903225806452,496
2022-12-07,41.935483870967744,496
2022-12-08,40.524193548387096,496
2022-12-09,41.733870967741936,496
2022-12-12,37.29838709677419,496
2022-12-13,33.87096774193548,496
2022-12-14,36.693548387096776,496
2022-12-15,45.36290322580645,496
2022-12-16,48.58870967741935,496
2022-12-19,50.806451612903224,496
2022-12-20,50.403225806451616,496
2022-12-21,46.16935483870968,496
2022-12-22,48.185483870967744,496
2022-12-23,46.37096774193548,496
2022-12-27,45.564516129032256,496
2022-12-28,49.193548387096776,496
2022-12-29,45.16129032258065,496
2022-12-30,47.78225806451613,496
2023-01-03,47.78225806451613,496
2023-01-04,44.75806451612903,496
2023-01-05,47.983870967741936,496
2023-01-06,41.53225806451613,496
2023-01-09,41.12903225806452,496
2023-01-10,38.306451612903224,496
2023-01-11,34.67741935483871,496
2023-01-12,32.056451612903224,496
2023-01-13,32.86290322580645,496
2023-01-17,33.064516129032256,496
2023-01-18,39.314516129032256,496
2023-01-19,41.12903225806452,496
2023-01-20,36.08870967741935,496
2023-01-23,32.45967741935484,496
2023-01-24,33.46774193548387,496
2023-01-25,33.266129032258064,496
2023-01-26,31.85483870967742,496
2023-01-27,30.64516129032258,496
2023-01-30,32.45967741935484,496
2023-01-31,26.411290322580644,496
2023-02-01,24.798387096774192,496
2023-02-02,19.758064516129032,496
2023-02-03,25.201612903225808,496
2023-02-06,27.419354838709676,496
2023-02-07,25.0,496
2023-02-08,27.620967741935484,496
2023-02-09,30.04032258064516,496
2023-02-10,27.822580645161292,496
2023-02-13,26.411290322580644,496
2023-02-14,26.411290322580644,496
2023-02-15,25.0,496
2023-02-16,27.620967741935484,496
2023-02-17,28.024193548387096,496
2023-02-21,33.66935483870968,496
2023-02-22,34.475806451612904,496
2023-02-23,33.66935483870968,496
2023-02-24,38.306451612903224,496
2023-02-27,38.306451612903224,496
2023-02-28,40.12096774193548,496
2023-03-01,41.53225806451613,496
2023-03-02,38.70967741935484,496
2023-03-03,32.86290322580645,496
2023-03-06,34.87903225806452,496
2023-03-07,40.12096774193548,496
2023-03-08,39.71774193548387,496
2023-03-09,47.983870967741936,496
2023-03-10,53.62903225806452,496
2023-03-13,56.25,496
2023-03-14,51.61290322580645,496
2023-03-15,56.45161290322581,496
2023-03-16,52.21774193548387,496
2023-03-17,58.064516129032256,496
2023-03-20,51.00806451612903,496
2023-03-21,47.58064516129032,496
2023-03-22,54.63709677419355,496
2023-03-23,56.25,496
2023-03-24,54.63709677419355,496
2023-03-27,51.814516129032256,496
2023-03-28,50.604838709677416,496
2023-03-29,44.556451612903224,496
2023-03-30,42.74193548387097,496
2023-03-31,37.5,496
2023-04-03,36.693548387096776,496
2023-04-04,39.314516129032256,496
2023-04-05,39.71774193548387,496
2023-04-06,40.12096774193548,496
2023-04-10,38.91129032258065,496
2023-04-11,35.483870967741936,496
2023-04-12,36.895161290322584,496
2023-04-13,33.87096774193548,496
2023-04-14,36.693548387096776,496
2023-04-17,34.87903225806452,496
2023-04-18,34.67741935483871,496
2023-04-19,34.07258064516129,496
2023-04-20,37.096774193548384,496
2023-04-21,37.70161290322581,496
2023-04-24,37.5,496
2023-04-25,44.153225806451616,496
2023-04-26,48.99193548387097,496
2023-04-27,42.943548387096776,496
2023-04-28,37.70161290322581,496
2023-05-01,40.12096774193548,496
2023-05-02,45.766129032258064,496
2023-05-03,49.395161290322584,496
2023-05-04,50.0,496
2023-05-05,44.75806451612903,496
2023-05-08,44.95967741935484,496
2023-05-09,46.975806451612904,496
2023-05-10,45.36290322580645,496
2023-05-11,47.78225806451613,496
2023-05-12,47.37903225806452,496
2023-05-15,46.774193548387096,496
2023-05-16,52.016129032258064,496
2023-05-17,48.79032258064516,496
2023-05-18,45.16129032258065,496
2023-05-19,46.37096774193548,496
2023-05-22,45.96774193548387,496
2023-05-23,49.193548387096776,496
2023-05-24,52.62096774193548,496
2023-05-25,54.63709677419355,496
2023-05-26,52.41935483870968,496
2023-05-30,53.024193548387096,496
2023-05-31,55.24193548387097,496
2023-06-01,52.41935483870968,496
2023-06-02,42.13709677419355,496
2023-06-05,43.75,496
2023-06-06,41.733870967741936,496
2023-06-07,39.314516129032256,496
2023-06-08,38.306451612903224,496
2023-06-09,38.91129032258065,496
2023-06-12,38.306451612903224,496
2023-06-13,35.483870967741936,496
2023-06-14,36.895161290322584,496
2023-06-15,30.443548387096776,496
2023-06-16,30.846774193548388,496
2023-06-20,35.08064516129032,496
2023-06-21,34.475806451612904,496
2023-06-22,36.895161290322584,496
2023-06-23,40.12096774193548,496
2023-06-26,37.5,496
2023-06-27,34.67741935483871,496
2023-06-28,36.49193548387097,496
2023-06-29,31.85483870967742,496
2023-06-30,30.64516129032258,496
2023-07-03,28.427419354838708,496
2023-07-05,28.830645161290324,496
2023-07-06,32.056451612903224,496
2023-07-07,32.25806451612903,496
2023-07-10,29.43548387096774,496
2023-07-11,25.806451612903224,496
2023-07-12,23.991935483870968,496
2023-07-13,23.387096774193548,496
2023-07-14,26.20967741935484,496
2023-07-17,26.612903225806452,496
2023-07-18,26.20967741935484,496
2023-07-19,23.18548387096774,496
2023-07-20,22.177419354838708,496
2023-07-21,21.370967741935484,496
2023-07-24,20.967741935483872,496
2023-07-25,20.967741935483872,496
2023-07-26,21.169354838709676,496
2023-07-27,23.387096774193548,496
2023-07-28,23.387096774193548,496
2023-07-31,22.580645161290324,496
2023-08-01,24.596774193548388,496
2023-08-02,25.60483870967742,496
2023-08-03,28.225806451612904,496
2023-08-04,31.653225806451612,496
2023-08-07,28.427419354838708,496
2023-08-08,30.846774193548388,496
2023-08-09,30.04032258064516,496
2023-08-10,32.25806451612903,496
2023-08-11,31.25,496
2023-08-14,31.653225806451612,496
2023-08-15,36.29032258064516,496
2023-08-16,38.70967741935484,496
2023-08-17,40.524193548387096,496
2023-08-18,40.524193548387096,496
2023-08-21,41.12903225806452,496
2023-08-22,43.95161290322581,496
2023-08-23,42.54032258064516,496
2023-08-24,43.75,496
2023-08-25,42.943548387096776,496
2023-08-28,41.12903225806452,496
2023-08-29,37.096774193548384,496
2023-08-30,36.49193548387097,496
2023-08-31,37.5,496
2023-09-01,35.88709677419355,496
2023-09-05,40.725806451612904,496
2023-09-06,41.33064516129032,496
2023-09-07,43.346774193548384,496
2023-09-08,43.54838709677419,496
2023-09-11,42.54032258064516,496
2023-09-12,42.54032258064516,496
2023-09-13,42.33870967741935,496
2023-09-14,38.306451612903224,496
2023-09-15,40.12096774193548,496
2023-09-18,41.33064516129032,496
2023-09-19,42.54032258064516,496
2023-09-20,43.145161290322584,496
2023-09-21,49.193548387096776,496
2023-09-22,50.604838709677416,496
2023-09-25,50.0,496
2023-09-26,54.83870967741935,496
2023-09-27,54.435483870967744,496
2023-09-28,53.024193548387096,496
2023-09-29,53.62903225806452,496
2023-10-02,54.83870967741935,496
2023-10-03,58.14889336016097,497
2023-10-04,56.94164989939638,497
2023-10-05,57.74647887323944,497
2023-10-06,56.13682092555332,497
2023-10-09,53.521126760563384,497
2023-10-10,50.503018108651915,497
2023-10-11,51.10663983903421,497
2023-10-12,53.92354124748491,497
2023-10-13,55.53319919517103,497
2023-10-16,52.313883299798796,497
2023-10-17,51.10663983903421,497
2023-10-18,55.93561368209256,497
2023-10-19,58.14889336016097,497
2023-10-20,62.57545271629779,497
2023-10-23,63.98390342052314,497
2023-10-24,62.97786720321932,497
2023-10-25,66.19718309859155,497
2023-10-26,67.20321931589537,497
2023-10-27,71.22736418511066,497
2023-10-30,67.6056338028169,497
2023-10-31,63.58148893360161,497
2023-11-01,60.76458752515091,497
2023-11-02,54.52716297786721,497
2023-11-03,51.30784708249497,497
2023-11-06,53.118712273641854,497
2023-11-07,54.32595573440644,497
2023-11-08,54.929577464788736,497
2023-11-09,56.94164989939638,497
2023-11-10,53.72233400402415,497
2023-11-13,53.521126760563384,497
2023-11-14,43.86317907444668,497
2023-11-15,43.25955734406438,497
2023-11-16,44.265593561368206,497
2023-11-17,41.4486921529175,497
2023-11-20,41.04627766599597,497
2023-11-21,41.04627766599597,497
2023-11-22,39.03420523138833,497
2023-11-24,37.02213279678068,497
2023-11-27,38.43058350100603,497
2023-11-28,37.625754527162975,497
2023-11-29,35.814889336016094,497
2023-11-30,34.40643863179074,497
2023-12-01,27.96780684104628,497
2023-12-04,28.37022132796781,497
2023-12-05,32.394366197183096,497
2023-12-06,31.790744466800806,497
2023-12-07,30.985915492957748,497
2023-12-08,28.772635814889338,497
2023-12-11,26.961770623742456,497
2023-12-12,27.96780684104628,497
2023-12-13,21.327967806841045,497
2023-12-14,18.91348088531187,497
2023-12-15,22.535211267605632,497
2023-12-18,21.730382293762574,497
2023-12-19,18.10865191146881,497
2023-12-20,24.14486921529175,497
2023-12-21,21.52917505030181,497
2023-12-22,20.925553319919516,497
2023-12-26,19.3158953722334,497
2023-12-27,19.114688128772634,497
2023-12-28,18.10865191146881,497
2023-12-29,18.10865191146881,497
2024-01-02,17.10261569416499,497
2024-01-03,19.114688128772634,497
2024-01-04,20.120724346076457,497
2024-01-05,19.3158953722334,497
2024-01-08,18.91348088531187,497
2024-01-09,19.718309859154928,497
2024-01-10,19.517102615694164,497
2024-01-11,20.925553319919516,497
2024-01-12,20.72434607645875,497
2024-01-16,22.736418511066397,497
2024-01-17,26.156941649899398,497
2024-01-18,25.150905432595575,497
2024-01-19,25.150905432595575,497
2024-01-22,24.949698189134807,497
2024-01-23,25.150905432595575,497
2024-01-24,26.559356136820927,497
2024-01-25,24.346076458752513,497
2024-01-26,23.138832997987926,497
2024-01-29,21.52917505030181,497
2024-01-30,22.132796780684103,497
2024-01-31,24.949698189134807,497
2024-02-01,20.120724346076457,497
2024-02-02,24.949698189134807,497
2024-02-05,27.96780684104628,497
2024-02-06,25.150905432595575,497
2024-02-07,24.949698189134807,497
2024-02-08,25.955734406438633,497
2024-02-09,25.75452716297787,497
2024-02-12,24.14486921529175,497
2024-02-13,28.772635814889338,497
2024-02-14,26.358148893360163,497
2024-02-15,23.943661971830984,497
2024-02-16,25.75452716297787,497
2024-02-20,25.903614457831324,498
2024-02-21,22.48995983935743,498
2024-02-22,21.485943775100402,498
2024-02-23,20.68273092369478,498
2024-02-26,23.49397590361446,498
2024-02-27,22.48995983935743,498
2024-02-28,23.092369477911646,498
2024-02-29,20.281124497991968,498
2024-03-01,20.883534136546185,498
2024-03-04,20.281124497991968,498
2024-03-05,21.88755020080321,498
2024-03-06,19.879518072289155,498
2024-03-07,18.27309236947791,498
2024-03-08,17.670682730923694,498
2024-03-11,15.461847389558233,498
2024-03-12,16.46586345381526,498
2024-03-13,16.46586345381526,498
2024-03-14,18.473895582329316,498
2024-03-15,19.076305220883533,498
2024-03-18,18.27309236947791,498
2024-03-19,16.666666666666668,498
2024-03-20,16.265060240963855,498
2024-03-21,15.863453815261044,498
2024-03-22,17.068273092369477,498
2024-03-25,17.46987951807229,498
2024-03-26,18.87550200803213,498
2024-03-27,13.052208835341366,498
2024-03-28,11.847389558232932,498
2024-04-01,13.453815261044177,498
2024-04-02,14.65863453815261,498
2024-04-03,16.666666666666668,498
2024-04-04,18.072289156626507,498
2024-04-05,17.8714859437751,498
2024-04-08,16.867469879518072,498
2024-04-09,14.056224899598394,498
2024-04-10,20.080321285140563,498
2024-04-11,20.68273092369478,498
2024-04-12,24.899598393574298,498
2024-04-15,26.70682730923695,498
2024-04-16,28.11244979919679,498
2024-04-17,27.710843373493976,498
2024-04-18,27.91164658634538,498
2024-04-19,26.104417670682732,498
2024-04-22,22.289156626506024,498
2024-04-23,20.481927710843372,498
2024-04-24,20.481927710843372,498
2024-04-25,21.08433734939759,498
2024-04-26,22.08835341365462,498
2024-04-29,20.080321285140563,498
2024-04-30,24.29718875502008,498
2024-05-01,26.104417670682732,498
2024-05-02,24.29718875502008,498
2024-05-03,23.092369477911646,498
2024-05-06,21.485943775100402,498
2024-05-07,20.281124497991968,498
2024-05-08,21.285140562248998,498
2024-05-09,18.87550200803213,498
2024-05-10,17.8714859437751,498
2024-05-13,18.27309236947791,498
2024-05-14,17.670682730923694,498
2024-05-15,17.269076305220885,498
2024-05-16,16.666666666666668,498
2024-05-17,16.06425702811245,498
2024-05-20,16.265060240963855,498
2024-05-21,17.46987951807229,498
2024-05-22,18.27309236947791,498
2024-05-23,23.29317269076305,498
2024-05-24,22.89156626506024,498
2024-05-28,25.70281124497992,498
2024-05-29,29.31726907630522,498
2024-05-30,28.514056224899598,498
2024-05-31,24.698795180722893,498
2024-06-03,24.698795180722893,498
2024-06-04,25.502008032128515,498
2024-06-05,25.502008032128515,498
2024-06-06,26.305220883534137,498
2024-06-07,27.710843373493976,498
2024-06-10,27.10843373493976,498
2024-06-11,28.11244979919679,498
2024-06-12,27.10843373493976,498
2024-06-13,27.309236947791163,498
2024-06-14,28.91566265060241,498
2024-06-17,27.51004016064257,498
2024-06-18,27.10843373493976,498
2024-06-20,26.305220883534137,498
2024-06-21,24.899598393574298,498
2024-06-24,24.497991967871485,498
2024-06-25,26.104417670682732,498
2024-06-26,28.11244979919679,498
2024-06-27,27.91164658634538,498
2024-06-28,26.70682730923695,498
2024-07-01,29.518072289156628,498
2024-07-02,29.919678714859437,498
2024-07-03,30.120481927710845,498
2024-07-05,30.72289156626506,498
2024-07-08,30.72289156626506,498
2024-07-09,31.72690763052209,498
2024-07-10,28.714859437751002,498
2024-07-11,25.903614457831324,498
2024-07-12,22.289156626506024,498
2024-07-15,22.08835341365462,498
2024-07-16,18.27309236947791,498
2024-07-17,17.46987951807229,498
2024-07-18,20.080321285140563,498
2024-07-19,22.289156626506024,498
2024-07-22,21.24248496993988,499
2024-07-23,23.847695390781563,499
2024-07-24,24.448897795591183,499
2024-07-25,24.04809619238477,499
2024-07-26,19.839679358717436,499
2024-07-29,20.64128256513026,499
2024-07-30,19.639278557114228,499
2024-07-31,18.03607214428858,499
2024-08-01,22.645290581162325,499
2024-08-02,28.857715430861724,499
2024-08-05,35.27054108216433,499
2024-08-06,32.86573146292585,499
2024-08-07,35.67134268537074,499
2024-08-08,29.258517034068138,499
2024-08-09,29.458917835671343,499
2024-08-12,31.86372745490982,499
2024-08-13,28.256513026052104,499
2024-08-14,29.05811623246493,499
2024-08-15,24.649298597194388,499
2024-08-16,24.04809619238477,499
2024-08-19,22.24448897795591,499
2024-08-20,23.44689378757515,499
2024-08-21,20.64128256513026,499
2024-08-22,22.44488977955912,499
2024-08-23,20.04008016032064,499
2024-08-26,19.639278557114228,499
2024-08-27,20.240480961923847,499
2024-08-28,21.442885771543086,499
2024-08-29,20.64128256513026,499
2024-08-30,18.43687374749499,499
2024-09-03,22.24448897795591,499
2024-09-04,23.44689378757515,499
2024-09-05,26.25250501002004,499
2024-09-06,29.258517034068138,499
2024-09-09,26.052104208416832,499
2024-09-10,26.85370741482966,499
2024-09-11,26.452905811623246,499
2024-09-12,25.050100200400802,499
2024-09-13,23.04609218436874,499
2024-09-16,22.84569138276553,499
2024-09-17,21.24248496993988,499
2024-09-18,21.64328657314629,499
2024-09-19,18.03607214428858,499
2024-09-20,21.24248496993988,499
2024-09-23,20.240480961923847,499
2024-09-24,19.438877755511022,499
2024-09-25,22.24448897795591,499
2024-09-26,18.637274549098198,499
2024-09-27,16.432865731462925,499
2024-09-30,17.034068136272545,499
2024-10-01,20.04008016032064,499
2024-10-02,20.240480961923847,499
2024-10-03,22.044088176352705,499
2024-10-04,20.240480961923847,499
2024-10-07,23.44689378757515,499
2024-10-08,23.847695390781563,499
2024-10-09,21.442885771543086,499
2024-10-10,22.24448897795591,499
2024-10-11,19.639278557114228,499
2024-10-14,17.23446893787575,499
2024-10-15,18.43687374749499,499
2024-10-16,17.43486973947896,499
2024-10-17,18.43687374749499,499
2024-10-18,17.635270541082164,499
2024-10-21,19.639278557114228,499
2024-10-22,21.24248496993988,499
2024-10-23,22.84569138276553,499
2024-10-24,24.04809619238477,499
2024-10-25,24.849699398797597,499
2024-10-28,23.246492985971944,499
2024-10-29,24.649298597194388,499
2024-10-30,25.450901803607213,499
2024-10-31,28.256513026052104,499
2024-11-01,27.655310621242485,499
2024-11-04,26.452905811623246,499
2024-11-05,25.050100200400802,499
2024-11-06,22.645290581162325,499
2024-11-07,22.84569138276553,499
2024-11-08,22.645290581162325,499
2024-11-11,23.44689378757515,499
2024-11-12,25.250501002004007,499
2024-11-13,25.250501002004007,499
2024-11-14,25.250501002004007,499
2024-11-15,28.65731462925852,499
2024-11-18,27.054108216432866,499
2024-11-19,27.655310621242485,499
2024-11-20,27.45490981963928,499
2024-11-21,25.450901803607213,499
2024-11-22,24.448897795591183,499
2024-11-25,20.64128256513026,499
2024-11-26,21.64328657314629,499
2024-11-27,21.04208416833667,499
2024-11-29,21.04208416833667,499
2024-12-02,20.64128256513026,499
2024-12-03,22.44488977955912,499
2024-12-04,22.84569138276553,499
2024-12-05,24.248496993987978,499
2024-12-06,24.649298597194388,499
2024-12-09,24.448897795591183,499
2024-12-10,27.25450901803607,499
2024-12-11,28.65731462925852,499
2024-12-12,29.05811623246493,499
2024-12-13,29.65931863727455,499
2024-12-16,32.46492985971944,499
2024-12-17,33.26653306613226,499
2024-12-18,41.08216432865731,499
2024-12-19,41.482965931863724,499
2024-12-20,39.278557114228455,499
2024-12-23,39.078156312625254,499
2024-12-24,37.675350701402806,499
2024-12-26,37.675350701402806,499
2024-12-27,38.276553106212425,499
2024-12-30,40.28056112224449,499
2024-12-31,40.08016032064128,499
2025-01-02,41.28256513026052,499
2025-01-03,40.480961923847694,499
2025-01-06,41.482965931863724,499
2025-01-07,42.48496993987976,499
2025-01-08,41.08216432865731,499
2025-01-10,45.6,500
2025-01-13,43.11377245508982,501
2025-01-14,39.52095808383233,501
2025-01-15,39.12175648702595,501
2025-01-16,36.52694610778443,501
2025-01-17,36.52694610778443,501
2025-01-21,33.93213572854292,501
2025-01-22,35.12974051896207,501
2025-01-23,35.12974051896207,501
2025-01-24,35.12974051896207,501
2025-01-27,31.137724550898202,501
2025-01-28,33.13373253493014,501
2025-01-29,35.32934131736527,501
2025-01-30,33.13373253493014,501
2025-01-31,34.73053892215569,501
2025-02-03,36.12774451097805,501
2025-02-04,36.327345309381236,501
2025-02-05,35.32934131736527,501
2025-02-06,36.92614770459082,501
2025-02-07,37.5249500998004,501
2025-02-10,37.125748502994014,501
2025-02-11,36.52694610778443,501
2025-02-12,38.72255489021956,501
2025-02-13,36.72654690618762,501
2025-02-14,37.3253493013972,501
2025-02-18,35.92814371257485,501
2025-02-19,34.73053892215569,501
2025-02-20,35.528942115768466,501
2025-02-21,38.72255489021956,501
2025-02-24,38.32335329341317,501
2025-02-25,37.724550898203596,501
2025-02-26,38.72255489021956,501
2025-02-27,40.7185628742515,501
2025-02-28,38.72255489021956,501
2025-03-03,41.31736526946108,501
2025-03-04,48.10379241516966,501
2025-03-05,45.10978043912176,501
2025-03-06,48.902195608782435,501
2025-03-07,45.70858283433134,501
2025-03-10,52.49500998003992,501
2025-03-11,57.48502994011976,501
2025-03-12,59.2814371257485,501
2025-03-13,63.47305389221557,501
2025-03-14,58.28343313373254,501
2025-03-17,53.0938123752495,501
2025-03-18,55.28942115768463,501
2025-03-19,52.69461077844311,501
2025-03-20,53.89221556886228,501
2025-03-21,56.287425149700596,501
2025-03-24,49.50099800399202,501
2025-03-25,49.9001996007984,501
2025-03-26,50.49900199600798,501
2025-03-27,52.49500998003992,501
2025-03-28,57.28542914171657,501
2025-03-31,55.08982035928144,501
2025-04-01,54.69061876247505,501
2025-04-02,50.49900199600798,501
2025-04-03,63.07385229540918,501
2025-04-04,77.04590818363273,501
2025-04-07,80.23952095808383,501
2025-04-08,81.437125748503,501
2025-04-09,68.46307385229541,501
2025-04-10,73.45309381237524,501
2025-04-11,70.85828343313374,501
2025-04-14,67.86427145708583,501
2025-04-15,68.26347305389221,501
2025-04-16,70.65868263473054,501
2025-04-17,68.26347305389221,501
2025-04-21,73.85229540918164,501
2025-04-22,69.26147704590818,501
2025-04-23,68.8622754491018,501
2025-04-24,65.26946107784431,501
2025-04-25,64.27145708582835,501
2025-04-28,64.07185628742515,501
2025-04-29,62.4750499001996,501
2025-04-30,62.4750499001996,501
2025-05-01,60.87824351297405,501
2025-05-02,55.28942115768463,501
2025-05-05,55.88822355289421,501
2025-05-06,58.68263473053892,501
2025-05-07,55.28942115768463,501
2025-05-08,54.49101796407186,501
2025-05-09,54.89021956087824,501
2025-05-12,45.70858283433134,501
2025-05-13,45.70858283433134,501
2025-05-14,46.706586826347305,501
2025-05-15,42.71457085828343,501
2025-05-16,39.72055888223553,501
2025-05-19,41.11776447105788,501
2025-05-20,42.315369261477045,501
2025-05-21,48.50299401197605,501
2025-05-22,48.902195608782435,501
2025-05-23,51.89620758483034,501
2025-05-27,45.70858283433134,501
2025-05-28,48.70259481037924,501
2025-05-29,48.10379241516966,501
2025-05-30,47.10578842315369,501
2025-06-02,47.50499001996008,501
2025-06-03,46.9061876247505,501
2025-06-04,47.30538922155689,501
2025-06-05,49.30139720558882,501
2025-06-06,46.10778443113772,501
2025-06-09,46.10778443113772,501
2025-06-10,43.91217564870259,501
2025-06-11,45.30938123752495,501
2025-06-12,44.510978043912175,501
2025-06-13,48.30339321357285,501
2025-06-16,44.91017964071856,501
2025-06-17,48.70259481037924,501
2025-06-18,49.50099800399202,501
2025-06-20,48.70259481037924,501
2025-06-23,45.50898203592814,501
2025-06-24,43.51297405189621,501
2025-06-25,47.30538922155689,501
2025-06-26,43.11377245508982,501
2025-06-27,42.115768463073856,501
2025-06-30,40.7185628742515,501
2025-07-01,36.327345309381236,501
2025-07-02,34.930139720558884,501
2025-07-03,33.532934131736525,501
2025-07-07,36.92614770459082,501
2025-07-08,35.728542914171655,501
2025-07-09,34.73053892215569,501
2025-07-10,33.333333333333336,501
2025-07-11,34.73053892215569,501
2025-07-14,35.92814371257485,501
2025-07-15,40.31936127744511,501
2025-07-16,38.12375249500998,501
2025-07-17,36.92614770459082,501
2025-07-18,36.72654690618762,501
2025-07-21,37.3253493013972,501
2025-07-22,31.137724550898202,501
2025-07-23,29.940119760479043,501
2025-07-24,31.3373253493014,501
2025-07-25,30.339321357285428,501
2025-07-28,33.333333333333336,501
2025-07-29,33.13373253493014,501
2025-07-30,36.327345309381236,501
2025-07-31,39.321357285429144,501
2025-08-01,42.115768463073856,501
2025-08-04,38.522954091816366,501
2025-08-05,40.31936127744511,501
2025-08-06,40.91816367265469,501
2025-08-07,40.7185628742515,501
2025-08-08,39.12175648702595,501
2025-08-11,39.920159680638726,501
2025-08-12,37.125748502994014,501
2025-08-13,31.736526946107784,501
2025-08-14,34.73053892215569,501
2025-08-15,35.728542914171655,501
2025-08-18,36.52694610778443,501
2025-08-19,33.13373253493014,501
2025-08-20,33.13373253493014,501
2025-08-21,33.73253493013972,501
2025-08-22,27.54491017964072,501
2025-08-25,31.137724550898202,501
2025-08-26,30.738522954091817,501
2025-08-27,30.139720558882235,501
2025-08-28,30.93812375249501,501
2025-08-29,30.738522954091817,501
2025-09-02,32.33532934131737,501
2025-09-03,32.734530938123754,501
2025-09-04,31.137724550898202,501
2025-09-05,31.137724550898202,501
2025-09-08,32.734530938123754,501
2025-09-09,34.131736526946106,501
2025-09-10,34.73053892215569,501
2025-09-11,29.940119760479043,501
2025-09-12,31.936127744510976,501
2025-09-15,34.3313373253493,501
2025-09-16,34.930139720558884,501
2025-09-17,35.12974051896207,501
2025-09-18,34.930139720558884,501
2025-09-19,34.930139720558884,501
2025-09-22,34.53093812375249,501
2025-09-23,34.53093812375249,501
2025-09-24,34.73053892215569,501
2025-09-25,36.72654690618762,501
2025-09-26,34.53093812375249,501
2025-09-29,33.532934131736525,501
2025-09-30,32.53493013972056,501
2025-10-01,31.936127744510976,501
2025-10-02,32.53493013972056,501
2025-10-03,31.736526946107784,501
2025-10-06,32.93413173652694,501
2025-10-07,32.93413173652694,501
2025-10-08,33.532934131736525,501
2025-10-09,34.930139720558884,501
2025-10-10,42.115768463073856,501
2025-10-13,38.12375249500998,501
2025-10-14,34.73053892215569,501
2025-10-15,36.327345309381236,501
2025-10-16,39.920159680638726,501
2025-10-17,37.724550898203596,501
2025-10-20,34.930139720558884,501
2025-10-21,33.333333333333336,501
2025-10-22,33.333333333333336,501
2025-10-23,32.53493013972056,501
2025-10-24,34.3313373253493,501
2025-10-27,34.3313373253493,501
2025-10-28,37.125748502994014,501
2025-10-29,43.11377245508982,501
2025-10-30,43.11377245508982,501
2025-10-31,42.91417165668663,501
2025-11-03,43.712574850299404,501
2025-11-04,43.11377245508982,501
2025-11-05,43.91217564870259,501
2025-11-06,46.10778443113772,501
2025-11-07,42.91417165668663,501
2025-11-10,42.315369261477045,501
2025-11-11,39.52095808383233,501
2025-11-12,39.6,500
2025-11-13,40.6,500
2025-11-14,40.6,500
2025-11-17,44.8,500
2025-11-18,44.0,500
2025-11-19,45.2,500
2025-11-20,48.2,500
2025-11-21,43.2,500
2025-11-24,43.2,500
2025-11-25,39.0,500
2025-11-26,38.6,500
2025-11-28,37.5249500998004,501
2025-12-01,38.92215568862275,501
2025-12-02,40.5189620758483,501
2025-12-03,37.724550898203596,501
2025-12-04,38.32335329341317,501
2025-12-05,36.52694610778443,501
2025-12-08,39.321357285429144,501
2025-12-09,40.7185628742515,501
2025-12-10,39.12175648702595,501
2025-12-11,35.728542914171655,501
2025-12-12,35.728542914171655,501
2025-12-15,35.728542914171655,501
2025-12-16,37.3253493013972,501
2025-12-17,37.3253493013972,501
2025-12-18,36.72654690618762,501
2025-12-19,38.32335329341317,501
2025-12-22,36.52694610778443,501
2025-12-23,37.5249500998004,501
2025-12-24,36.327345309381236,501
2025-12-26,36.327345309381236,501
2025-12-29,35.728542914171655,501
2025-12-30,35.728542914171655,501
2025-12-31,39.12175648702595,501
2026-01-02,38.522954091816366,501
2026-01-05,36.92614770459082,501
2026-01-06,34.53093812375249,501
2026-01-07,37.3253493013972,501
2026-01-08,33.93213572854292,501
2026-01-09,31.736526946107784,501
2026-01-12,32.33532934131737,501
2026-01-13,32.93413173652694,501
2026-01-14,30.339321357285428,501
2026-01-15,28.74251497005988,501
2026-01-16,30.139720558882235,501
2026-01-20,33.93213572854292,501
2026-01-21,30.139720558882235,501
2026-01-22,30.339321357285428,501
2026-01-23,30.538922155688624,501
2026-01-26,30.139720558882235,501
2026-01-27,31.736526946107784,501
2026-01-28,32.33532934131737,501
2026-01-29,32.13572854291417,501
2026-01-30,32.13572854291417,501
2026-02-02,33.532934131736525,501
2026-02-03,34.131736526946106,501
2026-02-04,30.339321357285428,501
2026-02-05,31.936127744510976,501
2026-02-06,30.738522954091817,501
2026-02-09,30.538922155688624,501
2026-02-10,30.339321357285428,501
2026-02-11,30.139720558882235,501
2026-02-12,33.333333333333336,501
2026-02-13,32.53493013972056,501
2026-02-17,33.73253493013972,501
2026-02-18,31.53692614770459,501
2026-02-19,32.93413173652694,501
2026-02-20,32.13572854291417,501
2026-02-23,33.532934131736525,501
2026-02-24,33.13373253493014,501
2026-02-25,34.131736526946106,501
2026-02-26,32.33532934131737,501
2026-02-27,31.936127744510976,501
2026-03-02,32.13572854291417,501
2026-03-03,36.327345309381236,501
2026-03-04,36.72654690618762,501
2026-03-05,39.12175648702595,501
2026-03-06,42.315369261477045,501
2026-03-09,41.91616766467066,501
2026-03-10,44.71057884231537,501
2026-03-11,45.908183632734534,501
2026-03-12,48.902195608782435,501
2026-03-13,49.50099800399202,501
2026-03-16,47.90419161676647,501
2026-03-17,48.10379241516966,501
2026-03-18,50.69860279441118,501
2026-03-19,51.097804391217565,501
2026-03-20,54.091816367265466,501
2026-03-23,51.097804391217565,501
2026-03-24,50.89820359281437,501
2026-03-25,50.89820359281437,501
2026-03-26,52.09580838323353,501
2026-03-27,55.88822355289421,501
2026-03-30,55.08982035928144,501
2026-03-31,51.29740518962076,501
2026-04-01,50.89820359281437,501
2026-04-02,50.69860279441118,501
2026-04-06,50.89820359281437,501
2026-04-07,50.29940119760479,501
2026-04-08,44.31137724550898,501
2026-04-09,42.91417165668663,501
2026-04-10,46.10778443113772,501
2026-04-13,43.11377245508982,501
2026-04-14,42.315369261477045,501
2026-04-15,43.712574850299404,501
2026-04-16,43.51297405189621,501
2026-04-17,38.32335329341317,501
2026-04-20,39.321357285429144,501
2026-04-21,41.91616766467066,501
2026-04-22,41.71656686626746,501
2026-04-23,41.516966067864274,501
2026-04-24,42.91417165668663,501
2026-04-27,43.11377245508982,501
2026-04-28,42.51497005988024,501
2026-04-29,43.712574850299404,501
2026-04-30,41.71656686626746,501
2026-05-01,41.91616766467066,501
2026-05-04,44.71057884231537,501
2026-05-05,44.11177644710579,501
2026-05-06,42.115768463073856,501
2026-05-07,42.91417165668663,501
2026-05-08,44.11177644710579,501
2026-05-11,44.91017964071856,501
2026-05-12,44.11177644710579,501
2026-05-13,45.10978043912176,501
2026-05-14,44.510978043912175,501
2026-05-15,47.30538922155689,501
