ticker,algorithm,entry_date,entry_price,outcome,breakout_class,days_to_resolve,fwd_return_%,max_favorable_%,max_adverse_%
GOOG,donchian_20,2021-06-04,121.59,timeout_up,marginal,20,5.0,5.1,-0.4
GOOG,donchian_20,2021-07-02,127.67,true,confirmed,15,5.6,8.8,-0.5
GOOG,donchian_20,2021-07-22,132.24,timeout_up,marginal,20,2.7,5.0,0.6
GOOG,donchian_20,2021-08-23,139.95,timeout_down,marginal,20,-1.0,4.1,-2.9
GOOG,donchian_20,2021-10-18,141.8,timeout_up,marginal,20,4.5,5.6,-4.3
GOOG,donchian_20,2022-02-02,146.83,false,fakeout,2,-9.3,0.7,-15.7
GOOG,donchian_20,2022-03-22,139.14,false,fakeout,14,-8.6,2.8,-9.8
GOOG,donchian_20,2022-07-07,118.33,false,fakeout,4,-0.4,0.9,-12.2
GOOG,donchian_20,2022-08-12,121.65,false,fakeout,6,-8.8,0.5,-13.2
GOOG,donchian_20,2022-10-25,104.08,false,fakeout,1,-7.2,-4.3,-20.5
GOOG,donchian_20,2022-11-30,100.62,false,fakeout,5,-12.3,1.1,-14.9
GOOG,donchian_20,2023-01-19,93.15,true,confirmed,6,2.0,15.9,-1.3
GOOG,donchian_20,2023-03-16,100.25,true,confirmed,15,8.3,8.5,-0.8
GOOG,donchian_20,2023-04-06,108.01,false,fakeout,13,-2.5,0.6,-5.2
GOOG,donchian_20,2023-05-10,111.37,true,confirmed,5,9.3,15.4,2.4
GOOG,donchian_20,2023-07-26,128.6,timeout_up,fakeout,20,2.7,3.4,-2.1
GOOG,donchian_20,2023-08-29,134.39,false,fakeout,19,-3.0,3.3,-5.4
GOOG,donchian_20,2023-09-14,137.86,false,fakeout,5,0.9,2.4,-7.8
GOOG,donchian_20,2023-10-11,140.55,false,fakeout,10,-6.0,0.5,-14.3
GOOG,donchian_20,2023-11-22,138.88,false,fakeout,5,1.3,2.2,-7.6
GOOG,donchian_20,2024-01-19,146.77,false,marginal,10,-4.2,4.9,-6.6
GOOG,donchian_20,2024-03-18,147.27,true,confirmed,17,5.1,8.9,-1.0
GOOG,donchian_20,2024-04-09,156.85,true,confirmed,13,9.4,11.6,-3.4
GOOG,donchian_20,2024-04-26,172.28,false,fakeout,2,1.5,3.6,-5.3
GOOG,donchian_20,2024-05-17,175.85,timeout_up,fakeout,20,1.0,2.8,-3.6
GOOG,donchian_20,2024-06-25,184.28,false,fakeout,20,-6.0,4.2,-6.5
GOOG,donchian_20,2024-09-30,166.24,timeout_up,fakeout,20,0.7,2.0,-3.6
GOOG,donchian_20,2024-10-29,170.16,timeout_down,marginal,20,-0.3,7.5,-3.4
GOOG,donchian_20,2024-12-10,185.68,true,confirmed,5,3.6,8.8,-0.1
GOOG,donchian_20,2025-01-31,204.66,false,fakeout,3,-18.0,1.5,-18.5
GOOG,donchian_20,2025-06-10,179.61,false,fakeout,7,-0.7,1.0,-9.3
GOOG,donchian_20,2025-07-14,182.4,true,confirmed,8,10.3,11.3,-0.7
GOOG,donchian_20,2025-08-08,201.64,true,confirmed,17,16.0,18.1,-2.3
GOOG,donchian_20,2025-08-28,211.89,true,confirmed,3,16.5,21.0,-2.5
GOOG,donchian_20,2025-09-15,251.42,false,fakeout,19,-2.8,2.0,-6.0
GOOG,donchian_20,2025-10-24,260.16,true,confirmed,4,15.0,17.8,1.7
GOOG,donchian_20,2025-11-24,318.04,false,fakeout,16,-0.8,3.2,-6.5
GOOG,donchian_20,2026-01-12,332.5,false,marginal,17,-4.2,5.2,-7.8
GOOG,donchian_20,2026-02-02,344.66,false,fakeout,3,-12.0,1.5,-14.0
GOOG,donchian_20,2026-04-08,314.74,true,confirmed,7,25.5,25.9,-1.7
GOOG,donchian_20,2026-04-24,342.32,true,confirmed,4,14.9,16.8,-0.4
GOOG,donchian_20,2026-05-13,399.04,timeout_down,fakeout,2,-1.4,0.0,-2.3
GOOG,darvas_box,2021-07-22,132.24,timeout_up,marginal,20,2.7,5.0,0.6
GOOG,darvas_box,2021-08-23,139.95,timeout_down,marginal,20,-1.0,4.1,-2.9
GOOG,darvas_box,2021-10-29,147.06,timeout_down,fakeout,20,-1.5,2.4,-3.9
GOOG,darvas_box,2023-04-06,108.01,false,fakeout,13,-2.5,0.6,-5.2
GOOG,darvas_box,2023-05-10,111.37,true,confirmed,5,9.3,15.4,2.4
GOOG,darvas_box,2023-06-06,126.87,false,fakeout,10,-5.5,1.3,-8.6
GOOG,darvas_box,2023-07-26,128.6,timeout_up,fakeout,20,2.7,3.4,-2.1
GOOG,darvas_box,2023-08-29,134.39,false,fakeout,19,-3.0,3.3,-5.4
GOOG,darvas_box,2023-09-14,137.86,false,fakeout,5,0.9,2.4,-7.8
GOOG,darvas_box,2023-10-11,140.55,false,fakeout,10,-6.0,0.5,-14.3
GOOG,darvas_box,2023-12-22,141.56,timeout_up,marginal,20,5.3,6.2,-4.1
GOOG,darvas_box,2024-01-12,143.07,timeout_up,marginal,20,3.1,7.6,-4.2
GOOG,darvas_box,2024-04-01,155.23,true,confirmed,19,7.3,12.7,-3.5
GOOG,darvas_box,2024-04-26,172.28,false,fakeout,2,1.5,3.6,-5.3
GOOG,darvas_box,2024-05-17,175.85,timeout_up,fakeout,20,1.0,2.8,-3.6
GOOG,darvas_box,2024-06-25,184.28,false,fakeout,20,-6.0,4.2,-6.5
GOOG,darvas_box,2024-12-10,185.68,true,confirmed,5,3.6,8.8,-0.1
GOOG,darvas_box,2025-01-31,204.66,false,fakeout,3,-18.0,1.5,-18.5
GOOG,darvas_box,2025-06-10,179.61,false,fakeout,7,-0.7,1.0,-9.3
GOOG,darvas_box,2025-07-14,182.4,true,confirmed,8,10.3,11.3,-0.7
GOOG,darvas_box,2025-08-08,201.64,true,confirmed,17,16.0,18.1,-2.3
GOOG,darvas_box,2025-08-25,208.69,true,confirmed,6,20.8,22.8,-1.3
GOOG,darvas_box,2025-10-20,256.67,true,confirmed,8,11.1,14.6,-4.8
GOOG,darvas_box,2025-11-19,292.59,true,confirmed,3,3.7,12.2,-1.3
GOOG,darvas_box,2026-01-09,328.91,false,marginal,18,-1.4,6.4,-6.8
GOOG,darvas_box,2026-02-02,344.66,false,fakeout,3,-12.0,1.5,-14.0
GOOG,darvas_box,2026-04-30,381.94,timeout_up,marginal,11,3.0,4.7,-1.7
GOOG,bollinger_squeeze,2021-07-02,127.67,true,confirmed,15,5.6,8.8,-0.5
GOOG,bollinger_squeeze,2021-07-23,136.69,timeout_up,fakeout,20,0.5,1.6,-2.6
GOOG,bollinger_squeeze,2021-08-23,139.95,timeout_down,marginal,20,-1.0,4.1,-2.9
GOOG,bollinger_squeeze,2022-10-25,104.08,false,fakeout,1,-7.2,-4.3,-20.5
GOOG,bollinger_squeeze,2023-01-19,93.15,true,confirmed,6,2.0,15.9,-1.3
GOOG,bollinger_squeeze,2023-03-16,100.25,true,confirmed,15,8.3,8.5,-0.8
GOOG,bollinger_squeeze,2023-05-10,111.37,true,confirmed,5,9.3,15.4,2.4
GOOG,bollinger_squeeze,2023-07-26,128.6,timeout_up,fakeout,20,2.7,3.4,-2.1
GOOG,bollinger_squeeze,2023-08-29,134.39,false,fakeout,19,-3.0,3.3,-5.4
GOOG,bollinger_squeeze,2023-12-21,140.65,timeout_up,marginal,20,4.9,5.8,-3.5
GOOG,bollinger_squeeze,2024-01-19,146.77,false,marginal,10,-4.2,4.9,-6.6
GOOG,bollinger_squeeze,2024-04-26,172.28,false,fakeout,2,1.5,3.6,-5.3
GOOG,bollinger_squeeze,2024-06-25,184.28,false,fakeout,20,-6.0,4.2,-6.5
GOOG,bollinger_squeeze,2024-10-29,170.16,timeout_down,marginal,20,-0.3,7.5,-3.4
GOOG,bollinger_squeeze,2025-01-31,204.66,false,fakeout,3,-18.0,1.5,-18.5
GOOG,bollinger_squeeze,2025-07-21,190.72,true,confirmed,19,6.9,8.5,-1.4
GOOG,bollinger_squeeze,2025-09-03,230.58,true,confirmed,8,6.3,11.2,-1.9
GOOG,bollinger_squeeze,2025-10-20,256.67,true,confirmed,8,11.1,14.6,-4.8
GOOG,bollinger_squeeze,2025-11-21,299.24,true,confirmed,2,4.0,9.7,-0.7
GOOG,bollinger_squeeze,2026-01-08,325.78,false,marginal,19,-0.9,7.4,-5.9
GOOG,ttm_squeeze,2021-12-23,145.94,false,fakeout,8,-11.4,0.9,-15.3
GOOG,ttm_squeeze,2022-10-24,102.13,false,fakeout,2,-6.9,2.1,-19.0
GOOG,ttm_squeeze,2023-05-11,115.95,true,confirmed,6,5.1,10.8,-0.4
GOOG,ttm_squeeze,2023-08-23,132.13,timeout_down,marginal,20,-1.4,5.0,-3.9
GOOG,ttm_squeeze,2024-06-25,184.28,false,fakeout,20,-6.0,4.2,-6.5
GOOG,ttm_squeeze,2024-10-30,175.13,false,marginal,16,-3.0,4.5,-6.1
GOOG,ttm_squeeze,2025-01-23,198.67,false,fakeout,11,-9.0,4.6,-9.2
GOOG,ttm_squeeze,2025-10-23,253.39,true,confirmed,4,14.3,21.0,0.9
GOOG,volume_resistance,2021-06-18,124.54,timeout_up,marginal,20,2.9,5.9,-0.6
GOOG,volume_resistance,2021-07-27,135.68,timeout_up,marginal,20,4.1,4.5,-1.9
GOOG,volume_resistance,2021-08-31,144.28,false,fakeout,13,-7.5,0.9,-7.7
GOOG,volume_resistance,2023-02-02,107.91,false,fakeout,1,-13.6,-0.1,-18.3
GOOG,volume_resistance,2023-05-10,111.37,true,confirmed,5,9.3,15.4,2.4
GOOG,volume_resistance,2023-06-16,123.05,false,fakeout,6,0.0,2.6,-6.6
GOOG,volume_resistance,2023-08-29,134.39,false,fakeout,19,-3.0,3.3,-5.4
GOOG,volume_resistance,2023-09-15,137.17,false,fakeout,4,0.2,3.0,-7.3
GOOG,volume_resistance,2024-02-02,142.37,false,fakeout,20,-6.5,5.0,-7.4
GOOG,volume_resistance,2024-04-25,156.66,true,confirmed,1,10.8,13.9,4.1
GOOG,volume_resistance,2024-07-23,182.31,false,fakeout,1,-8.0,-3.1,-14.7
GOOG,volume_resistance,2024-10-30,175.13,false,marginal,16,-3.0,4.5,-6.1
GOOG,volume_resistance,2024-12-10,185.68,true,confirmed,5,3.6,8.8,-0.1
GOOG,volume_resistance,2025-02-04,206.76,false,fakeout,1,-15.8,-6.3,-19.3
GOOG,volume_resistance,2025-07-24,192.77,timeout_up,marginal,20,3.8,7.3,-2.3
GOOG,volume_resistance,2025-09-02,211.51,true,confirmed,1,15.0,21.2,6.2
GOOG,volume_resistance,2025-09-19,254.89,false,fakeout,4,-0.6,0.9,-7.3
GOOG,volume_resistance,2025-10-30,281.52,true,confirmed,15,13.6,16.6,-3.7
GOOG,volume_resistance,2025-11-17,285.21,true,confirmed,5,7.8,15.1,-2.3
GOOG,volume_resistance,2026-04-30,381.94,timeout_up,marginal,11,3.0,4.7,-1.7
GOOG,high_52w_momentum,2023-05-18,122.51,timeout_up,marginal,20,0.4,4.9,-2.2
GOOG,high_52w_momentum,2023-06-05,125.6,false,fakeout,12,-3.2,2.3,-7.7
GOOG,high_52w_momentum,2023-07-31,132.03,timeout_down,fakeout,20,-1.0,1.4,-4.6
GOOG,high_52w_momentum,2023-08-23,132.13,timeout_down,marginal,20,-1.4,5.0,-3.9
GOOG,high_52w_momentum,2023-09-11,136.62,false,fakeout,9,1.3,1.6,-6.9
GOOG,high_52w_momentum,2023-10-09,138.36,false,fakeout,12,-5.8,2.1,-12.9
GOOG,high_52w_momentum,2023-12-21,140.65,timeout_up,marginal,20,4.9,5.8,-3.5
GOOG,high_52w_momentum,2024-01-10,142.63,timeout_up,marginal,20,2.4,7.9,-3.9
GOOG,high_52w_momentum,2024-01-26,152.54,false,fakeout,3,-9.8,0.9,-10.2
GOOG,high_52w_momentum,2024-04-09,156.85,true,confirmed,13,9.4,11.6,-3.4
GOOG,high_52w_momentum,2024-04-24,159.79,false,confirmed,1,10.5,11.7,-5.2
GOOG,high_52w_momentum,2024-05-15,172.46,timeout_up,marginal,20,1.8,4.8,-1.7
GOOG,high_52w_momentum,2024-06-12,178.3,timeout_up,marginal,20,4.0,7.7,-2.2
GOOG,high_52w_momentum,2024-07-03,186.08,false,fakeout,14,-8.0,3.2,-11.5
GOOG,high_52w_momentum,2024-12-11,195.81,false,fakeout,7,-2.2,3.1,-5.3
GOOG,high_52w_momentum,2025-01-21,198.72,false,fakeout,13,-6.3,4.5,-8.0
GOOG,high_52w_momentum,2025-08-25,208.69,true,confirmed,6,20.8,22.8,-1.3
GOOG,high_52w_momentum,2025-09-11,240.45,timeout_up,marginal,20,0.6,6.6,-0.9
GOOG,high_52w_momentum,2025-10-20,256.67,true,confirmed,8,11.1,14.6,-4.8
GOOG,high_52w_momentum,2025-11-05,284.36,true,confirmed,13,11.8,15.4,-4.7
GOOG,high_52w_momentum,2025-11-21,299.24,true,confirmed,2,4.0,9.7,-0.7
GOOG,high_52w_momentum,2026-01-08,325.78,false,marginal,19,-0.9,7.4,-5.9
GOOG,high_52w_momentum,2026-01-29,338.42,false,fakeout,5,-8.0,3.4,-12.3
GOOG,high_52w_momentum,2026-04-27,348.52,true,confirmed,3,12.9,14.8,-1.7
GOOG,high_52w_momentum,2026-05-13,399.04,timeout_down,fakeout,2,-1.4,0.0,-2.3
MU,donchian_20,2021-06-30,82.88,false,fakeout,1,-9.3,-3.2,-14.7
MU,donchian_20,2021-08-04,79.95,false,fakeout,4,-10.1,1.3,-16.1
MU,donchian_20,2021-11-04,70.55,true,confirmed,6,13.0,23.3,0.2
MU,donchian_20,2021-11-19,81.09,timeout_down,marginal,20,-1.2,7.3,-3.0
MU,donchian_20,2021-12-21,88.56,true,confirmed,10,-6.1,8.7,-6.2
MU,donchian_20,2022-02-15,93.86,false,fakeout,3,-17.0,0.5,-28.8
MU,donchian_20,2022-07-15,60.36,false,marginal,17,5.7,6.3,-6.2
MU,donchian_20,2022-08-03,63.03,false,fakeout,3,-12.0,1.8,-13.5
MU,donchian_20,2022-10-21,55.1,false,confirmed,4,4.5,15.0,-8.2
MU,donchian_20,2022-11-08,56.51,true,confirmed,3,-6.4,12.1,-8.8
MU,donchian_20,2023-01-11,57.2,true,confirmed,10,3.7,10.8,-4.8
MU,donchian_20,2023-01-27,62.93,false,fakeout,2,-9.3,0.1,-11.0
MU,donchian_20,2023-03-23,60.44,false,marginal,3,-0.1,5.1,-8.7
MU,donchian_20,2023-05-15,63.82,true,confirmed,8,5.0,15.7,-2.1
MU,donchian_20,2023-07-27,70.3,false,fakeout,4,-10.4,1.5,-13.1
MU,donchian_20,2023-11-03,71.91,true,confirmed,11,2.4,8.9,-1.2
MU,donchian_20,2023-11-20,77.89,false,marginal,5,4.5,5.6,-7.2
MU,donchian_20,2023-12-13,79.05,true,confirmed,7,3.4,10.1,-1.5
MU,donchian_20,2024-01-22,88.53,false,fakeout,8,-9.6,0.9,-11.3
MU,donchian_20,2024-03-01,94.4,false,confirmed,9,30.8,34.0,-5.1
MU,donchian_20,2024-03-21,108.98,true,confirmed,2,-2.7,18.9,-3.7
MU,donchian_20,2024-05-14,123.94,true,confirmed,18,12.8,13.5,-3.0
MU,donchian_20,2024-06-05,132.78,true,confirmed,8,-1.6,17.8,-4.8
MU,donchian_20,2024-09-26,109.21,false,fakeout,2,-2.6,4.0,-10.0
MU,donchian_20,2024-12-16,107.72,false,fakeout,2,-5.1,3.5,-22.8
MU,donchian_20,2025-05-07,82.42,true,confirmed,3,28.6,32.0,0.9
MU,donchian_20,2025-06-03,102.01,true,confirmed,3,19.1,27.0,-0.5
MU,donchian_20,2025-06-20,123.3,false,fakeout,15,-8.3,5.1,-10.2
MU,donchian_20,2025-08-11,123.54,false,confirmed,7,9.3,11.5,-8.3
MU,donchian_20,2025-09-05,131.18,true,confirmed,3,43.1,46.1,-2.3
MU,donchian_20,2025-10-01,181.89,true,confirmed,3,24.5,27.7,-1.3
MU,donchian_20,2025-10-16,202.36,false,confirmed,4,17.0,26.9,-5.0
MU,donchian_20,2025-11-03,234.51,false,confirmed,1,2.0,11.0,-17.9
MU,donchian_20,2025-12-10,263.49,false,confirmed,2,30.9,31.4,-15.9
MU,donchian_20,2025-12-29,294.25,true,confirmed,4,47.9,49.1,-3.5
MU,donchian_20,2026-01-16,362.6,true,confirmed,2,10.2,25.6,-0.4
MU,donchian_20,2026-03-16,441.61,false,marginal,4,5.4,6.7,-29.5
MU,donchian_20,2026-04-22,487.48,true,confirmed,3,48.7,67.9,-3.2
MU,donchian_20,2026-05-08,746.81,true,confirmed,1,-3.0,9.6,-5.4
MU,darvas_box,2021-12-21,88.56,true,confirmed,10,-6.1,8.7,-6.2
MU,darvas_box,2023-05-15,63.82,true,confirmed,8,5.0,15.7,-2.1
MU,darvas_box,2023-11-10,74.66,timeout_up,marginal,20,3.2,4.9,-3.2
MU,darvas_box,2023-12-13,79.05,true,confirmed,7,3.4,10.1,-1.5
MU,darvas_box,2024-01-22,88.53,false,fakeout,8,-9.6,0.9,-11.3
MU,darvas_box,2024-02-27,91.12,true,confirmed,7,29.3,33.3,-3.3
MU,darvas_box,2024-03-21,108.98,true,confirmed,2,-2.7,18.9,-3.7
MU,darvas_box,2024-05-28,131.75,false,confirmed,2,7.3,18.7,-8.8
MU,darvas_box,2025-09-05,131.18,true,confirmed,3,43.1,46.1,-2.3
MU,darvas_box,2025-10-01,181.89,true,confirmed,3,24.5,27.7,-1.3
MU,darvas_box,2025-10-16,202.36,false,confirmed,4,17.0,26.9,-5.0
MU,darvas_box,2025-12-10,263.49,false,confirmed,2,30.9,31.4,-15.9
MU,darvas_box,2026-03-17,461.5,false,fakeout,2,-1.1,2.1,-32.5
MU,darvas_box,2026-04-22,487.48,true,confirmed,3,48.7,67.9,-3.2
MU,bollinger_squeeze,2021-08-03,78.86,false,fakeout,5,-8.9,2.8,-14.9
MU,bollinger_squeeze,2021-11-04,70.55,true,confirmed,6,13.0,23.3,0.2
MU,bollinger_squeeze,2021-12-21,88.56,true,confirmed,10,-6.1,8.7,-6.2
MU,bollinger_squeeze,2022-07-15,60.36,false,marginal,17,5.7,6.3,-6.2
MU,bollinger_squeeze,2022-11-10,59.25,false,fakeout,5,-9.0,6.9,-13.0
MU,bollinger_squeeze,2023-03-23,60.44,false,marginal,3,-0.1,5.1,-8.7
MU,bollinger_squeeze,2023-05-15,63.82,true,confirmed,8,5.0,15.7,-2.1
MU,bollinger_squeeze,2023-07-27,70.3,false,fakeout,4,-10.4,1.5,-13.1
MU,bollinger_squeeze,2023-11-03,71.91,true,confirmed,11,2.4,8.9,-1.2
MU,bollinger_squeeze,2023-12-14,81.43,timeout_up,marginal,20,3.1,6.9,-4.3
MU,bollinger_squeeze,2024-01-22,88.53,false,fakeout,8,-9.6,0.9,-11.3
MU,bollinger_squeeze,2024-02-27,91.12,true,confirmed,7,29.3,33.3,-3.3
MU,bollinger_squeeze,2024-05-15,126.92,false,confirmed,11,12.0,12.8,-5.3
MU,bollinger_squeeze,2024-06-10,133.88,true,confirmed,5,1.3,16.9,-5.6
MU,bollinger_squeeze,2024-09-26,109.21,false,fakeout,2,-2.6,4.0,-10.0
MU,bollinger_squeeze,2024-12-16,107.72,false,fakeout,2,-5.1,3.5,-22.8
MU,bollinger_squeeze,2025-06-05,106.04,true,confirmed,3,12.9,22.2,1.6
MU,bollinger_squeeze,2025-08-11,123.54,false,confirmed,7,9.3,11.5,-8.3
MU,bollinger_squeeze,2025-09-05,131.18,true,confirmed,3,43.1,46.1,-2.3
MU,bollinger_squeeze,2026-03-17,461.5,false,fakeout,2,-1.1,2.1,-32.5
MU,ttm_squeeze,2021-12-21,88.56,true,confirmed,10,-6.1,8.7,-6.2
MU,ttm_squeeze,2022-06-01,72.01,false,fakeout,2,-24.8,2.5,-27.1
MU,ttm_squeeze,2022-08-12,63.8,false,fakeout,3,-10.9,0.1,-17.4
MU,ttm_squeeze,2022-11-10,59.25,false,fakeout,5,-9.0,6.9,-13.0
MU,ttm_squeeze,2026-03-12,405.18,true,confirmed,2,3.8,16.3,-23.1
MU,volume_resistance,2021-11-19,81.09,timeout_down,marginal,20,-1.2,7.3,-3.0
MU,volume_resistance,2021-12-21,88.56,true,confirmed,10,-6.1,8.7,-6.2
MU,volume_resistance,2023-05-18,66.71,true,confirmed,6,0.1,10.7,-5.3
MU,volume_resistance,2023-11-09,72.89,timeout_up,marginal,20,1.9,7.4,-0.9
MU,volume_resistance,2023-11-28,75.42,true,confirmed,12,13.8,15.4,-4.2
MU,volume_resistance,2023-12-15,80.66,timeout_up,marginal,20,2.4,7.9,-3.4
MU,volume_resistance,2024-02-27,91.12,true,confirmed,7,29.3,33.3,-3.3
MU,volume_resistance,2024-03-15,92.51,true,confirmed,4,30.3,40.1,-2.4
MU,volume_resistance,2024-06-18,152.38,false,fakeout,1,-23.4,2.6,-25.6
MU,volume_resistance,2025-06-05,106.04,true,confirmed,3,12.9,22.2,1.6
MU,volume_resistance,2025-06-25,126.95,false,fakeout,4,-12.1,2.0,-14.9
MU,volume_resistance,2025-09-05,131.18,true,confirmed,3,43.1,46.1,-2.3
MU,volume_resistance,2025-09-23,166.17,false,confirmed,2,21.6,29.1,-7.1
MU,volume_resistance,2025-11-14,246.63,false,marginal,2,-3.8,7.3,-22.0
MU,volume_resistance,2025-12-19,265.7,true,confirmed,3,46.4,48.3,0.9
MU,volume_resistance,2026-01-20,364.85,true,confirmed,1,15.3,24.8,-0.3
MU,volume_resistance,2026-02-04,379.24,true,confirmed,5,4.7,15.6,-3.5
MU,volume_resistance,2026-03-18,461.54,false,fakeout,1,-0.9,0.9,-32.5
MU,volume_resistance,2026-05-05,640.2,true,confirmed,3,13.2,27.9,-2.0
MU,high_52w_momentum,2023-11-10,74.66,timeout_up,marginal,20,3.2,4.9,-3.2
MU,high_52w_momentum,2023-12-13,79.05,true,confirmed,7,3.4,10.1,-1.5
MU,high_52w_momentum,2024-01-19,86.82,false,fakeout,13,-9.2,2.9,-9.4
MU,high_52w_momentum,2024-02-26,88.75,true,confirmed,5,30.9,35.7,-0.7
MU,high_52w_momentum,2024-03-21,108.98,true,confirmed,2,-2.7,18.9,-3.7
MU,high_52w_momentum,2024-05-20,128.1,false,confirmed,8,19.0,22.1,-6.2
MU,high_52w_momentum,2024-06-05,132.78,true,confirmed,8,-1.6,17.8,-4.8
MU,high_52w_momentum,2025-09-05,131.18,true,confirmed,3,43.1,46.1,-2.3
MU,high_52w_momentum,2025-10-01,181.89,true,confirmed,3,24.5,27.7,-1.3
MU,high_52w_momentum,2025-10-16,202.36,false,confirmed,4,17.0,26.9,-5.0
MU,high_52w_momentum,2025-11-03,234.51,false,confirmed,1,2.0,11.0,-17.9
MU,high_52w_momentum,2025-12-10,263.49,false,confirmed,2,30.9,31.4,-15.9
MU,high_52w_momentum,2025-12-29,294.25,true,confirmed,4,47.9,49.1,-3.5
MU,high_52w_momentum,2026-01-16,362.6,true,confirmed,2,10.2,25.6,-0.4
MU,high_52w_momentum,2026-03-16,441.61,false,marginal,4,5.4,6.7,-29.5
MU,high_52w_momentum,2026-04-22,487.48,true,confirmed,3,48.7,67.9,-3.2
MU,high_52w_momentum,2026-05-08,746.81,true,confirmed,1,-3.0,9.6,-5.4
WDC,donchian_20,2021-05-17,57.51,false,fakeout,2,-2.0,2.3,-11.2
WDC,donchian_20,2021-11-12,45.58,false,fakeout,3,-8.0,1.1,-9.5
WDC,donchian_20,2021-12-23,46.06,true,confirmed,3,-6.8,13.3,-12.0
WDC,donchian_20,2022-04-28,39.59,true,confirmed,3,15.3,20.2,-1.4
WDC,donchian_20,2022-07-19,36.55,false,marginal,13,1.4,4.9,-7.2
WDC,donchian_20,2022-08-12,38.13,false,fakeout,3,-14.6,-1.1,-20.8
WDC,donchian_20,2022-11-10,28.41,true,confirmed,3,-5.4,8.5,-12.5
WDC,donchian_20,2023-01-10,28.73,true,confirmed,8,12.0,18.5,-4.1
WDC,donchian_20,2023-01-26,32.93,false,fakeout,4,-10.6,3.4,-11.7
WDC,donchian_20,2023-04-10,28.63,false,fakeout,4,-10.1,2.2,-16.0
WDC,donchian_20,2023-05-15,27.66,true,confirmed,9,10.4,11.5,-2.5
WDC,donchian_20,2023-06-15,30.92,false,fakeout,2,-4.7,0.9,-11.3
WDC,donchian_20,2023-07-27,31.37,false,marginal,16,-4.3,6.2,-5.9
WDC,donchian_20,2023-08-31,33.87,false,marginal,7,1.4,4.2,-6.2
WDC,donchian_20,2023-11-17,35.09,true,confirmed,17,8.4,12.0,-1.2
WDC,donchian_20,2023-12-11,37.06,true,confirmed,10,2.6,8.1,-0.6
WDC,donchian_20,2024-01-18,40.3,true,confirmed,2,4.6,13.1,0.2
WDC,donchian_20,2024-02-29,44.76,true,confirmed,1,14.7,16.5,-1.7
WDC,donchian_20,2024-03-26,51.29,true,confirmed,6,2.1,12.9,-3.7
WDC,donchian_20,2024-05-15,56.96,false,marginal,4,5.1,6.3,-5.9
WDC,donchian_20,2024-06-12,59.6,false,fakeout,6,-0.5,3.0,-6.8
WDC,donchian_20,2024-08-30,49.36,false,confirmed,1,4.1,8.9,-8.5
WDC,donchian_20,2024-09-17,49.59,true,confirmed,7,1.6,8.4,-3.7
WDC,donchian_20,2024-11-26,54.96,false,fakeout,9,-15.5,1.5,-19.2
WDC,donchian_20,2025-01-22,51.65,false,marginal,3,3.9,5.3,-9.9
WDC,donchian_20,2025-02-18,54.21,false,fakeout,3,-18.6,0.3,-27.6
WDC,donchian_20,2025-04-30,43.67,true,confirmed,8,19.8,21.6,-0.6
WDC,donchian_20,2025-05-16,49.78,true,confirmed,12,15.1,15.6,-2.0
WDC,donchian_20,2025-06-03,53.54,true,confirmed,10,22.6,22.8,-0.4
WDC,donchian_20,2025-06-24,61.92,true,confirmed,13,11.7,12.1,0.1
WDC,donchian_20,2025-07-14,66.77,true,confirmed,13,11.5,17.7,-1.7
WDC,donchian_20,2025-07-29,70.44,true,confirmed,2,12.9,13.7,-1.9
WDC,donchian_20,2025-08-25,79.03,true,confirmed,6,39.3,43.8,-1.7
WDC,donchian_20,2025-09-15,102.26,true,confirmed,5,16.1,34.2,-2.6
WDC,donchian_20,2025-09-30,119.91,true,confirmed,1,4.0,14.4,-6.3
WDC,donchian_20,2025-10-29,141.2,true,confirmed,2,11.6,26.2,-6.3
WDC,donchian_20,2025-12-10,181.86,false,confirmed,2,10.2,21.6,-9.1
WDC,donchian_20,2026-01-06,219.28,false,confirmed,1,22.8,35.2,-17.6
WDC,donchian_20,2026-01-27,252.54,true,confirmed,1,15.2,22.7,-6.0
WDC,donchian_20,2026-03-17,313.81,false,confirmed,2,16.3,16.7,-20.6
WDC,donchian_20,2026-04-08,338.78,true,confirmed,4,42.6,42.8,-2.7
WDC,donchian_20,2026-04-23,403.12,false,confirmed,3,19.6,30.3,-7.2
WDC,donchian_20,2026-05-11,515.83,false,fakeout,1,-6.6,-1.4,-9.9
WDC,darvas_box,2023-06-15,30.92,false,fakeout,2,-4.7,0.9,-11.3
WDC,darvas_box,2023-07-27,31.37,false,marginal,16,-4.3,6.2,-5.9
WDC,darvas_box,2023-08-31,33.87,false,marginal,7,1.4,4.2,-6.2
WDC,darvas_box,2023-11-20,35.64,true,confirmed,17,7.6,10.3,-2.7
WDC,darvas_box,2023-12-11,37.06,true,confirmed,10,2.6,8.1,-0.6
WDC,darvas_box,2024-01-18,40.3,true,confirmed,2,4.6,13.1,0.2
WDC,darvas_box,2024-03-01,48.39,false,confirmed,6,10.2,12.5,-9.1
WDC,darvas_box,2024-03-26,51.29,true,confirmed,6,2.1,12.9,-3.7
WDC,darvas_box,2024-05-29,58.27,false,marginal,2,-1.0,5.3,-6.0
WDC,darvas_box,2025-06-09,56.88,true,confirmed,10,13.4,17.2,-4.2
WDC,darvas_box,2025-07-14,66.77,true,confirmed,13,11.5,17.7,-1.7
WDC,darvas_box,2025-08-25,79.03,true,confirmed,6,39.3,43.8,-1.7
WDC,darvas_box,2025-10-29,141.2,true,confirmed,2,11.6,26.2,-6.3
WDC,darvas_box,2025-12-10,181.86,false,confirmed,2,10.2,21.6,-9.1
WDC,darvas_box,2026-01-06,219.28,false,confirmed,1,22.8,35.2,-17.6
WDC,darvas_box,2026-02-18,296.42,false,marginal,1,2.9,7.8,-19.7
WDC,darvas_box,2026-03-17,313.81,false,confirmed,2,16.3,16.7,-20.6
WDC,darvas_box,2026-04-08,338.78,true,confirmed,4,42.6,42.8,-2.7
WDC,bollinger_squeeze,2021-11-11,44.27,false,marginal,4,-1.6,6.1,-6.8
WDC,bollinger_squeeze,2021-12-23,46.06,true,confirmed,3,-6.8,13.3,-12.0
WDC,bollinger_squeeze,2022-04-28,39.59,true,confirmed,3,15.3,20.2,-1.4
WDC,bollinger_squeeze,2022-07-19,36.55,false,marginal,13,1.4,4.9,-7.2
WDC,bollinger_squeeze,2022-11-07,27.56,false,confirmed,2,-7.5,11.9,-8.4
WDC,bollinger_squeeze,2023-04-10,28.63,false,fakeout,4,-10.1,2.2,-16.0
WDC,bollinger_squeeze,2023-05-15,27.66,true,confirmed,9,10.4,11.5,-2.5
WDC,bollinger_squeeze,2023-07-27,31.37,false,marginal,16,-4.3,6.2,-5.9
WDC,bollinger_squeeze,2023-08-31,33.87,false,marginal,7,1.4,4.2,-6.2
WDC,bollinger_squeeze,2023-12-11,37.06,true,confirmed,10,2.6,8.1,-0.6
WDC,bollinger_squeeze,2024-01-19,41.22,true,confirmed,4,-1.4,10.6,-1.6
WDC,bollinger_squeeze,2024-03-01,48.39,false,confirmed,6,10.2,12.5,-9.1
WDC,bollinger_squeeze,2024-05-15,56.96,false,marginal,4,5.1,6.3,-5.9
WDC,bollinger_squeeze,2024-06-12,59.6,false,fakeout,6,-0.5,3.0,-6.8
WDC,bollinger_squeeze,2024-09-20,50.24,timeout_up,marginal,20,0.4,7.0,-4.9
WDC,bollinger_squeeze,2024-10-25,52.27,false,fakeout,4,-4.3,2.6,-10.3
WDC,bollinger_squeeze,2024-11-26,54.96,false,fakeout,9,-15.5,1.5,-19.2
WDC,bollinger_squeeze,2025-01-21,50.75,false,marginal,4,6.0,7.2,-8.3
WDC,bollinger_squeeze,2025-02-18,54.21,false,fakeout,3,-18.6,0.3,-27.6
WDC,bollinger_squeeze,2025-06-09,56.88,true,confirmed,10,13.4,17.2,-4.2
WDC,bollinger_squeeze,2025-07-30,71.26,true,confirmed,1,12.9,13.1,2.4
WDC,bollinger_squeeze,2025-08-27,80.47,true,confirmed,5,33.1,41.2,-3.4
WDC,bollinger_squeeze,2025-10-29,141.2,true,confirmed,2,11.6,26.2,-6.3
WDC,bollinger_squeeze,2026-01-06,219.28,false,confirmed,1,22.8,35.2,-17.6
WDC,bollinger_squeeze,2026-03-17,313.81,false,confirmed,2,16.3,16.7,-20.6
WDC,ttm_squeeze,2021-05-17,57.51,false,fakeout,2,-2.0,2.3,-11.2
WDC,ttm_squeeze,2021-06-14,56.23,false,fakeout,3,-6.2,1.4,-11.3
WDC,ttm_squeeze,2021-11-12,45.58,false,fakeout,3,-8.0,1.1,-9.5
WDC,ttm_squeeze,2021-12-27,46.73,true,confirmed,2,-11.3,11.7,-13.2
WDC,ttm_squeeze,2022-11-10,28.41,true,confirmed,3,-5.4,8.5,-12.5
WDC,ttm_squeeze,2023-07-27,31.37,false,marginal,16,-4.3,6.2,-5.9
WDC,ttm_squeeze,2024-05-15,56.96,false,marginal,4,5.1,6.3,-5.9
WDC,ttm_squeeze,2024-06-13,59.89,false,fakeout,5,-1.0,2.5,-7.3
WDC,ttm_squeeze,2024-07-10,60.39,false,fakeout,5,-29.9,-0.0,-34.2
WDC,ttm_squeeze,2024-09-20,50.24,timeout_up,marginal,20,0.4,7.0,-4.9
WDC,ttm_squeeze,2024-10-29,51.4,false,marginal,10,6.9,7.2,-8.8
WDC,ttm_squeeze,2026-01-06,219.28,false,confirmed,1,22.8,35.2,-17.6
WDC,volume_resistance,2021-05-17,57.51,false,fakeout,2,-2.0,2.3,-11.2
WDC,volume_resistance,2021-12-29,49.77,false,fakeout,14,-18.6,4.9,-19.2
WDC,volume_resistance,2022-05-03,46.45,false,fakeout,4,-2.3,2.5,-12.1
WDC,volume_resistance,2023-01-23,31.45,true,confirmed,4,-4.2,8.3,-4.4
WDC,volume_resistance,2023-06-16,30.46,false,fakeout,2,-5.0,1.2,-9.9
WDC,volume_resistance,2023-07-27,31.37,false,marginal,16,-4.3,6.2,-5.9
WDC,volume_resistance,2023-08-31,33.87,false,marginal,7,1.4,4.2,-6.2
WDC,volume_resistance,2023-11-30,36.36,true,confirmed,10,8.4,10.1,-3.8
WDC,volume_resistance,2024-01-22,42.9,false,fakeout,19,-5.0,6.2,-6.5
WDC,volume_resistance,2024-03-01,48.39,false,confirmed,6,10.2,12.5,-9.1
WDC,volume_resistance,2024-03-26,51.29,true,confirmed,6,2.1,12.9,-3.7
WDC,volume_resistance,2025-06-05,54.92,true,confirmed,8,18.5,21.4,-0.8
WDC,volume_resistance,2025-09-03,85.79,true,confirmed,2,52.0,52.6,0.0
WDC,volume_resistance,2025-10-01,130.42,false,confirmed,4,8.3,11.6,-13.8
WDC,volume_resistance,2025-10-29,141.2,true,confirmed,2,11.6,26.2,-6.3
WDC,volume_resistance,2025-12-19,180.99,false,confirmed,1,33.6,35.2,-5.4
WDC,volume_resistance,2026-01-07,199.78,false,confirmed,1,30.2,48.3,-9.6
WDC,volume_resistance,2026-01-28,279.57,false,confirmed,2,0.9,10.8,-15.1
WDC,volume_resistance,2026-03-17,313.81,false,confirmed,2,16.3,16.7,-20.6
WDC,volume_resistance,2026-04-30,434.52,false,confirmed,1,10.9,20.9,-7.0
WDC,high_52w_momentum,2023-08-31,33.87,false,marginal,7,1.4,4.2,-6.2
WDC,high_52w_momentum,2023-10-05,34.7,false,fakeout,8,-8.6,1.2,-22.7
WDC,high_52w_momentum,2023-11-30,36.36,true,confirmed,10,8.4,10.1,-3.8
WDC,high_52w_momentum,2023-12-21,39.42,false,confirmed,9,10.2,12.9,-6.5
WDC,high_52w_momentum,2024-01-18,40.3,true,confirmed,2,4.6,13.1,0.2
WDC,high_52w_momentum,2024-03-01,48.39,false,confirmed,6,10.2,12.5,-9.1
WDC,high_52w_momentum,2024-03-25,48.9,true,confirmed,4,7.6,18.4,0.9
WDC,high_52w_momentum,2024-04-11,55.62,false,fakeout,2,-2.4,-0.1,-11.7
WDC,high_52w_momentum,2024-05-15,56.96,false,marginal,4,5.1,6.3,-5.9
WDC,high_52w_momentum,2024-06-12,59.6,false,fakeout,6,-0.5,3.0,-6.8
WDC,high_52w_momentum,2024-07-10,60.39,false,fakeout,5,-29.9,-0.0,-34.2
WDC,high_52w_momentum,2025-06-24,61.92,true,confirmed,13,11.7,12.1,0.1
WDC,high_52w_momentum,2025-07-11,65.98,true,confirmed,13,13.4,19.1,-1.4
WDC,high_52w_momentum,2025-07-29,70.44,true,confirmed,2,12.9,13.7,-1.9
WDC,high_52w_momentum,2025-08-25,79.03,true,confirmed,6,39.3,43.8,-1.7
WDC,high_52w_momentum,2025-09-10,94.9,true,confirmed,3,27.5,44.6,-0.6
WDC,high_52w_momentum,2025-09-29,116.59,true,confirmed,2,8.5,17.7,-3.6
WDC,high_52w_momentum,2025-10-29,141.2,true,confirmed,2,11.6,26.2,-6.3
WDC,high_52w_momentum,2025-12-10,181.86,false,confirmed,2,10.2,21.6,-9.1
WDC,high_52w_momentum,2026-01-02,187.61,true,confirmed,2,44.0,52.1,-3.7
WDC,high_52w_momentum,2026-01-20,222.86,true,confirmed,1,33.0,39.0,1.4
WDC,high_52w_momentum,2026-02-18,296.42,false,marginal,1,2.9,7.8,-19.7
WDC,high_52w_momentum,2026-03-17,313.81,false,confirmed,2,16.3,16.7,-20.6
WDC,high_52w_momentum,2026-04-08,338.78,true,confirmed,4,42.6,42.8,-2.7
WDC,high_52w_momentum,2026-04-23,403.12,false,confirmed,3,19.6,30.3,-7.2
WDC,high_52w_momentum,2026-05-11,515.83,false,fakeout,1,-6.6,-1.4,-9.9
STX,donchian_20,2021-05-14,84.46,true,confirmed,1,-3.4,8.4,-6.4
STX,donchian_20,2021-08-06,79.44,false,fakeout,9,-2.0,2.5,-8.1
STX,donchian_20,2021-10-25,77.49,true,confirmed,9,14.0,31.1,-3.6
STX,donchian_20,2021-11-09,86.29,true,confirmed,3,6.5,17.8,-1.2
STX,donchian_20,2021-12-21,95.56,false,fakeout,19,-8.0,7.7,-8.2
STX,donchian_20,2022-05-17,76.78,false,fakeout,2,-12.5,1.3,-14.0
STX,donchian_20,2022-07-15,69.06,timeout_up,marginal,20,7.5,8.0,-3.3
STX,donchian_20,2022-10-25,52.22,false,fakeout,1,-6.7,0.1,-18.2
STX,donchian_20,2023-01-12,52.74,true,confirmed,6,23.4,27.6,-3.3
STX,donchian_20,2023-02-02,66.06,false,fakeout,12,-10.8,0.7,-13.7
STX,donchian_20,2023-03-30,60.0,false,fakeout,13,-9.6,4.4,-16.4
STX,donchian_20,2023-05-18,57.94,false,marginal,5,2.5,6.7,-9.1
STX,donchian_20,2023-06-13,59.73,false,fakeout,7,-3.1,3.5,-6.8
STX,donchian_20,2023-08-01,60.97,timeout_up,marginal,20,1.7,6.3,-2.8
STX,donchian_20,2023-08-31,66.08,false,fakeout,4,-5.8,5.3,-11.8
STX,donchian_20,2023-10-11,65.63,false,marginal,8,3.3,6.1,-7.8
STX,donchian_20,2023-11-01,67.21,true,confirmed,13,11.0,11.5,-1.3
STX,donchian_20,2023-11-16,71.32,true,confirmed,16,11.5,16.3,-0.2
STX,donchian_20,2023-12-08,76.03,true,confirmed,4,0.2,9.1,-0.6
STX,donchian_20,2024-01-22,82.87,timeout_down,marginal,20,-0.4,5.7,-2.3
STX,donchian_20,2024-02-29,88.53,true,confirmed,4,0.8,8.8,-9.5
STX,donchian_20,2024-05-09,87.93,true,confirmed,5,4.8,8.2,-1.5
STX,donchian_20,2024-06-10,95.46,true,confirmed,6,8.0,8.4,-1.0
STX,donchian_20,2024-09-23,102.92,true,confirmed,16,6.2,8.9,-1.3
STX,donchian_20,2024-10-14,107.95,false,fakeout,7,-8.3,3.8,-11.2
STX,donchian_20,2025-01-17,95.64,true,confirmed,2,5.6,14.6,-5.1
STX,donchian_20,2025-04-30,89.87,true,confirmed,8,29.8,30.3,-1.3
STX,donchian_20,2025-05-15,106.06,true,confirmed,7,18.5,23.1,-3.4
STX,donchian_20,2025-06-02,117.63,true,confirmed,3,22.4,23.0,-0.3
STX,donchian_20,2025-06-24,134.58,true,confirmed,6,12.7,12.7,0.5
STX,donchian_20,2025-07-23,151.62,false,marginal,5,3.7,4.1,-9.5
STX,donchian_20,2025-08-18,157.51,true,confirmed,8,33.0,35.6,-3.9
STX,donchian_20,2025-09-03,175.0,true,confirmed,3,46.1,47.0,-0.3
STX,donchian_20,2025-09-18,215.02,true,confirmed,7,4.7,22.6,-2.5
STX,donchian_20,2025-10-29,264.46,false,confirmed,2,2.5,12.1,-13.9
STX,donchian_20,2025-12-10,297.62,false,confirmed,2,2.0,11.4,-8.1
STX,donchian_20,2026-01-06,329.84,false,confirmed,1,26.7,39.0,-15.8
STX,donchian_20,2026-01-26,357.67,true,confirmed,2,10.5,28.3,0.8
STX,donchian_20,2026-03-19,433.84,false,confirmed,1,26.3,27.6,-19.0
STX,donchian_20,2026-04-06,453.3,true,confirmed,2,62.9,65.2,-1.8
STX,donchian_20,2026-04-21,559.9,true,confirmed,2,42.1,50.3,-1.2
STX,donchian_20,2026-05-11,834.01,false,fakeout,1,-4.6,0.6,-8.2
STX,darvas_box,2023-08-31,66.08,false,fakeout,4,-5.8,5.3,-11.8
STX,darvas_box,2023-11-14,70.39,true,confirmed,17,14.5,14.6,-0.7
STX,darvas_box,2023-12-08,76.03,true,confirmed,4,0.2,9.1,-0.6
STX,darvas_box,2024-01-23,84.89,false,fakeout,20,-4.9,3.1,-5.9
STX,darvas_box,2024-02-29,88.53,true,confirmed,4,0.8,8.8,-9.5
STX,darvas_box,2024-06-11,97.49,timeout_up,marginal,20,5.1,6.2,0.0
STX,darvas_box,2024-07-15,105.19,false,fakeout,3,-12.0,4.3,-17.4
STX,darvas_box,2025-05-23,111.31,true,confirmed,6,20.9,22.0,0.4
STX,darvas_box,2025-06-23,131.39,true,confirmed,5,10.7,14.9,0.6
STX,darvas_box,2025-07-23,151.62,false,marginal,5,3.7,4.1,-9.5
STX,darvas_box,2025-08-18,157.51,true,confirmed,8,33.0,35.6,-3.9
STX,darvas_box,2025-10-29,264.46,false,confirmed,2,2.5,12.1,-13.9
STX,darvas_box,2025-12-10,297.62,false,confirmed,2,2.0,11.4,-8.1
STX,darvas_box,2026-01-06,329.84,false,confirmed,1,26.7,39.0,-15.8
STX,darvas_box,2026-04-07,468.72,true,confirmed,1,64.5,69.0,4.0
STX,bollinger_squeeze,2021-10-22,75.81,true,confirmed,8,15.5,34.0,-1.5
STX,bollinger_squeeze,2021-12-21,95.56,false,fakeout,19,-8.0,7.7,-8.2
STX,bollinger_squeeze,2022-07-15,69.06,timeout_up,marginal,20,7.5,8.0,-3.3
STX,bollinger_squeeze,2023-01-12,52.74,true,confirmed,6,23.4,27.6,-3.3
STX,bollinger_squeeze,2023-03-30,60.0,false,fakeout,13,-9.6,4.4,-16.4
STX,bollinger_squeeze,2023-05-17,56.45,false,confirmed,14,8.2,9.5,-6.7
STX,bollinger_squeeze,2023-06-13,59.73,false,fakeout,7,-3.1,3.5,-6.8
STX,bollinger_squeeze,2023-08-01,60.97,timeout_up,marginal,20,1.7,6.3,-2.8
STX,bollinger_squeeze,2023-08-31,66.08,false,fakeout,4,-5.8,5.3,-11.8
STX,bollinger_squeeze,2023-10-11,65.63,false,marginal,8,3.3,6.1,-7.8
STX,bollinger_squeeze,2023-11-01,67.21,true,confirmed,13,11.0,11.5,-1.3
STX,bollinger_squeeze,2024-02-27,86.29,true,confirmed,3,5.3,11.6,-7.2
STX,bollinger_squeeze,2024-06-11,97.49,timeout_up,marginal,20,5.1,6.2,0.0
STX,bollinger_squeeze,2024-07-10,103.05,false,fakeout,13,-13.7,6.4,-15.7
STX,bollinger_squeeze,2024-09-23,102.92,true,confirmed,16,6.2,8.9,-1.3
STX,bollinger_squeeze,2025-07-31,155.84,false,confirmed,3,9.8,10.3,-7.8
STX,bollinger_squeeze,2025-08-25,162.77,true,confirmed,7,39.1,41.4,-0.2
STX,bollinger_squeeze,2026-01-06,329.84,false,confirmed,1,26.7,39.0,-15.8
STX,bollinger_squeeze,2026-04-06,453.3,true,confirmed,2,62.9,65.2,-1.8
STX,ttm_squeeze,2021-07-29,75.17,true,confirmed,9,-2.8,8.3,-2.9
STX,ttm_squeeze,2021-12-22,96.51,false,fakeout,18,-13.4,6.7,-13.7
STX,ttm_squeeze,2023-11-02,67.75,true,confirmed,16,10.3,10.6,-2.1
STX,ttm_squeeze,2024-02-28,87.16,true,confirmed,3,4.1,10.5,-8.1
STX,ttm_squeeze,2025-08-26,164.0,true,confirmed,6,35.4,40.4,-0.8
STX,ttm_squeeze,2026-01-06,329.84,false,confirmed,1,26.7,39.0,-15.8
STX,volume_resistance,2021-05-14,84.46,true,confirmed,1,-3.4,8.4,-6.4
STX,volume_resistance,2021-11-11,91.48,true,confirmed,1,-1.3,11.1,-6.8
STX,volume_resistance,2023-01-18,53.59,true,confirmed,3,22.6,25.6,-2.8
STX,volume_resistance,2023-08-03,63.74,false,fakeout,9,3.7,3.9,-7.0
STX,volume_resistance,2023-08-31,66.08,false,fakeout,4,-5.8,5.3,-11.8
STX,volume_resistance,2023-11-30,74.63,true,confirmed,9,8.8,11.2,-2.8
STX,volume_resistance,2024-01-23,84.89,false,fakeout,20,-4.9,3.1,-5.9
STX,volume_resistance,2024-03-01,92.44,false,marginal,4,-4.8,4.2,-13.3
STX,volume_resistance,2024-07-24,105.76,false,fakeout,1,-4.6,-0.4,-17.8
STX,volume_resistance,2025-05-22,107.47,true,confirmed,3,22.2,23.0,-0.5
STX,volume_resistance,2025-07-31,155.84,false,confirmed,3,9.8,10.3,-7.8
STX,volume_resistance,2025-09-04,182.6,true,confirmed,5,38.9,44.4,-0.5
STX,volume_resistance,2025-10-01,255.72,false,marginal,3,3.4,4.7,-18.6
STX,volume_resistance,2025-11-05,274.57,true,confirmed,5,-3.7,8.0,-17.1
STX,volume_resistance,2026-01-26,357.67,true,confirmed,2,10.5,28.3,0.8
STX,volume_resistance,2026-04-28,579.03,true,confirmed,1,37.4,45.3,9.1
STX,high_52w_momentum,2023-09-01,68.8,false,fakeout,1,-9.2,0.5,-15.3
STX,high_52w_momentum,2023-11-14,70.39,true,confirmed,17,14.5,14.6,-0.7
STX,high_52w_momentum,2023-11-30,74.63,true,confirmed,9,8.8,11.2,-2.8
STX,high_52w_momentum,2023-12-21,81.15,false,marginal,7,4.6,4.7,-6.9
STX,high_52w_momentum,2024-01-22,82.87,timeout_down,marginal,20,-0.4,5.7,-2.3
STX,high_52w_momentum,2024-02-28,87.16,true,confirmed,3,4.1,10.5,-8.1
STX,high_52w_momentum,2024-05-15,94.69,false,marginal,4,6.1,6.6,-8.6
STX,high_52w_momentum,2024-06-10,95.46,true,confirmed,6,8.0,8.4,-1.0
STX,high_52w_momentum,2024-07-10,103.05,false,fakeout,13,-13.7,6.4,-15.7
STX,high_52w_momentum,2024-09-26,107.66,false,fakeout,7,-6.1,4.1,-7.6
STX,high_52w_momentum,2024-10-14,107.95,false,fakeout,7,-8.3,3.8,-11.2
STX,high_52w_momentum,2025-05-23,111.31,true,confirmed,6,20.9,22.0,0.4
STX,high_52w_momentum,2025-06-16,129.37,true,confirmed,7,12.9,16.7,-0.8
STX,high_52w_momentum,2025-07-02,150.8,false,fakeout,3,3.3,3.6,-9.0
STX,high_52w_momentum,2025-07-23,151.62,false,marginal,5,3.7,4.1,-9.5
STX,high_52w_momentum,2025-08-18,157.51,true,confirmed,8,33.0,35.6,-3.9
STX,high_52w_momentum,2025-09-03,175.0,true,confirmed,3,46.1,47.0,-0.3
STX,high_52w_momentum,2025-09-18,215.02,true,confirmed,7,4.7,22.6,-2.5
STX,high_52w_momentum,2025-10-29,264.46,false,confirmed,2,2.5,12.1,-13.9
STX,high_52w_momentum,2025-12-10,297.62,false,confirmed,2,2.0,11.4,-8.1
STX,high_52w_momentum,2026-01-06,329.84,false,confirmed,1,26.7,39.0,-15.8
STX,high_52w_momentum,2026-01-22,345.93,true,confirmed,3,18.6,32.7,-4.3
STX,high_52w_momentum,2026-04-09,500.77,true,confirmed,6,53.1,58.2,-1.2
STX,high_52w_momentum,2026-04-27,595.86,false,confirmed,1,33.5,41.2,-7.2
SNDK,donchian_20,2025-03-17,55.65,false,fakeout,4,-39.7,4.0,-49.9
SNDK,donchian_20,2025-05-12,41.27,false,marginal,5,0.8,6.1,-13.3
SNDK,donchian_20,2025-06-16,44.21,true,confirmed,3,-6.4,12.7,-8.8
SNDK,donchian_20,2025-08-12,46.83,false,confirmed,3,57.8,59.1,-8.6
SNDK,donchian_20,2025-08-28,50.87,true,confirmed,4,90.9,116.7,-1.6
SNDK,donchian_20,2025-09-15,90.09,true,confirmed,3,49.4,52.1,-0.6
SNDK,donchian_20,2025-10-01,121.12,true,confirmed,1,68.7,69.8,-4.5
SNDK,donchian_20,2025-10-23,167.05,true,confirmed,1,17.3,70.5,-1.5
SNDK,donchian_20,2025-11-07,239.48,true,confirmed,1,-5.9,18.9,-23.6
SNDK,donchian_20,2026-01-02,275.24,true,confirmed,2,141.7,145.9,-3.2
SNDK,donchian_20,2026-01-20,453.12,true,confirmed,1,32.5,60.0,-1.0
SNDK,donchian_20,2026-03-16,703.63,true,confirmed,2,34.2,37.1,-20.6
SNDK,donchian_20,2026-04-08,780.9,true,confirmed,1,80.6,84.4,3.1
SNDK,donchian_20,2026-04-24,989.9,true,confirmed,1,42.2,61.6,-1.0
SNDK,darvas_box,2025-08-28,50.87,true,confirmed,4,90.9,116.7,-1.6
SNDK,darvas_box,2025-10-15,144.3,false,confirmed,2,96.2,97.3,-5.6
SNDK,darvas_box,2026-01-06,349.63,false,confirmed,1,67.2,107.4,-11.1
SNDK,darvas_box,2026-03-18,753.69,false,confirmed,1,22.0,28.0,-25.9
SNDK,darvas_box,2026-04-08,780.9,true,confirmed,1,80.6,84.4,3.1
SNDK,bollinger_squeeze,2025-05-08,36.66,true,confirmed,2,6.8,19.5,-2.4
SNDK,bollinger_squeeze,2025-06-13,42.5,true,confirmed,3,0.5,17.2,-2.4
SNDK,bollinger_squeeze,2025-08-08,44.34,true,confirmed,3,59.0,60.1,-3.4
SNDK,bollinger_squeeze,2025-08-28,50.87,true,confirmed,4,90.9,116.7,-1.6
SNDK,bollinger_squeeze,2026-01-02,275.24,true,confirmed,2,141.7,145.9,-3.2
SNDK,bollinger_squeeze,2026-03-16,703.63,true,confirmed,2,34.2,37.1,-20.6
SNDK,bollinger_squeeze,2026-04-09,851.57,true,confirmed,2,57.4,69.1,-1.9
SNDK,ttm_squeeze,2025-03-18,56.42,false,fakeout,3,-41.1,2.1,-50.6
SNDK,ttm_squeeze,2025-06-13,42.5,true,confirmed,3,0.5,17.2,-2.4
SNDK,ttm_squeeze,2025-08-12,46.83,false,confirmed,3,57.8,59.1,-8.6
SNDK,ttm_squeeze,2025-12-23,244.9,true,confirmed,6,93.5,108.0,-3.9
SNDK,volume_resistance,2025-08-29,52.47,true,confirmed,3,116.3,117.3,-4.6
SNDK,volume_resistance,2025-09-17,93.97,true,confirmed,1,53.6,53.8,-0.5
SNDK,volume_resistance,2026-01-06,349.63,false,confirmed,1,67.2,107.4,-11.1
SNDK,volume_resistance,2026-01-22,503.44,false,confirmed,1,29.1,44.0,-9.8
SNDK,volume_resistance,2026-05-01,1187.0,true,confirmed,2,18.6,34.8,1.5
SNDK,high_52w_momentum,2026-03-16,703.63,true,confirmed,2,34.2,37.1,-20.6
SNDK,high_52w_momentum,2026-04-08,780.9,true,confirmed,1,80.6,84.4,3.1
SNDK,high_52w_momentum,2026-04-24,989.9,true,confirmed,1,42.2,61.6,-1.0
COHR,donchian_20,2021-06-08,71.0,false,marginal,7,1.6,6.0,-7.5
COHR,donchian_20,2021-07-06,74.08,false,fakeout,2,-9.6,1.6,-13.3
COHR,donchian_20,2021-10-28,61.18,true,confirmed,8,2.5,8.6,-1.6
COHR,donchian_20,2021-12-15,70.5,false,marginal,3,-0.3,6.1,-6.2
COHR,donchian_20,2022-01-03,71.53,false,fakeout,11,-11.0,4.6,-20.3
COHR,donchian_20,2022-02-15,71.63,false,fakeout,5,-5.3,3.3,-14.5
COHR,donchian_20,2022-03-24,72.39,false,fakeout,8,-14.2,3.7,-15.7
COHR,donchian_20,2022-08-16,54.6,false,fakeout,8,-22.4,7.0,-25.3
COHR,donchian_20,2022-11-11,38.74,true,confirmed,2,-8.6,8.8,-12.3
COHR,donchian_20,2023-01-12,40.59,true,confirmed,3,4.4,15.8,-1.9
COHR,donchian_20,2023-02-02,46.26,false,fakeout,2,-4.8,-0.4,-13.4
COHR,donchian_20,2023-05-26,36.93,true,confirmed,1,30.3,63.7,-1.1
COHR,donchian_20,2023-06-13,42.82,true,confirmed,1,22.2,41.2,4.8
COHR,donchian_20,2023-11-14,35.43,true,confirmed,13,19.2,19.7,-1.4
COHR,donchian_20,2023-12-01,38.22,true,confirmed,5,10.2,19.8,-1.9
COHR,donchian_20,2023-12-26,45.43,false,confirmed,4,5.1,9.1,-11.7
COHR,donchian_20,2024-01-19,46.17,true,confirmed,7,29.3,37.8,0.1
COHR,donchian_20,2024-02-06,58.0,true,confirmed,1,11.6,17.1,-4.9
COHR,donchian_20,2024-03-04,66.89,false,fakeout,3,-11.9,1.6,-16.7
COHR,donchian_20,2024-06-03,70.1,false,marginal,1,3.9,7.3,-8.6
COHR,donchian_20,2024-07-08,76.55,false,fakeout,8,-26.5,5.7,-31.9
COHR,donchian_20,2024-08-16,76.63,false,marginal,11,-1.8,5.4,-10.7
COHR,donchian_20,2024-09-18,80.98,true,confirmed,1,24.8,31.5,3.0
COHR,donchian_20,2024-10-04,95.33,true,confirmed,5,-3.2,11.7,-4.7
COHR,donchian_20,2024-11-07,109.45,false,fakeout,2,1.6,3.8,-16.1
COHR,donchian_20,2024-12-04,112.02,false,fakeout,3,-5.2,0.8,-17.5
COHR,donchian_20,2025-05-02,71.64,false,confirmed,2,7.2,16.6,-6.9
COHR,donchian_20,2025-06-25,85.63,true,confirmed,9,15.3,18.3,-1.4
COHR,donchian_20,2025-07-14,94.52,true,confirmed,10,20.2,24.8,-0.6
COHR,donchian_20,2025-07-29,106.98,false,confirmed,3,-14.4,15.2,-21.2
COHR,donchian_20,2025-09-19,109.11,false,confirmed,4,6.6,12.7,-6.4
COHR,donchian_20,2025-10-09,122.35,false,confirmed,1,30.2,32.8,-11.6
COHR,donchian_20,2025-10-24,129.34,true,confirmed,3,7.9,30.3,-4.3
COHR,donchian_20,2025-11-10,166.72,false,confirmed,1,15.6,17.0,-21.8
COHR,donchian_20,2025-12-04,177.35,true,confirmed,3,5.1,12.9,-4.1
COHR,donchian_20,2026-01-27,214.0,true,confirmed,3,25.2,29.2,-18.1
COHR,donchian_20,2026-02-20,248.18,true,confirmed,3,2.2,21.0,-7.3
COHR,donchian_20,2026-04-08,281.79,true,confirmed,2,22.3,29.5,-2.2
COHR,donchian_20,2026-05-11,379.69,false,confirmed,1,0.7,8.8,-8.1
COHR,darvas_box,2021-12-08,67.02,true,confirmed,17,7.0,11.7,-4.9
COHR,darvas_box,2022-01-03,71.53,false,fakeout,11,-11.0,4.6,-20.3
COHR,darvas_box,2023-06-14,48.91,true,confirmed,1,3.2,23.6,-8.3
COHR,darvas_box,2023-12-26,45.43,false,confirmed,4,5.1,9.1,-11.7
COHR,darvas_box,2024-01-19,46.17,true,confirmed,7,29.3,37.8,0.1
COHR,darvas_box,2024-02-06,58.0,true,confirmed,1,11.6,17.1,-4.9
COHR,darvas_box,2024-03-04,66.89,false,fakeout,3,-11.9,1.6,-16.7
COHR,darvas_box,2024-06-03,70.1,false,marginal,1,3.9,7.3,-8.6
COHR,darvas_box,2024-07-08,76.55,false,fakeout,8,-26.5,5.7,-31.9
COHR,darvas_box,2024-09-18,80.98,true,confirmed,1,24.8,31.5,3.0
COHR,darvas_box,2024-10-04,95.33,true,confirmed,5,-3.2,11.7,-4.7
COHR,darvas_box,2024-11-07,109.45,false,fakeout,2,1.6,3.8,-16.1
COHR,darvas_box,2024-12-04,112.02,false,fakeout,3,-5.2,0.8,-17.5
COHR,darvas_box,2025-06-25,85.63,true,confirmed,9,15.3,18.3,-1.4
COHR,darvas_box,2025-07-28,104.3,false,confirmed,4,-13.2,18.2,-19.1
COHR,darvas_box,2025-10-24,129.34,true,confirmed,3,7.9,30.3,-4.3
COHR,darvas_box,2025-12-03,170.96,true,confirmed,1,13.7,17.1,-0.9
COHR,darvas_box,2026-01-21,201.46,false,confirmed,2,15.4,22.7,-13.0
COHR,darvas_box,2026-02-20,248.18,true,confirmed,3,2.2,21.0,-7.3
COHR,darvas_box,2026-04-10,307.5,true,confirmed,5,9.0,18.6,-5.4
COHR,darvas_box,2026-05-11,379.69,false,confirmed,1,0.7,8.8,-8.1
COHR,bollinger_squeeze,2021-11-01,63.23,timeout_down,marginal,20,-1.1,5.1,-2.9
COHR,bollinger_squeeze,2021-12-15,70.5,false,marginal,3,-0.3,6.1,-6.2
COHR,bollinger_squeeze,2022-08-16,54.6,false,fakeout,8,-22.4,7.0,-25.3
COHR,bollinger_squeeze,2022-11-11,38.74,true,confirmed,2,-8.6,8.8,-12.3
COHR,bollinger_squeeze,2023-10-11,34.79,false,fakeout,2,-0.4,0.9,-17.7
COHR,bollinger_squeeze,2023-12-04,39.2,true,confirmed,7,4.2,16.8,-4.0
COHR,bollinger_squeeze,2024-02-06,58.0,true,confirmed,1,11.6,17.1,-4.9
COHR,bollinger_squeeze,2024-03-04,66.89,false,fakeout,3,-11.9,1.6,-16.7
COHR,bollinger_squeeze,2024-06-03,70.1,false,marginal,1,3.9,7.3,-8.6
COHR,bollinger_squeeze,2024-07-12,78.4,false,fakeout,4,-19.2,3.2,-33.5
COHR,bollinger_squeeze,2024-09-19,86.06,true,confirmed,5,18.6,23.8,-1.3
COHR,bollinger_squeeze,2024-11-07,109.45,false,fakeout,2,1.6,3.8,-16.1
COHR,bollinger_squeeze,2025-01-22,107.96,false,fakeout,2,-20.1,0.8,-30.0
COHR,bollinger_squeeze,2025-06-25,85.63,true,confirmed,9,15.3,18.3,-1.4
COHR,bollinger_squeeze,2025-10-09,122.35,false,confirmed,1,30.2,32.8,-11.6
COHR,bollinger_squeeze,2025-10-24,129.34,true,confirmed,3,7.9,30.3,-4.3
COHR,bollinger_squeeze,2026-01-27,214.0,true,confirmed,3,25.2,29.2,-18.1
COHR,bollinger_squeeze,2026-02-20,248.18,true,confirmed,3,2.2,21.0,-7.3
COHR,bollinger_squeeze,2026-04-08,281.79,true,confirmed,2,22.3,29.5,-2.2
COHR,bollinger_squeeze,2026-05-11,379.69,false,confirmed,1,0.7,8.8,-8.1
COHR,ttm_squeeze,2021-06-24,71.31,false,marginal,16,0.1,5.5,-5.9
COHR,ttm_squeeze,2022-08-18,56.83,false,fakeout,5,-26.5,2.8,-28.2
COHR,ttm_squeeze,2024-05-24,59.67,false,confirmed,4,20.0,26.1,-7.5
COHR,ttm_squeeze,2025-06-26,89.88,false,confirmed,3,11.4,12.8,-6.0
COHR,ttm_squeeze,2025-10-21,120.79,false,confirmed,1,14.4,39.6,-6.5
COHR,ttm_squeeze,2026-01-13,190.03,true,confirmed,2,17.7,30.1,-7.8
COHR,ttm_squeeze,2026-02-25,267.9,false,confirmed,1,1.5,12.1,-14.1
COHR,ttm_squeeze,2026-04-09,284.17,true,confirmed,1,12.3,28.4,-3.0
COHR,volume_resistance,2021-12-15,70.5,false,marginal,3,-0.3,6.1,-6.2
COHR,volume_resistance,2022-01-04,74.49,false,fakeout,3,-13.9,0.5,-23.5
COHR,volume_resistance,2023-02-08,42.7,false,fakeout,15,-6.3,7.9,-6.5
COHR,volume_resistance,2023-06-13,42.82,true,confirmed,1,22.2,41.2,4.8
COHR,volume_resistance,2023-12-13,42.24,true,confirmed,8,-1.2,8.4,-5.0
COHR,volume_resistance,2024-01-19,46.17,true,confirmed,7,29.3,37.8,0.1
COHR,volume_resistance,2024-02-05,49.42,true,confirmed,1,33.4,37.5,11.3
COHR,volume_resistance,2024-06-03,70.1,false,marginal,1,3.9,7.3,-8.6
COHR,volume_resistance,2024-09-19,86.06,true,confirmed,5,18.6,23.8,-1.3
COHR,volume_resistance,2024-10-18,98.23,false,confirmed,9,-3.2,13.7,-7.6
COHR,volume_resistance,2024-11-07,109.45,false,fakeout,2,1.6,3.8,-16.1
COHR,volume_resistance,2025-05-13,78.9,false,marginal,12,3.3,5.9,-6.6
COHR,volume_resistance,2025-06-25,85.63,true,confirmed,9,15.3,18.3,-1.4
COHR,volume_resistance,2025-07-29,106.98,false,confirmed,3,-14.4,15.2,-21.2
COHR,volume_resistance,2025-08-13,114.01,false,fakeout,1,-9.2,-6.3,-26.0
COHR,volume_resistance,2025-10-24,129.34,true,confirmed,3,7.9,30.3,-4.3
COHR,volume_resistance,2025-11-10,166.72,false,confirmed,1,15.6,17.0,-21.8
COHR,volume_resistance,2025-12-12,178.34,true,confirmed,6,6.6,12.2,-6.1
COHR,volume_resistance,2026-01-21,201.46,false,confirmed,2,15.4,22.7,-13.0
COHR,volume_resistance,2026-02-05,209.24,true,confirmed,1,12.7,43.5,-2.2
COHR,volume_resistance,2026-02-27,258.93,true,confirmed,1,-6.0,15.9,-11.1
COHR,volume_resistance,2026-05-06,344.67,false,confirmed,1,11.0,19.8,-10.6
COHR,high_52w_momentum,2024-02-06,58.0,true,confirmed,1,11.6,17.1,-4.9
COHR,high_52w_momentum,2024-03-01,63.47,false,fakeout,9,-5.5,7.0,-12.2
COHR,high_52w_momentum,2024-06-03,70.1,false,marginal,1,3.9,7.3,-8.6
COHR,high_52w_momentum,2024-07-05,74.56,true,confirmed,7,-21.0,8.5,-21.9
COHR,high_52w_momentum,2024-09-18,80.98,true,confirmed,1,24.8,31.5,3.0
COHR,high_52w_momentum,2024-10-03,94.27,true,confirmed,6,-1.9,13.0,-3.7
COHR,high_52w_momentum,2024-11-07,109.45,false,fakeout,2,1.6,3.8,-16.1
COHR,high_52w_momentum,2024-12-04,112.02,false,fakeout,3,-5.2,0.8,-17.5
COHR,high_52w_momentum,2025-08-07,113.82,true,confirmed,4,-14.0,8.3,-25.9
COHR,high_52w_momentum,2025-10-08,116.67,false,confirmed,4,15.4,21.2,-7.3
COHR,high_52w_momentum,2025-10-24,129.34,true,confirmed,3,7.9,30.3,-4.3
COHR,high_52w_momentum,2025-11-10,166.72,false,confirmed,1,15.6,17.0,-21.8
COHR,high_52w_momentum,2025-12-03,170.96,true,confirmed,1,13.7,17.1,-0.9
COHR,high_52w_momentum,2026-01-21,201.46,false,confirmed,2,15.4,22.7,-13.0
COHR,high_52w_momentum,2026-02-09,242.46,false,confirmed,1,7.5,23.8,-15.6
COHR,high_52w_momentum,2026-02-25,267.9,false,confirmed,1,1.5,12.1,-14.1
COHR,high_52w_momentum,2026-04-10,307.5,true,confirmed,5,9.0,18.6,-5.4
COHR,high_52w_momentum,2026-05-11,379.69,false,confirmed,1,0.7,8.8,-8.1
LITE,donchian_20,2021-06-24,82.98,timeout_down,fakeout,20,-0.0,2.4,-4.6
LITE,donchian_20,2021-08-23,86.21,timeout_down,fakeout,20,-2.3,4.0,-3.1
LITE,donchian_20,2021-11-04,88.34,timeout_down,marginal,20,-2.8,6.3,-4.7
LITE,donchian_20,2021-12-08,93.41,true,confirmed,2,12.1,16.6,0.4
LITE,donchian_20,2021-12-27,106.99,false,fakeout,16,-10.8,1.8,-12.1
LITE,donchian_20,2022-07-20,85.48,true,confirmed,10,4.5,12.8,-2.7
LITE,donchian_20,2022-08-15,96.19,false,fakeout,1,-17.4,-2.0,-19.1
LITE,donchian_20,2022-11-01,75.42,false,fakeout,2,-27.2,0.2,-30.9
LITE,donchian_20,2023-01-13,57.58,true,confirmed,13,2.6,10.2,-0.9
LITE,donchian_20,2023-02-02,62.36,false,fakeout,5,-13.6,0.0,-17.3
LITE,donchian_20,2023-05-26,53.63,false,confirmed,6,8.0,21.5,-8.3
LITE,donchian_20,2023-06-14,56.43,true,confirmed,3,-8.0,15.5,-9.3
LITE,donchian_20,2023-12-13,46.46,true,confirmed,4,9.1,17.5,1.4
LITE,donchian_20,2024-01-25,55.92,true,confirmed,8,-12.2,9.1,-18.8
LITE,donchian_20,2024-06-17,50.0,false,confirmed,5,14.8,20.8,-5.6
LITE,donchian_20,2024-07-03,54.24,true,confirmed,6,-11.5,11.4,-12.1
LITE,donchian_20,2024-08-20,56.09,false,marginal,9,3.9,6.8,-10.3
LITE,donchian_20,2024-09-19,61.14,true,confirmed,10,13.9,16.2,-2.3
LITE,donchian_20,2024-10-04,68.8,false,fakeout,11,-5.0,3.3,-9.3
LITE,donchian_20,2024-11-06,71.97,true,confirmed,2,28.7,33.3,0.1
LITE,donchian_20,2024-12-04,94.9,false,fakeout,3,-5.8,1.4,-14.2
LITE,donchian_20,2025-01-17,94.41,true,confirmed,2,-15.0,10.2,-24.7
LITE,donchian_20,2025-05-07,66.24,true,confirmed,3,23.2,28.3,-3.4
LITE,donchian_20,2025-06-04,80.28,true,confirmed,8,15.5,20.4,0.1
LITE,donchian_20,2025-06-24,91.81,true,confirmed,15,11.2,14.9,-3.7
LITE,donchian_20,2025-07-15,98.14,true,confirmed,9,21.9,22.6,-3.0
LITE,donchian_20,2025-08-08,116.27,true,confirmed,3,28.5,31.0,-4.4
LITE,donchian_20,2025-08-28,135.55,false,confirmed,2,18.6,27.9,-7.8
LITE,donchian_20,2025-09-15,168.77,false,marginal,7,-4.9,5.8,-14.4
LITE,donchian_20,2025-10-24,179.3,true,confirmed,1,42.5,57.6,2.7
LITE,donchian_20,2025-11-10,259.89,false,confirmed,3,38.6,39.5,-17.1
LITE,donchian_20,2025-11-26,308.28,false,confirmed,4,26.8,30.3,-6.4
LITE,donchian_20,2025-12-22,389.88,false,fakeout,4,-9.1,3.3,-18.6
LITE,donchian_20,2026-02-04,465.54,false,confirmed,1,39.8,68.4,-8.7
LITE,donchian_20,2026-02-20,667.77,true,confirmed,3,5.8,17.9,-17.9
LITE,donchian_20,2026-03-24,801.99,false,confirmed,2,8.9,19.7,-19.9
LITE,donchian_20,2026-05-11,1053.09,false,fakeout,1,-7.8,3.1,-12.4
LITE,darvas_box,2021-08-23,86.21,timeout_down,fakeout,20,-2.3,4.0,-3.1
LITE,darvas_box,2021-11-05,93.34,false,fakeout,7,-6.7,0.6,-9.8
LITE,darvas_box,2021-12-09,96.97,true,confirmed,5,8.6,12.3,-0.2
LITE,darvas_box,2021-12-27,106.99,false,fakeout,16,-10.8,1.8,-12.1
LITE,darvas_box,2023-06-14,56.43,true,confirmed,3,-8.0,15.5,-9.3
LITE,darvas_box,2024-01-24,54.61,true,confirmed,9,-8.2,11.7,-16.9
LITE,darvas_box,2024-09-19,61.14,true,confirmed,10,13.9,16.2,-2.3
LITE,darvas_box,2024-10-14,69.23,false,confirmed,5,25.3,29.6,-9.9
LITE,darvas_box,2024-11-06,71.97,true,confirmed,2,28.7,33.3,0.1
LITE,darvas_box,2024-12-04,94.9,false,fakeout,3,-5.8,1.4,-14.2
LITE,darvas_box,2025-01-21,97.45,false,fakeout,4,-20.7,6.7,-27.1
LITE,darvas_box,2025-06-12,85.5,true,confirmed,7,7.9,13.1,-4.2
LITE,darvas_box,2025-07-15,98.14,true,confirmed,9,21.9,22.6,-3.0
LITE,darvas_box,2025-08-08,116.27,true,confirmed,3,28.5,31.0,-4.4
LITE,darvas_box,2025-08-28,135.55,false,confirmed,2,18.6,27.9,-7.8
LITE,darvas_box,2025-10-24,179.3,true,confirmed,1,42.5,57.6,2.7
LITE,darvas_box,2025-11-24,299.36,false,confirmed,1,29.4,30.7,-6.8
LITE,darvas_box,2025-12-22,389.88,false,fakeout,4,-9.1,3.3,-18.6
LITE,darvas_box,2026-02-02,423.42,true,confirmed,1,64.0,85.1,0.3
LITE,darvas_box,2026-03-24,801.99,false,confirmed,2,8.9,19.7,-19.9
LITE,darvas_box,2026-05-04,976.18,false,confirmed,2,-0.6,11.2,-12.5
LITE,bollinger_squeeze,2021-06-24,82.98,timeout_down,fakeout,20,-0.0,2.4,-4.6
LITE,bollinger_squeeze,2021-08-23,86.21,timeout_down,fakeout,20,-2.3,4.0,-3.1
LITE,bollinger_squeeze,2021-11-05,93.34,false,fakeout,7,-6.7,0.6,-9.8
LITE,bollinger_squeeze,2022-07-19,83.59,true,confirmed,8,7.2,15.4,-0.5
LITE,bollinger_squeeze,2023-05-26,53.63,false,confirmed,6,8.0,21.5,-8.3
LITE,bollinger_squeeze,2023-12-13,46.46,true,confirmed,4,9.1,17.5,1.4
LITE,bollinger_squeeze,2024-01-25,55.92,true,confirmed,8,-12.2,9.1,-18.8
LITE,bollinger_squeeze,2024-05-15,45.72,false,marginal,9,4.0,5.8,-7.7
LITE,bollinger_squeeze,2024-06-17,50.0,false,confirmed,5,14.8,20.8,-5.6
LITE,bollinger_squeeze,2024-09-19,61.14,true,confirmed,10,13.9,16.2,-2.3
LITE,bollinger_squeeze,2024-11-06,71.97,true,confirmed,2,28.7,33.3,0.1
LITE,bollinger_squeeze,2025-01-17,94.41,true,confirmed,2,-15.0,10.2,-24.7
LITE,bollinger_squeeze,2025-06-12,85.5,true,confirmed,7,7.9,13.1,-4.2
LITE,bollinger_squeeze,2025-07-15,98.14,true,confirmed,9,21.9,22.6,-3.0
LITE,bollinger_squeeze,2025-08-12,119.66,true,confirmed,1,37.8,40.4,-7.1
LITE,bollinger_squeeze,2025-08-28,135.55,false,confirmed,2,18.6,27.9,-7.8
LITE,bollinger_squeeze,2025-10-24,179.3,true,confirmed,1,42.5,57.6,2.7
LITE,bollinger_squeeze,2026-02-02,423.42,true,confirmed,1,64.0,85.1,0.3
LITE,bollinger_squeeze,2026-05-01,949.93,false,confirmed,3,2.2,14.3,-10.0
LITE,ttm_squeeze,2021-07-02,83.47,false,fakeout,10,0.0,2.9,-5.1
LITE,ttm_squeeze,2023-12-13,46.46,true,confirmed,4,9.1,17.5,1.4
LITE,ttm_squeeze,2025-01-17,94.41,true,confirmed,2,-15.0,10.2,-24.7
LITE,ttm_squeeze,2025-10-27,193.8,true,confirmed,2,54.5,54.8,-5.0
LITE,ttm_squeeze,2026-02-02,423.42,true,confirmed,1,64.0,85.1,0.3
LITE,ttm_squeeze,2026-05-05,994.56,false,confirmed,1,-2.4,9.2,-14.1
LITE,volume_resistance,2021-11-05,93.34,false,fakeout,7,-6.7,0.6,-9.8
LITE,volume_resistance,2021-12-09,96.97,true,confirmed,5,8.6,12.3,-0.2
LITE,volume_resistance,2022-01-11,107.61,false,fakeout,5,-9.1,1.1,-20.8
LITE,volume_resistance,2022-08-15,96.19,false,fakeout,1,-17.4,-2.0,-19.1
LITE,volume_resistance,2023-05-30,54.86,false,confirmed,4,2.6,18.8,-10.3
LITE,volume_resistance,2023-06-14,56.43,true,confirmed,3,-8.0,15.5,-9.3
LITE,volume_resistance,2023-12-14,49.86,true,confirmed,6,5.6,9.5,-2.0
LITE,volume_resistance,2024-01-25,55.92,true,confirmed,8,-12.2,9.1,-18.8
LITE,volume_resistance,2024-07-02,53.94,true,confirmed,7,-4.0,12.0,-10.0
LITE,volume_resistance,2024-07-18,55.5,false,fakeout,4,-5.8,0.6,-31.0
LITE,volume_resistance,2024-09-19,61.14,true,confirmed,10,13.9,16.2,-2.3
LITE,volume_resistance,2024-11-06,71.97,true,confirmed,2,28.7,33.3,0.1
LITE,volume_resistance,2024-11-21,85.61,true,confirmed,8,-0.6,12.4,-4.9
LITE,volume_resistance,2024-12-18,82.9,true,confirmed,10,17.6,17.9,-3.5
LITE,volume_resistance,2025-01-22,100.38,false,fakeout,3,-23.9,0.3,-29.2
LITE,volume_resistance,2025-05-14,78.29,false,confirmed,7,9.2,10.4,-9.3
LITE,volume_resistance,2025-06-04,80.28,true,confirmed,8,15.5,20.4,0.1
LITE,volume_resistance,2025-08-28,135.55,false,confirmed,2,18.6,27.9,-7.8
LITE,volume_resistance,2025-10-27,193.8,true,confirmed,2,54.5,54.8,-5.0
LITE,volume_resistance,2026-01-05,357.05,false,confirmed,1,21.9,30.0,-11.1
LITE,volume_resistance,2026-02-03,435.1,true,confirmed,1,56.5,80.1,-2.3
LITE,volume_resistance,2026-02-27,700.91,true,confirmed,1,0.3,15.4,-21.8
LITE,volume_resistance,2026-05-11,1053.09,false,fakeout,1,-7.8,3.1,-12.4
LITE,high_52w_momentum,2024-07-12,59.24,false,fakeout,4,-27.0,0.7,-35.4
LITE,high_52w_momentum,2024-09-19,61.14,true,confirmed,10,13.9,16.2,-2.3
LITE,high_52w_momentum,2024-10-04,68.8,false,fakeout,11,-5.0,3.3,-9.3
LITE,high_52w_momentum,2024-11-06,71.97,true,confirmed,2,28.7,33.3,0.1
LITE,high_52w_momentum,2024-11-22,89.09,false,confirmed,3,-6.6,8.0,-8.6
LITE,high_52w_momentum,2025-01-21,97.45,false,fakeout,4,-20.7,6.7,-27.1
LITE,high_52w_momentum,2025-07-17,102.64,true,confirmed,8,11.7,26.6,-5.0
LITE,high_52w_momentum,2025-08-04,111.13,true,confirmed,6,19.3,23.4,-4.5
LITE,high_52w_momentum,2025-08-25,123.42,true,confirmed,3,32.9,40.5,0.1
LITE,high_52w_momentum,2025-09-10,164.88,false,confirmed,10,-1.1,8.3,-12.3
LITE,high_52w_momentum,2025-10-24,179.3,true,confirmed,1,42.5,57.6,2.7
LITE,high_52w_momentum,2025-11-10,259.89,false,confirmed,3,38.6,39.5,-17.1
LITE,high_52w_momentum,2025-11-26,308.28,false,confirmed,4,26.8,30.3,-6.4
LITE,high_52w_momentum,2025-12-22,389.88,false,fakeout,4,-9.1,3.3,-18.6
LITE,high_52w_momentum,2026-02-02,423.42,true,confirmed,1,64.0,85.1,0.3
LITE,high_52w_momentum,2026-02-19,635.64,true,confirmed,2,21.5,23.3,-13.7
LITE,high_52w_momentum,2026-03-24,801.99,false,confirmed,2,8.9,19.7,-19.9
LITE,high_52w_momentum,2026-04-10,897.3,false,confirmed,1,0.7,13.8,-13.0
LITE,high_52w_momentum,2026-04-30,902.32,true,confirmed,1,7.6,20.3,-5.3
FN,donchian_20,2021-06-01,90.32,timeout_up,marginal,20,7.0,7.4,-0.8
FN,donchian_20,2021-06-29,96.67,false,fakeout,5,-4.8,-0.1,-8.7
FN,donchian_20,2021-08-17,96.46,true,confirmed,4,10.8,11.7,-0.4
FN,donchian_20,2021-09-27,108.81,false,fakeout,2,-10.8,0.0,-12.6
FN,donchian_20,2021-11-02,111.21,true,confirmed,3,2.8,10.2,-3.0
FN,donchian_20,2021-12-15,119.87,false,marginal,2,-1.6,5.3,-6.5
FN,donchian_20,2022-01-04,123.17,false,fakeout,2,-17.6,2.5,-19.0
FN,donchian_20,2022-03-18,105.09,false,fakeout,15,-8.1,3.1,-9.7
FN,donchian_20,2022-07-19,86.22,true,confirmed,7,34.2,36.7,-0.8
FN,donchian_20,2022-08-04,97.77,true,confirmed,8,1.3,21.6,-4.6
FN,donchian_20,2022-10-05,105.06,false,confirmed,5,7.7,12.4,-8.1
FN,donchian_20,2022-10-24,108.05,true,confirmed,7,18.6,20.3,-0.6
FN,donchian_20,2022-11-08,121.92,true,confirmed,15,4.9,10.2,-5.0
FN,donchian_20,2022-11-30,133.41,false,fakeout,11,-3.3,2.0,-8.0
FN,donchian_20,2023-01-12,136.26,false,fakeout,10,-9.9,2.9,-11.9
FN,donchian_20,2023-05-22,97.53,true,confirmed,3,31.3,37.1,-1.6
FN,donchian_20,2023-06-12,126.64,timeout_up,marginal,20,4.5,5.9,-2.4
FN,donchian_20,2023-07-13,134.9,false,fakeout,5,-9.8,-0.3,-11.7
FN,donchian_20,2023-08-22,153.66,timeout_up,marginal,20,0.1,6.7,-4.6
FN,donchian_20,2023-09-28,167.9,true,confirmed,6,-8.7,9.4,-9.7
FN,donchian_20,2023-12-14,186.91,timeout_up,marginal,20,0.7,7.0,-3.0
FN,donchian_20,2024-01-19,201.96,true,confirmed,7,-2.6,13.4,-17.5
FN,donchian_20,2024-05-07,209.31,true,confirmed,5,16.0,19.6,-3.3
FN,donchian_20,2024-05-23,242.39,false,marginal,7,-1.9,6.0,-5.6
FN,donchian_20,2024-06-18,254.33,false,fakeout,2,-6.7,4.7,-7.8
FN,donchian_20,2024-07-16,265.5,false,fakeout,1,-18.0,-0.3,-30.9
FN,donchian_20,2024-08-20,268.0,false,fakeout,4,-14.5,2.4,-25.0
FN,donchian_20,2024-10-04,242.85,true,confirmed,5,-0.1,11.2,-3.6
FN,donchian_20,2024-11-08,271.08,false,fakeout,3,-12.0,2.3,-22.4
FN,donchian_20,2025-01-21,252.1,true,confirmed,1,-5.2,11.8,-27.3
FN,donchian_20,2025-05-02,218.26,false,confirmed,2,6.9,10.4,-11.3
FN,donchian_20,2025-05-27,234.71,true,confirmed,12,21.8,23.0,-4.3
FN,donchian_20,2025-06-12,256.97,true,confirmed,7,15.4,16.9,-5.0
FN,donchian_20,2025-07-15,301.47,true,confirmed,10,15.5,15.8,-3.0
FN,donchian_20,2025-08-07,335.11,false,confirmed,5,10.4,12.7,-18.7
FN,donchian_20,2025-09-04,362.16,true,confirmed,13,2.0,9.7,-3.9
FN,donchian_20,2025-09-19,383.13,false,confirmed,4,7.0,12.8,-7.5
FN,donchian_20,2025-10-15,398.34,true,confirmed,1,12.3,25.0,-3.1
FN,donchian_20,2025-11-04,459.6,false,marginal,3,-2.7,7.7,-19.3
FN,donchian_20,2025-12-08,491.03,true,confirmed,3,-4.2,8.2,-13.6
FN,donchian_20,2026-02-20,546.13,true,confirmed,2,-7.3,15.9,-13.6
FN,donchian_20,2026-04-10,662.13,true,confirmed,7,-6.2,11.0,-8.2
FN,donchian_20,2026-05-14,746.47,false,fakeout,1,-3.3,-1.0,-7.3
FN,darvas_box,2021-08-18,98.77,true,confirmed,15,8.0,9.1,-1.8
FN,darvas_box,2021-09-13,106.21,false,fakeout,17,-4.3,3.2,-6.0
FN,darvas_box,2021-11-02,111.21,true,confirmed,3,2.8,10.2,-3.0
FN,darvas_box,2022-01-04,123.17,false,fakeout,2,-17.6,2.5,-19.0
FN,darvas_box,2022-11-08,121.92,true,confirmed,15,4.9,10.2,-5.0
FN,darvas_box,2023-01-12,136.26,false,fakeout,10,-9.9,2.9,-11.9
FN,darvas_box,2023-07-13,134.9,false,fakeout,5,-9.8,-0.3,-11.7
FN,darvas_box,2023-08-22,153.66,timeout_up,marginal,20,0.1,6.7,-4.6
FN,darvas_box,2023-09-28,167.9,true,confirmed,6,-8.7,9.4,-9.7
FN,darvas_box,2023-12-14,186.91,timeout_up,marginal,20,0.7,7.0,-3.0
FN,darvas_box,2024-01-19,201.96,true,confirmed,7,-2.6,13.4,-17.5
FN,darvas_box,2024-05-14,232.39,timeout_up,marginal,20,2.3,7.7,-2.8
FN,darvas_box,2024-06-18,254.33,false,fakeout,2,-6.7,4.7,-7.8
FN,darvas_box,2024-07-16,265.5,false,fakeout,1,-18.0,-0.3,-30.9
FN,darvas_box,2024-08-20,268.0,false,fakeout,4,-14.5,2.4,-25.0
FN,darvas_box,2025-06-12,256.97,true,confirmed,7,15.4,16.9,-5.0
FN,darvas_box,2025-07-15,301.47,true,confirmed,10,15.5,15.8,-3.0
FN,darvas_box,2025-09-04,362.16,true,confirmed,13,2.0,9.7,-3.9
FN,darvas_box,2025-09-19,383.13,false,confirmed,4,7.0,12.8,-7.5
FN,darvas_box,2025-10-15,398.34,true,confirmed,1,12.3,25.0,-3.1
FN,darvas_box,2025-12-09,498.45,false,fakeout,3,-11.1,6.6,-14.8
FN,darvas_box,2026-02-20,546.13,true,confirmed,2,-7.3,15.9,-13.6
FN,darvas_box,2026-04-10,662.13,true,confirmed,7,-6.2,11.0,-8.2
FN,darvas_box,2026-05-14,746.47,false,fakeout,1,-3.3,-1.0,-7.3
FN,bollinger_squeeze,2021-08-17,96.46,true,confirmed,4,10.8,11.7,-0.4
FN,bollinger_squeeze,2021-09-27,108.81,false,fakeout,2,-10.8,0.0,-12.6
FN,bollinger_squeeze,2021-12-27,122.03,false,fakeout,8,-11.8,3.5,-12.0
FN,bollinger_squeeze,2022-03-18,105.09,false,fakeout,15,-8.1,3.1,-9.7
FN,bollinger_squeeze,2022-07-19,86.22,true,confirmed,7,34.2,36.7,-0.8
FN,bollinger_squeeze,2023-01-11,134.68,false,fakeout,11,-9.5,4.1,-10.8
FN,bollinger_squeeze,2023-05-22,97.53,true,confirmed,3,31.3,37.1,-1.6
FN,bollinger_squeeze,2023-07-13,134.9,false,fakeout,5,-9.8,-0.3,-11.7
FN,bollinger_squeeze,2023-08-22,153.66,timeout_up,marginal,20,0.1,6.7,-4.6
FN,bollinger_squeeze,2023-09-28,167.9,true,confirmed,6,-8.7,9.4,-9.7
FN,bollinger_squeeze,2023-12-13,176.17,true,confirmed,3,7.2,13.5,2.0
FN,bollinger_squeeze,2024-01-19,201.96,true,confirmed,7,-2.6,13.4,-17.5
FN,bollinger_squeeze,2024-06-18,254.33,false,fakeout,2,-6.7,4.7,-7.8
FN,bollinger_squeeze,2024-07-15,255.67,false,fakeout,3,-18.9,4.2,-28.2
FN,bollinger_squeeze,2024-10-09,253.05,false,marginal,7,-2.5,6.7,-17.7
FN,bollinger_squeeze,2025-01-17,241.89,true,confirmed,2,-0.4,16.5,-24.2
FN,bollinger_squeeze,2025-06-11,243.2,true,confirmed,5,19.8,23.5,-0.3
FN,bollinger_squeeze,2025-08-08,343.99,false,confirmed,4,7.8,9.9,-20.8
FN,bollinger_squeeze,2025-10-15,398.34,true,confirmed,1,12.3,25.0,-3.1
FN,ttm_squeeze,2021-08-18,98.77,true,confirmed,15,8.0,9.1,-1.8
FN,ttm_squeeze,2021-12-23,118.02,false,marginal,17,-2.6,7.0,-8.0
FN,ttm_squeeze,2023-01-12,136.26,false,fakeout,10,-9.9,2.9,-11.9
FN,ttm_squeeze,2024-07-16,265.5,false,fakeout,1,-18.0,-0.3,-30.9
FN,ttm_squeeze,2025-04-24,199.0,true,confirmed,5,14.7,17.5,-2.7
FN,ttm_squeeze,2025-06-11,243.2,true,confirmed,5,19.8,23.5,-0.3
FN,ttm_squeeze,2025-10-16,412.46,false,confirmed,4,-2.4,20.7,-6.4
FN,ttm_squeeze,2026-02-20,546.13,true,confirmed,2,-7.3,15.9,-13.6
FN,volume_resistance,2021-08-18,98.77,true,confirmed,15,8.0,9.1,-1.8
FN,volume_resistance,2021-09-17,105.36,false,fakeout,13,-6.8,4.0,-6.8
FN,volume_resistance,2021-10-06,100.35,false,confirmed,13,14.8,15.5,-6.0
FN,volume_resistance,2021-11-02,111.21,true,confirmed,3,2.8,10.2,-3.0
FN,volume_resistance,2022-08-03,96.84,true,confirmed,9,6.2,22.8,-3.6
FN,volume_resistance,2022-11-08,121.92,true,confirmed,15,4.9,10.2,-5.0
FN,volume_resistance,2022-11-30,133.41,false,fakeout,11,-3.3,2.0,-8.0
FN,volume_resistance,2022-12-16,125.16,true,confirmed,17,8.1,12.0,-1.9
FN,volume_resistance,2023-06-12,126.64,timeout_up,marginal,20,4.5,5.9,-2.4
FN,volume_resistance,2023-08-22,153.66,timeout_up,marginal,20,0.1,6.7,-4.6
FN,volume_resistance,2023-09-28,167.9,true,confirmed,6,-8.7,9.4,-9.7
FN,volume_resistance,2023-12-14,186.91,timeout_up,marginal,20,0.7,7.0,-3.0
FN,volume_resistance,2024-01-19,201.96,true,confirmed,7,-2.6,13.4,-17.5
FN,volume_resistance,2024-02-05,223.6,false,fakeout,1,-1.3,1.0,-25.5
FN,volume_resistance,2024-08-20,268.0,false,fakeout,4,-14.5,2.4,-25.0
FN,volume_resistance,2025-07-02,288.83,true,confirmed,11,12.1,15.2,-2.9
FN,volume_resistance,2025-07-31,323.73,false,confirmed,1,9.7,11.2,-15.8
FN,volume_resistance,2025-08-15,329.8,false,confirmed,2,8.9,15.2,-17.4
FN,volume_resistance,2025-10-16,412.46,false,confirmed,4,-2.4,20.7,-6.4
FN,volume_resistance,2025-10-31,440.57,true,confirmed,2,2.0,13.0,-15.8
FN,volume_resistance,2026-04-10,662.13,true,confirmed,7,-6.2,11.0,-8.2
FN,volume_resistance,2026-05-04,717.8,false,marginal,1,0.6,4.3,-15.7
FN,high_52w_momentum,2022-11-10,125.39,timeout_up,marginal,20,3.9,7.2,-2.4
FN,high_52w_momentum,2022-11-30,133.41,false,fakeout,11,-3.3,2.0,-8.0
FN,high_52w_momentum,2023-01-11,134.68,false,fakeout,11,-9.5,4.1,-10.8
FN,high_52w_momentum,2023-09-28,167.9,true,confirmed,6,-8.7,9.4,-9.7
FN,high_52w_momentum,2023-12-15,188.53,timeout_down,marginal,20,-1.0,6.1,-3.9
FN,high_52w_momentum,2024-01-19,201.96,true,confirmed,7,-2.6,13.4,-17.5
FN,high_52w_momentum,2024-03-06,225.01,false,fakeout,3,-16.8,0.8,-20.0
FN,high_52w_momentum,2024-05-23,242.39,false,marginal,7,-1.9,6.0,-5.6
FN,high_52w_momentum,2024-06-17,248.28,timeout_up,marginal,20,1.8,7.3,-4.7
FN,high_52w_momentum,2024-07-15,255.67,false,fakeout,3,-18.9,4.2,-28.2
FN,high_52w_momentum,2025-06-24,276.5,true,confirmed,2,10.4,13.7,0.1
FN,high_52w_momentum,2025-07-15,301.47,true,confirmed,10,15.5,15.8,-3.0
FN,high_52w_momentum,2025-07-31,323.73,false,confirmed,1,9.7,11.2,-15.8
FN,high_52w_momentum,2025-08-28,355.05,false,confirmed,1,1.1,11.9,-11.8
FN,high_52w_momentum,2025-09-18,378.01,false,confirmed,5,9.1,14.3,-6.2
FN,high_52w_momentum,2025-10-15,398.34,true,confirmed,1,12.3,25.0,-3.1
FN,high_52w_momentum,2025-11-04,459.6,false,marginal,3,-2.7,7.7,-19.3
FN,high_52w_momentum,2025-12-08,491.03,true,confirmed,3,-4.2,8.2,-13.6
FN,high_52w_momentum,2026-02-20,546.13,true,confirmed,2,-7.3,15.9,-13.6
FN,high_52w_momentum,2026-04-09,618.26,true,confirmed,1,1.3,18.8,-0.8
FN,high_52w_momentum,2026-04-24,720.19,false,fakeout,1,0.3,4.0,-16.0
FN,high_52w_momentum,2026-05-14,746.47,false,fakeout,1,-3.3,-1.0,-7.3
CIEN,donchian_20,2021-06-02,54.41,true,confirmed,1,4.6,12.3,2.0
CIEN,donchian_20,2021-09-02,58.51,false,fakeout,2,-10.7,-0.3,-14.0
CIEN,donchian_20,2021-11-01,55.26,true,confirmed,1,9.0,13.2,4.2
CIEN,donchian_20,2021-12-07,62.97,true,confirmed,2,19.7,24.3,-1.6
CIEN,donchian_20,2021-12-22,75.73,false,fakeout,16,-14.3,3.4,-14.5
CIEN,donchian_20,2022-03-02,70.18,false,fakeout,2,-12.6,1.3,-24.1
CIEN,donchian_20,2022-07-19,49.25,true,confirmed,14,13.0,13.5,-3.4
CIEN,donchian_20,2022-08-05,52.89,false,fakeout,18,-16.4,6.6,-16.7
CIEN,donchian_20,2022-10-21,43.08,true,confirmed,3,4.0,12.7,-4.7
CIEN,donchian_20,2022-12-08,51.87,false,fakeout,5,0.1,2.5,-8.3
CIEN,donchian_20,2023-05-26,47.99,false,fakeout,6,-13.0,3.3,-14.9
CIEN,donchian_20,2023-08-31,49.98,false,fakeout,14,-5.4,1.5,-8.5
CIEN,donchian_20,2023-11-14,45.67,false,marginal,20,-3.0,5.9,-5.6
CIEN,donchian_20,2023-12-01,46.75,false,fakeout,5,-3.4,3.4,-9.7
CIEN,donchian_20,2024-01-09,47.9,true,confirmed,7,16.5,17.5,-0.3
CIEN,donchian_20,2024-02-01,54.09,true,confirmed,20,12.5,12.8,-1.7
CIEN,donchian_20,2024-03-01,60.84,false,fakeout,4,-19.1,3.9,-19.4
CIEN,donchian_20,2024-05-06,48.95,timeout_down,fakeout,20,-3.8,2.7,-4.4
CIEN,donchian_20,2024-07-16,51.67,false,fakeout,3,-3.9,3.8,-13.1
CIEN,donchian_20,2024-07-31,52.74,false,confirmed,2,8.1,9.0,-14.9
CIEN,donchian_20,2024-08-15,54.31,true,confirmed,13,3.4,9.1,-6.7
CIEN,donchian_20,2024-09-23,61.68,true,confirmed,9,7.9,13.3,-3.4
CIEN,donchian_20,2024-10-09,67.48,false,fakeout,12,1.5,3.6,-6.6
CIEN,donchian_20,2024-11-07,70.32,false,marginal,7,4.6,4.9,-6.7
CIEN,donchian_20,2024-12-06,73.58,true,confirmed,4,11.3,24.8,-4.1
CIEN,donchian_20,2025-01-22,94.85,false,fakeout,3,-8.9,6.9,-21.0
CIEN,donchian_20,2025-05-01,71.43,true,confirmed,7,12.1,16.9,-1.1
CIEN,donchian_20,2025-05-27,82.35,false,marginal,7,-3.5,4.7,-14.1
CIEN,donchian_20,2025-07-16,84.12,true,confirmed,9,12.5,16.7,-1.1
CIEN,donchian_20,2025-09-04,116.92,true,confirmed,4,30.6,31.4,-2.8
CIEN,donchian_20,2025-09-26,141.93,true,confirmed,4,26.2,27.6,0.8
CIEN,donchian_20,2025-10-15,168.71,false,confirmed,5,24.2,26.9,-5.4
CIEN,donchian_20,2025-11-05,195.81,true,confirmed,3,-0.0,9.4,-14.1
CIEN,donchian_20,2025-12-09,214.35,true,confirmed,2,5.1,21.8,-5.9
CIEN,donchian_20,2026-01-06,254.19,false,confirmed,2,-0.3,12.5,-15.0
CIEN,donchian_20,2026-02-03,276.52,false,confirmed,1,24.2,32.3,-13.7
CIEN,donchian_20,2026-02-19,318.41,true,confirmed,2,29.6,30.9,-12.6
CIEN,donchian_20,2026-03-17,370.05,true,confirmed,1,28.6,38.8,-2.3
CIEN,donchian_20,2026-04-02,447.76,false,confirmed,2,19.5,22.8,-5.9
CIEN,donchian_20,2026-05-01,535.29,true,confirmed,3,3.6,11.9,-3.7
CIEN,darvas_box,2021-12-07,62.97,true,confirmed,2,19.7,24.3,-1.6
CIEN,darvas_box,2021-12-22,75.73,false,fakeout,16,-14.3,3.4,-14.5
CIEN,darvas_box,2024-01-18,51.33,true,confirmed,12,11.1,12.5,-1.4
CIEN,darvas_box,2024-03-01,60.84,false,fakeout,4,-19.1,3.9,-19.4
CIEN,darvas_box,2024-08-15,54.31,true,confirmed,13,3.4,9.1,-6.7
CIEN,darvas_box,2024-09-23,61.68,true,confirmed,9,7.9,13.3,-3.4
CIEN,darvas_box,2024-11-07,70.32,false,marginal,7,4.6,4.9,-6.7
CIEN,darvas_box,2024-12-06,73.58,true,confirmed,4,11.3,24.8,-4.1
CIEN,darvas_box,2025-01-22,94.85,false,fakeout,3,-8.9,6.9,-21.0
CIEN,darvas_box,2025-06-04,83.89,false,fakeout,1,-3.0,-0.7,-15.6
CIEN,darvas_box,2025-07-23,86.75,true,confirmed,6,-0.1,13.2,-2.7
CIEN,darvas_box,2025-08-12,96.4,false,confirmed,2,34.7,36.3,-12.4
CIEN,darvas_box,2025-09-04,116.92,true,confirmed,4,30.6,31.4,-2.8
CIEN,darvas_box,2025-12-09,214.35,true,confirmed,2,5.1,21.8,-5.9
CIEN,darvas_box,2026-01-06,254.19,false,confirmed,2,-0.3,12.5,-15.0
CIEN,darvas_box,2026-02-02,268.49,false,confirmed,2,24.1,36.3,-11.1
CIEN,darvas_box,2026-03-17,370.05,true,confirmed,1,28.6,38.8,-2.3
CIEN,darvas_box,2026-04-02,447.76,false,confirmed,2,19.5,22.8,-5.9
CIEN,darvas_box,2026-04-23,515.85,false,confirmed,2,7.5,16.1,-10.6
CIEN,bollinger_squeeze,2021-06-03,58.38,timeout_down,marginal,20,-1.0,4.6,-5.0
CIEN,bollinger_squeeze,2021-09-02,58.51,false,fakeout,2,-10.7,-0.3,-14.0
CIEN,bollinger_squeeze,2021-10-14,53.46,true,confirmed,13,13.8,15.6,-3.4
CIEN,bollinger_squeeze,2021-12-07,62.97,true,confirmed,2,19.7,24.3,-1.6
CIEN,bollinger_squeeze,2022-02-15,68.53,false,fakeout,6,-15.5,3.7,-22.2
CIEN,bollinger_squeeze,2022-07-19,49.25,true,confirmed,14,13.0,13.5,-3.4
CIEN,bollinger_squeeze,2022-10-24,43.69,true,confirmed,3,1.5,11.1,-6.0
CIEN,bollinger_squeeze,2022-12-08,51.87,false,fakeout,5,0.1,2.5,-8.3
CIEN,bollinger_squeeze,2023-03-06,50.89,false,fakeout,5,2.7,3.5,-5.8
CIEN,bollinger_squeeze,2023-03-30,51.95,false,fakeout,5,-11.4,1.4,-14.6
CIEN,bollinger_squeeze,2023-05-26,47.99,false,fakeout,6,-13.0,3.3,-14.9
CIEN,bollinger_squeeze,2023-08-29,42.83,true,confirmed,2,7.5,18.4,-0.4
CIEN,bollinger_squeeze,2023-11-14,45.67,false,marginal,20,-3.0,5.9,-5.6
CIEN,bollinger_squeeze,2024-01-05,46.43,true,confirmed,5,18.0,19.4,-0.8
CIEN,bollinger_squeeze,2024-03-01,60.84,false,fakeout,4,-19.1,3.9,-19.4
CIEN,bollinger_squeeze,2024-05-06,48.95,timeout_down,fakeout,20,-3.8,2.7,-4.4
CIEN,bollinger_squeeze,2024-07-16,51.67,false,fakeout,3,-3.9,3.8,-13.1
CIEN,bollinger_squeeze,2024-11-07,70.32,false,marginal,7,4.6,4.9,-6.7
CIEN,bollinger_squeeze,2024-12-12,84.52,true,confirmed,2,-1.2,8.6,-5.1
CIEN,bollinger_squeeze,2025-01-22,94.85,false,fakeout,3,-8.9,6.9,-21.0
CIEN,bollinger_squeeze,2025-07-28,90.55,true,confirmed,12,0.2,8.4,-6.8
CIEN,bollinger_squeeze,2025-09-04,116.92,true,confirmed,4,30.6,31.4,-2.8
CIEN,bollinger_squeeze,2025-10-08,159.66,true,confirmed,5,22.6,23.4,-4.0
CIEN,bollinger_squeeze,2025-10-29,189.27,false,confirmed,4,5.8,13.2,-11.1
CIEN,bollinger_squeeze,2025-12-10,221.85,true,confirmed,1,3.9,17.7,-9.1
CIEN,bollinger_squeeze,2026-02-02,268.49,false,confirmed,2,24.1,36.3,-11.1
CIEN,bollinger_squeeze,2026-03-18,385.26,true,confirmed,1,28.5,33.3,-6.1
CIEN,bollinger_squeeze,2026-05-06,576.79,false,fakeout,1,-3.9,3.8,-10.6
CIEN,ttm_squeeze,2021-10-28,54.34,true,confirmed,3,11.8,15.1,-0.6
CIEN,ttm_squeeze,2021-12-09,71.93,true,confirmed,12,1.6,8.8,-1.0
CIEN,ttm_squeeze,2022-12-08,51.87,false,fakeout,5,0.1,2.5,-8.3
CIEN,ttm_squeeze,2023-01-09,51.93,false,fakeout,8,-3.3,1.3,-6.6
CIEN,ttm_squeeze,2023-04-03,52.27,false,fakeout,3,-14.5,0.2,-15.1
CIEN,ttm_squeeze,2023-08-30,43.16,true,confirmed,1,9.7,17.5,6.0
CIEN,ttm_squeeze,2024-01-05,46.43,true,confirmed,5,18.0,19.4,-0.8
CIEN,ttm_squeeze,2024-07-08,48.1,true,confirmed,6,-4.8,11.5,-6.7
CIEN,ttm_squeeze,2026-02-03,276.52,false,confirmed,1,24.2,32.3,-13.7
CIEN,volume_resistance,2021-06-03,58.38,timeout_down,marginal,20,-1.0,4.6,-5.0
CIEN,volume_resistance,2021-11-02,59.16,timeout_up,marginal,20,1.4,5.7,-0.8
CIEN,volume_resistance,2021-12-09,71.93,true,confirmed,12,1.6,8.8,-1.0
CIEN,volume_resistance,2022-12-08,51.87,false,fakeout,5,0.1,2.5,-8.3
CIEN,volume_resistance,2023-08-31,49.98,false,fakeout,14,-5.4,1.5,-8.5
CIEN,volume_resistance,2024-02-06,54.91,true,confirmed,17,12.8,15.2,-3.2
CIEN,volume_resistance,2024-03-01,60.84,false,fakeout,4,-19.1,3.9,-19.4
CIEN,volume_resistance,2024-08-15,54.31,true,confirmed,13,3.4,9.1,-6.7
CIEN,volume_resistance,2024-08-30,57.65,false,confirmed,2,6.8,9.4,-12.1
CIEN,volume_resistance,2024-10-02,66.02,timeout_down,marginal,20,-2.1,5.9,-4.3
CIEN,volume_resistance,2024-12-12,84.52,true,confirmed,2,-1.2,8.6,-5.1
CIEN,volume_resistance,2025-01-22,94.85,false,fakeout,3,-8.9,6.9,-21.0
CIEN,volume_resistance,2025-05-30,80.06,false,marginal,4,1.6,7.7,-11.6
CIEN,volume_resistance,2025-08-14,91.42,false,confirmed,4,43.6,46.9,-7.7
CIEN,volume_resistance,2025-09-04,116.92,true,confirmed,4,30.6,31.4,-2.8
CIEN,volume_resistance,2025-11-14,191.71,false,confirmed,4,12.8,29.4,-12.3
CIEN,volume_resistance,2025-12-11,242.37,false,marginal,1,-3.3,7.7,-16.8
CIEN,volume_resistance,2026-02-06,271.32,true,confirmed,1,17.4,34.9,-1.7
CIEN,volume_resistance,2026-03-05,299.3,true,confirmed,3,49.6,51.4,-4.0
CIEN,volume_resistance,2026-03-20,383.89,true,confirmed,1,31.1,34.9,-5.8
CIEN,volume_resistance,2026-05-07,538.76,true,confirmed,2,2.9,11.2,0.0
CIEN,high_52w_momentum,2024-01-29,52.77,true,confirmed,9,6.4,9.4,-1.1
CIEN,high_52w_momentum,2024-02-14,57.38,false,confirmed,3,-12.5,10.2,-12.8
CIEN,high_52w_momentum,2024-03-01,60.84,false,fakeout,4,-19.1,3.9,-19.4
CIEN,high_52w_momentum,2024-10-02,66.02,timeout_down,marginal,20,-2.1,5.9,-4.3
CIEN,high_52w_momentum,2024-11-07,70.32,false,marginal,7,4.6,4.9,-6.7
CIEN,high_52w_momentum,2024-12-04,73.15,true,confirmed,6,14.3,25.5,-3.5
CIEN,high_52w_momentum,2025-01-22,94.85,false,fakeout,3,-8.9,6.9,-21.0
CIEN,high_52w_momentum,2025-09-04,116.92,true,confirmed,4,30.6,31.4,-2.8
CIEN,high_52w_momentum,2025-09-19,138.37,true,confirmed,8,23.5,27.8,-3.4
CIEN,high_52w_momentum,2025-10-06,153.25,true,confirmed,5,23.7,26.9,-3.8
CIEN,high_52w_momentum,2025-10-24,179.05,true,confirmed,4,-0.4,19.6,-6.0
CIEN,high_52w_momentum,2025-11-10,208.74,false,marginal,3,2.7,5.3,-19.4
CIEN,high_52w_momentum,2025-12-08,212.93,true,confirmed,3,21.8,22.6,-5.3
CIEN,high_52w_momentum,2026-01-02,246.06,false,confirmed,1,9.1,10.2,-12.2
CIEN,high_52w_momentum,2026-02-02,268.49,false,confirmed,2,24.1,36.3,-11.1
CIEN,high_52w_momentum,2026-02-18,310.96,true,confirmed,2,23.9,29.3,-10.5
CIEN,high_52w_momentum,2026-03-16,363.88,true,confirmed,2,28.4,41.1,-3.7
CIEN,high_52w_momentum,2026-04-02,447.76,false,confirmed,2,19.5,22.8,-5.9
CIEN,high_52w_momentum,2026-04-23,515.85,false,confirmed,2,7.5,16.1,-10.6
CIEN,high_52w_momentum,2026-05-11,581.47,false,fakeout,1,-4.6,3.0,-5.9
AAOI,donchian_20,2021-06-02,8.64,false,marginal,12,-2.0,7.1,-6.1
AAOI,donchian_20,2021-11-03,8.37,false,fakeout,2,-33.9,5.9,-34.4
AAOI,donchian_20,2022-02-16,4.31,false,fakeout,3,-23.0,5.8,-30.4
AAOI,donchian_20,2022-08-03,1.92,false,confirmed,2,25.5,58.9,-6.5
AAOI,donchian_20,2022-09-16,3.76,false,fakeout,1,-27.1,6.4,-33.0
AAOI,donchian_20,2023-01-12,2.35,true,confirmed,3,12.8,23.2,-9.4
AAOI,donchian_20,2023-02-01,2.6,true,confirmed,1,3.5,17.7,-2.3
AAOI,donchian_20,2023-02-16,2.95,false,fakeout,1,-20.0,3.1,-22.0
AAOI,donchian_20,2023-05-30,2.3,false,confirmed,2,124.8,146.5,-9.6
AAOI,donchian_20,2023-06-14,3.76,true,confirmed,1,143.1,205.3,-4.5
AAOI,donchian_20,2023-06-30,5.96,true,confirmed,1,13.3,92.6,-4.2
AAOI,donchian_20,2023-08-07,12.38,false,confirmed,1,4.6,31.3,-8.4
AAOI,donchian_20,2023-11-03,9.47,true,confirmed,2,76.1,79.7,-11.7
AAOI,donchian_20,2023-11-20,14.46,false,confirmed,1,59.1,66.5,-12.4
AAOI,donchian_20,2023-12-06,17.22,true,confirmed,2,17.0,39.8,-2.4
AAOI,donchian_20,2024-02-12,21.01,false,confirmed,1,-32.1,17.8,-42.2
AAOI,donchian_20,2024-05-24,12.54,false,fakeout,2,-31.5,2.1,-32.4
AAOI,donchian_20,2024-07-16,11.89,false,fakeout,1,-32.5,0.5,-43.7
AAOI,donchian_20,2024-08-29,10.3,true,confirmed,1,33.3,65.0,0.8
AAOI,donchian_20,2024-09-24,15.98,false,confirmed,1,10.3,27.3,-22.3
AAOI,donchian_20,2024-10-11,17.86,true,confirmed,1,55.4,55.7,-16.0
AAOI,donchian_20,2024-11-08,27.76,false,confirmed,1,30.3,60.3,-7.2
AAOI,donchian_20,2024-11-29,41.22,false,fakeout,4,-12.1,8.0,-24.0
AAOI,donchian_20,2025-05-12,18.24,true,confirmed,1,-9.9,16.0,-17.4
AAOI,donchian_20,2025-06-18,19.77,true,confirmed,1,44.8,59.7,1.4
AAOI,donchian_20,2025-09-10,27.72,false,confirmed,1,16.2,24.9,-10.6
AAOI,donchian_20,2025-10-06,33.79,false,confirmed,1,-2.2,15.4,-21.1
AAOI,donchian_20,2025-10-27,37.22,false,fakeout,1,-39.6,4.8,-50.3
AAOI,donchian_20,2025-12-09,30.38,true,confirmed,1,8.7,38.1,-11.8
AAOI,donchian_20,2026-01-28,45.23,false,confirmed,1,18.7,31.0,-18.2
AAOI,donchian_20,2026-02-20,51.68,true,confirmed,2,69.4,149.5,-3.3
AAOI,donchian_20,2026-03-10,120.49,false,confirmed,1,10.1,11.6,-34.8
AAOI,donchian_20,2026-04-08,132.7,true,confirmed,1,34.5,44.6,-4.2
AAOI,donchian_20,2026-05-01,183.51,false,confirmed,1,3.7,27.3,-21.8
AAOI,darvas_box,2022-09-16,3.76,false,fakeout,1,-27.1,6.4,-33.0
AAOI,darvas_box,2023-02-16,2.95,false,fakeout,1,-20.0,3.1,-22.0
AAOI,darvas_box,2023-06-08,3.12,true,confirmed,3,167.3,168.3,1.0
AAOI,darvas_box,2023-06-30,5.96,true,confirmed,1,13.3,92.6,-4.2
AAOI,darvas_box,2023-08-07,12.38,false,confirmed,1,4.6,31.3,-8.4
AAOI,darvas_box,2023-12-01,16.45,true,confirmed,3,13.6,46.4,-4.0
AAOI,darvas_box,2024-09-12,14.52,false,confirmed,2,14.7,18.3,-14.5
AAOI,darvas_box,2024-10-11,17.86,true,confirmed,1,55.4,55.7,-16.0
AAOI,darvas_box,2024-11-08,27.76,false,confirmed,1,30.3,60.3,-7.2
AAOI,darvas_box,2025-07-03,28.66,false,confirmed,1,-24.9,10.2,-26.9
AAOI,darvas_box,2025-10-06,33.79,false,confirmed,1,-2.2,15.4,-21.1
AAOI,darvas_box,2025-10-27,37.22,false,fakeout,1,-39.6,4.8,-50.3
AAOI,darvas_box,2025-12-22,39.1,false,marginal,3,-2.4,7.3,-19.0
AAOI,darvas_box,2026-01-28,45.23,false,confirmed,1,18.7,31.0,-18.2
AAOI,darvas_box,2026-02-20,51.68,true,confirmed,2,69.4,149.5,-3.3
AAOI,darvas_box,2026-04-08,132.7,true,confirmed,1,34.5,44.6,-4.2
AAOI,darvas_box,2026-05-01,183.51,false,confirmed,1,3.7,27.3,-21.8
AAOI,bollinger_squeeze,2021-06-01,8.54,false,confirmed,13,1.5,8.3,-5.0
AAOI,bollinger_squeeze,2022-02-16,4.31,false,fakeout,3,-23.0,5.8,-30.4
AAOI,bollinger_squeeze,2022-09-16,3.76,false,fakeout,1,-27.1,6.4,-33.0
AAOI,bollinger_squeeze,2023-01-12,2.35,true,confirmed,3,12.8,23.2,-9.4
AAOI,bollinger_squeeze,2023-05-30,2.3,false,confirmed,2,124.8,146.5,-9.6
AAOI,bollinger_squeeze,2023-11-03,9.47,true,confirmed,2,76.1,79.7,-11.7
AAOI,bollinger_squeeze,2023-11-20,14.46,false,confirmed,1,59.1,66.5,-12.4
AAOI,bollinger_squeeze,2024-02-12,21.01,false,confirmed,1,-32.1,17.8,-42.2
AAOI,bollinger_squeeze,2024-05-20,12.4,false,fakeout,3,-19.0,5.2,-20.8
AAOI,bollinger_squeeze,2024-10-08,16.45,false,confirmed,2,0.5,23.6,-8.8
AAOI,bollinger_squeeze,2024-11-08,27.76,false,confirmed,1,30.3,60.3,-7.2
AAOI,bollinger_squeeze,2025-05-01,14.71,false,confirmed,3,4.8,43.8,-14.6
AAOI,bollinger_squeeze,2025-06-18,19.77,true,confirmed,1,44.8,59.7,1.4
AAOI,bollinger_squeeze,2025-09-10,27.72,false,confirmed,1,16.2,24.9,-10.6
AAOI,bollinger_squeeze,2025-10-06,33.79,false,confirmed,1,-2.2,15.4,-21.1
AAOI,bollinger_squeeze,2025-10-27,37.22,false,fakeout,1,-39.6,4.8,-50.3
AAOI,bollinger_squeeze,2026-01-28,45.23,false,confirmed,1,18.7,31.0,-18.2
AAOI,bollinger_squeeze,2026-04-08,132.7,true,confirmed,1,34.5,44.6,-4.2
AAOI,bollinger_squeeze,2026-05-01,183.51,false,confirmed,1,3.7,27.3,-21.8
AAOI,ttm_squeeze,2022-06-08,2.44,false,fakeout,1,-33.2,-2.0,-38.9
AAOI,ttm_squeeze,2024-03-22,14.68,false,fakeout,3,-24.2,3.6,-27.0
AAOI,ttm_squeeze,2025-06-20,23.45,false,confirmed,1,20.4,34.7,-10.1
AAOI,ttm_squeeze,2025-08-26,25.07,false,confirmed,2,6.5,24.2,-12.1
AAOI,ttm_squeeze,2025-09-11,26.85,true,confirmed,2,20.6,28.9,-7.7
AAOI,ttm_squeeze,2026-01-28,45.23,false,confirmed,1,18.7,31.0,-18.2
AAOI,volume_resistance,2021-11-03,8.37,false,fakeout,2,-33.9,5.9,-34.4
AAOI,volume_resistance,2022-08-12,2.6,true,confirmed,1,-3.8,17.3,-18.8
AAOI,volume_resistance,2022-09-16,3.76,false,fakeout,1,-27.1,6.4,-33.0
AAOI,volume_resistance,2023-02-15,2.83,true,confirmed,1,-12.4,8.1,-15.4
AAOI,volume_resistance,2023-06-06,2.72,true,confirmed,2,139.3,168.7,-3.0
AAOI,volume_resistance,2023-06-22,3.77,true,confirmed,1,109.8,204.5,-1.1
AAOI,volume_resistance,2023-07-11,9.75,false,confirmed,1,25.0,35.1,-39.9
AAOI,volume_resistance,2023-08-07,12.38,false,confirmed,1,4.6,31.3,-8.4
AAOI,volume_resistance,2023-12-01,16.45,true,confirmed,3,13.6,46.4,-4.0
AAOI,volume_resistance,2023-12-29,19.32,false,confirmed,1,-13.6,18.3,-23.4
AAOI,volume_resistance,2024-09-12,14.52,false,confirmed,2,14.7,18.3,-14.5
AAOI,volume_resistance,2024-10-08,16.45,false,confirmed,2,0.5,23.6,-8.8
AAOI,volume_resistance,2024-11-08,27.76,false,confirmed,1,30.3,60.3,-7.2
AAOI,volume_resistance,2024-12-05,34.48,true,confirmed,1,-1.6,19.8,-9.1
AAOI,volume_resistance,2025-06-25,26.23,false,confirmed,4,-1.5,20.4,-9.1
AAOI,volume_resistance,2025-10-06,33.79,false,confirmed,1,-2.2,15.4,-21.1
AAOI,volume_resistance,2025-11-07,28.57,false,fakeout,1,-2.6,-1.8,-35.2
AAOI,volume_resistance,2025-12-23,40.64,false,fakeout,2,-12.1,2.0,-22.1
AAOI,volume_resistance,2026-01-28,45.23,false,confirmed,1,18.7,31.0,-18.2
AAOI,volume_resistance,2026-02-27,84.23,true,confirmed,1,16.6,53.1,0.4
AAOI,volume_resistance,2026-04-10,150.6,false,confirmed,2,-1.1,27.4,-11.9
AAOI,volume_resistance,2026-05-08,148.94,true,confirmed,1,27.8,56.9,1.1
AAOI,high_52w_momentum,2023-06-15,4.33,true,confirmed,1,105.3,165.1,-17.1
AAOI,high_52w_momentum,2023-07-03,6.07,true,confirmed,1,15.8,89.1,-3.5
AAOI,high_52w_momentum,2023-08-04,11.01,true,confirmed,1,26.6,47.7,-0.7
AAOI,high_52w_momentum,2023-08-21,15.44,false,fakeout,1,-37.6,5.3,-42.9
AAOI,high_52w_momentum,2023-12-01,16.45,true,confirmed,3,13.6,46.4,-4.0
AAOI,high_52w_momentum,2024-11-08,27.76,false,confirmed,1,30.3,60.3,-7.2
AAOI,high_52w_momentum,2024-11-29,41.22,false,fakeout,4,-12.1,8.0,-24.0
AAOI,high_52w_momentum,2026-01-28,45.23,false,confirmed,1,18.7,31.0,-18.2
AAOI,high_52w_momentum,2026-02-20,51.68,true,confirmed,2,69.4,149.5,-3.3
AAOI,high_52w_momentum,2026-03-09,110.62,true,confirmed,1,6.3,16.6,-29.0
AAOI,high_52w_momentum,2026-04-08,132.7,true,confirmed,1,34.5,44.6,-4.2
AAOI,high_52w_momentum,2026-04-30,164.36,true,confirmed,1,15.8,42.2,-12.6
POET,donchian_20,2021-05-20,8.8,false,confirmed,2,-3.4,13.6,-14.8
POET,donchian_20,2021-06-08,9.9,false,confirmed,1,-5.1,29.3,-15.2
POET,donchian_20,2021-06-29,10.1,true,confirmed,1,-17.8,26.7,-20.8
POET,donchian_20,2021-10-05,10.0,false,fakeout,1,-15.0,5.0,-23.0
POET,donchian_20,2022-02-10,7.7,false,confirmed,1,27.1,31.2,-23.4
POET,donchian_20,2022-03-10,9.25,true,confirmed,1,-25.5,18.9,-28.6
POET,donchian_20,2023-01-10,4.58,true,confirmed,1,-2.4,36.0,-10.7
POET,donchian_20,2023-04-28,4.06,true,confirmed,1,3.0,20.2,-1.7
POET,donchian_20,2023-06-09,5.0,true,confirmed,2,-14.4,17.6,-18.8
POET,donchian_20,2024-01-12,1.24,false,confirmed,1,7.3,19.4,-25.8
POET,donchian_20,2024-01-30,1.3,true,confirmed,1,9.2,18.5,-9.2
POET,donchian_20,2024-02-27,1.52,false,fakeout,1,-13.8,0.7,-27.6
POET,donchian_20,2024-04-23,1.58,true,confirmed,1,41.1,115.8,3.2
POET,donchian_20,2024-07-01,2.77,false,confirmed,1,-0.7,46.2,-11.2
POET,donchian_20,2024-09-23,4.4,true,confirmed,1,-9.1,27.3,-17.5
POET,donchian_20,2024-11-26,5.06,false,confirmed,1,50.0,54.0,-18.8
POET,donchian_20,2024-12-26,7.59,false,fakeout,1,-37.2,-3.3,-41.4
POET,donchian_20,2025-04-28,4.31,false,confirmed,1,5.8,11.6,-12.3
POET,donchian_20,2025-05-16,4.71,false,fakeout,1,-11.0,2.1,-14.4
POET,donchian_20,2025-06-25,5.07,true,confirmed,1,23.1,50.1,-2.6
POET,donchian_20,2025-07-14,7.44,false,fakeout,1,-25.8,2.3,-30.0
POET,donchian_20,2025-09-23,6.0,true,confirmed,1,24.2,56.8,-12.0
POET,donchian_20,2025-10-08,9.22,false,fakeout,1,-34.5,2.1,-37.1
POET,donchian_20,2025-12-04,6.37,false,confirmed,1,16.6,24.0,-8.8
POET,donchian_20,2025-12-22,7.61,false,confirmed,1,-8.8,20.1,-18.7
POET,donchian_20,2026-01-14,8.09,true,confirmed,3,-30.2,13.0,-36.6
POET,donchian_20,2026-03-02,6.91,false,confirmed,1,-26.5,19.7,-29.5
POET,donchian_20,2026-04-20,8.59,true,confirmed,1,85.9,142.3,-25.8
POET,donchian_20,2026-05-14,20.57,false,fakeout,1,-22.4,-1.5,-22.5
POET,darvas_box,2022-03-09,8.83,true,confirmed,2,-21.0,24.6,-24.6
POET,darvas_box,2024-04-23,1.58,true,confirmed,1,41.1,115.8,3.2
POET,darvas_box,2024-07-05,3.52,false,confirmed,1,-21.0,15.1,-26.1
POET,darvas_box,2024-09-23,4.4,true,confirmed,1,-9.1,27.3,-17.5
POET,darvas_box,2024-12-26,7.59,false,fakeout,1,-37.2,-3.3,-41.4
POET,darvas_box,2025-06-25,5.07,true,confirmed,1,23.1,50.1,-2.6
POET,darvas_box,2025-10-07,7.88,true,confirmed,1,-24.5,19.4,-26.4
POET,darvas_box,2026-04-21,10.25,true,confirmed,1,55.8,103.0,-37.9
POET,darvas_box,2026-05-14,20.57,false,fakeout,1,-22.4,-1.5,-22.5
POET,bollinger_squeeze,2021-06-29,10.1,true,confirmed,1,-17.8,26.7,-20.8
POET,bollinger_squeeze,2021-10-05,10.0,false,fakeout,1,-15.0,5.0,-23.0
POET,bollinger_squeeze,2022-11-15,3.0,false,confirmed,2,0.7,12.3,-11.0
POET,bollinger_squeeze,2023-01-10,4.58,true,confirmed,1,-2.4,36.0,-10.7
POET,bollinger_squeeze,2023-05-01,4.33,false,confirmed,1,-3.5,12.7,-7.9
POET,bollinger_squeeze,2023-06-08,4.82,true,confirmed,3,-8.7,22.0,-15.8
POET,bollinger_squeeze,2024-01-12,1.24,false,confirmed,1,7.3,19.4,-25.8
POET,bollinger_squeeze,2024-01-30,1.3,true,confirmed,1,9.2,18.5,-9.2
POET,bollinger_squeeze,2024-02-27,1.52,false,fakeout,1,-13.8,0.7,-27.6
POET,bollinger_squeeze,2024-04-23,1.58,true,confirmed,1,41.1,115.8,3.2
POET,bollinger_squeeze,2024-06-28,2.07,true,confirmed,1,41.1,95.7,5.8
POET,bollinger_squeeze,2024-08-19,3.14,true,confirmed,1,-1.3,12.7,-16.2
POET,bollinger_squeeze,2024-09-23,4.4,true,confirmed,1,-9.1,27.3,-17.5
POET,bollinger_squeeze,2024-11-07,4.23,false,confirmed,1,21.3,37.8,-16.5
POET,bollinger_squeeze,2024-11-26,5.06,false,confirmed,1,50.0,54.0,-18.8
POET,bollinger_squeeze,2024-12-24,5.76,true,confirmed,1,-17.7,35.2,-22.7
POET,bollinger_squeeze,2025-04-28,4.31,false,confirmed,1,5.8,11.6,-12.3
POET,bollinger_squeeze,2025-06-25,5.07,true,confirmed,1,23.1,50.1,-2.6
POET,bollinger_squeeze,2025-09-23,6.0,true,confirmed,1,24.2,56.8,-12.0
POET,bollinger_squeeze,2026-03-02,6.91,false,confirmed,1,-26.5,19.7,-29.5
POET,bollinger_squeeze,2026-04-13,7.3,false,confirmed,1,90.4,112.3,-12.7
POET,ttm_squeeze,2021-05-20,8.8,false,confirmed,2,-3.4,13.6,-14.8
POET,ttm_squeeze,2021-06-22,8.9,true,confirmed,5,-5.6,43.8,-7.9
POET,ttm_squeeze,2021-10-05,10.0,false,fakeout,1,-15.0,5.0,-23.0
POET,ttm_squeeze,2024-08-20,3.21,false,confirmed,1,-5.0,10.3,-18.1
POET,ttm_squeeze,2024-09-23,4.4,true,confirmed,1,-9.1,27.3,-17.5
POET,ttm_squeeze,2024-11-26,5.06,false,confirmed,1,50.0,54.0,-18.8
POET,ttm_squeeze,2024-12-26,7.59,false,fakeout,1,-37.2,-3.3,-41.4
POET,ttm_squeeze,2025-04-24,4.06,true,confirmed,2,9.4,18.5,-6.9
POET,ttm_squeeze,2025-06-25,5.07,true,confirmed,1,23.1,50.1,-2.6
POET,ttm_squeeze,2025-09-24,6.05,true,confirmed,1,21.8,55.5,-12.7
POET,volume_resistance,2021-06-29,10.1,true,confirmed,1,-17.8,26.7,-20.8
POET,volume_resistance,2022-03-07,8.52,true,confirmed,3,-18.9,29.1,-21.8
POET,volume_resistance,2023-01-10,4.58,true,confirmed,1,-2.4,36.0,-10.7
POET,volume_resistance,2023-06-13,5.45,false,fakeout,2,-20.9,7.9,-25.5
POET,volume_resistance,2024-01-31,1.34,true,confirmed,2,3.7,14.9,-11.9
POET,volume_resistance,2024-02-27,1.52,false,fakeout,1,-13.8,0.7,-27.6
POET,volume_resistance,2024-04-23,1.58,true,confirmed,1,41.1,115.8,3.2
POET,volume_resistance,2024-07-05,3.52,false,confirmed,1,-21.0,15.1,-26.1
POET,volume_resistance,2024-09-23,4.4,true,confirmed,1,-9.1,27.3,-17.5
POET,volume_resistance,2024-12-26,7.59,false,fakeout,1,-37.2,-3.3,-41.4
POET,volume_resistance,2025-06-25,5.07,true,confirmed,1,23.1,50.1,-2.6
POET,volume_resistance,2025-10-07,7.88,true,confirmed,1,-24.5,19.4,-26.4
POET,volume_resistance,2026-04-21,10.25,true,confirmed,1,55.8,103.0,-37.9
POET,volume_resistance,2026-05-14,20.57,false,fakeout,1,-22.4,-1.5,-22.5
POET,high_52w_momentum,2024-09-23,4.4,true,confirmed,1,-9.1,27.3,-17.5
POET,high_52w_momentum,2024-12-24,5.76,true,confirmed,1,-17.7,35.2,-22.7
POET,high_52w_momentum,2025-10-07,7.88,true,confirmed,1,-24.5,19.4,-26.4
POET,high_52w_momentum,2026-04-21,10.25,true,confirmed,1,55.8,103.0,-37.9
POET,high_52w_momentum,2026-05-14,20.57,false,fakeout,1,-22.4,-1.5,-22.5
NVDA,donchian_20,2021-05-28,16.2,true,confirmed,4,23.1,23.6,-2.1
NVDA,donchian_20,2021-06-17,18.61,true,confirmed,9,-2.7,11.9,-4.5
NVDA,donchian_20,2021-07-02,20.44,false,fakeout,8,-3.6,1.9,-12.8
NVDA,donchian_20,2021-08-05,20.59,false,confirmed,4,8.5,11.7,-9.1
NVDA,donchian_20,2021-08-20,20.77,true,confirmed,5,1.4,10.7,-0.7
NVDA,donchian_20,2021-10-21,22.64,true,confirmed,3,39.6,44.4,-0.6
NVDA,donchian_20,2021-11-19,32.92,false,fakeout,2,-16.0,5.0,-17.7
NVDA,donchian_20,2022-03-18,26.4,true,confirmed,7,-17.7,9.4,-20.3
NVDA,donchian_20,2022-07-20,17.78,false,confirmed,3,3.0,8.2,-7.5
NVDA,donchian_20,2022-08-04,19.18,false,fakeout,2,-27.5,0.1,-30.9
NVDA,donchian_20,2022-11-07,14.28,true,confirmed,3,11.8,20.8,-3.8
NVDA,donchian_20,2022-12-01,17.12,false,confirmed,3,-14.7,9.7,-19.0
NVDA,donchian_20,2023-01-17,17.68,false,confirmed,2,29.8,30.2,-5.5
NVDA,donchian_20,2023-02-01,20.92,true,confirmed,5,11.3,14.1,-2.5
NVDA,donchian_20,2023-02-23,23.64,false,confirmed,5,14.9,16.6,-5.8
NVDA,donchian_20,2023-03-16,25.52,true,confirmed,4,4.8,9.6,-1.6
NVDA,donchian_20,2023-03-31,27.75,false,marginal,8,4.1,4.6,-5.6
NVDA,donchian_20,2023-05-01,28.88,false,confirmed,3,38.7,45.1,-5.8
NVDA,donchian_20,2023-05-17,30.15,true,confirmed,6,41.4,43.5,-1.2
NVDA,donchian_20,2023-06-14,42.96,false,confirmed,7,5.7,11.8,-6.7
NVDA,donchian_20,2023-07-13,45.94,false,fakeout,14,-7.8,4.6,-9.0
NVDA,donchian_20,2023-10-11,46.77,false,fakeout,4,-0.5,1.7,-16.2
NVDA,donchian_20,2023-11-10,48.3,false,marginal,15,-3.5,4.6,-6.9
NVDA,donchian_20,2024-01-08,52.22,true,confirmed,5,30.6,33.5,-1.1
NVDA,donchian_20,2024-01-24,61.32,true,confirmed,7,28.0,28.1,-1.3
NVDA,donchian_20,2024-02-09,72.09,false,confirmed,6,18.9,35.0,-8.2
NVDA,donchian_20,2024-03-04,85.18,true,confirmed,3,4.9,14.3,-2.1
NVDA,donchian_20,2024-05-06,92.09,true,confirmed,13,26.4,26.5,-4.2
NVDA,donchian_20,2024-05-23,103.74,true,confirmed,2,13.8,35.6,-0.8
NVDA,donchian_20,2024-06-13,129.55,true,confirmed,4,-0.9,8.6,-8.9
NVDA,donchian_20,2024-08-19,129.94,false,fakeout,3,-11.1,1.0,-22.3
NVDA,donchian_20,2024-10-07,127.67,true,confirmed,5,6.5,13.1,0.8
NVDA,donchian_20,2024-11-06,145.55,false,marginal,8,-0.4,5.0,-9.5
NVDA,donchian_20,2025-01-06,149.38,false,fakeout,1,-16.5,2.5,-24.4
NVDA,donchian_20,2025-05-07,117.03,true,confirmed,4,19.6,23.0,-1.6
NVDA,donchian_20,2025-05-29,139.16,true,confirmed,18,13.3,14.0,-4.5
NVDA,donchian_20,2025-06-24,147.88,true,confirmed,7,15.5,17.8,0.9
NVDA,donchian_20,2025-07-11,164.89,true,confirmed,12,10.8,11.5,-1.8
NVDA,donchian_20,2025-07-28,176.72,timeout_up,marginal,20,1.7,4.4,-4.5
NVDA,donchian_20,2025-09-30,186.56,false,confirmed,16,7.7,8.9,-5.3
NVDA,donchian_20,2025-10-28,201.01,false,fakeout,7,-11.5,5.6,-15.7
NVDA,donchian_20,2025-12-23,189.2,false,fakeout,17,-0.8,2.3,-6.1
NVDA,donchian_20,2026-02-25,195.55,false,fakeout,1,-8.6,-0.6,-12.2
NVDA,donchian_20,2026-04-14,196.51,true,confirmed,9,12.4,13.9,-0.9
NVDA,donchian_20,2026-05-11,219.44,timeout_up,marginal,4,2.7,7.8,-2.1
NVDA,darvas_box,2021-08-23,21.91,false,marginal,19,-3.2,4.9,-5.9
NVDA,darvas_box,2021-10-25,23.12,true,confirmed,1,37.9,49.6,3.3
NVDA,darvas_box,2021-11-19,32.92,false,fakeout,2,-16.0,5.0,-17.7
NVDA,darvas_box,2022-12-12,17.52,false,fakeout,4,-8.7,7.2,-20.8
NVDA,darvas_box,2023-01-23,19.17,true,confirmed,7,7.6,20.1,-3.2
NVDA,darvas_box,2023-02-23,23.64,false,confirmed,5,14.9,16.6,-5.8
NVDA,darvas_box,2023-03-16,25.52,true,confirmed,4,4.8,9.6,-1.6
NVDA,darvas_box,2023-03-31,27.75,false,marginal,8,4.1,4.6,-5.6
NVDA,darvas_box,2023-05-01,28.88,false,confirmed,3,38.7,45.1,-5.8
NVDA,darvas_box,2023-05-17,30.15,true,confirmed,6,41.4,43.5,-1.2
NVDA,darvas_box,2023-06-14,42.96,false,confirmed,7,5.7,11.8,-6.7
NVDA,darvas_box,2023-07-13,45.94,false,fakeout,14,-7.8,4.6,-9.0
NVDA,darvas_box,2023-08-29,48.75,false,fakeout,6,-12.9,2.3,-16.0
NVDA,darvas_box,2023-11-20,50.37,false,fakeout,2,-1.6,0.2,-10.7
NVDA,darvas_box,2024-01-08,52.22,true,confirmed,5,30.6,33.5,-1.1
NVDA,darvas_box,2024-02-22,78.49,true,confirmed,7,16.4,24.0,-1.8
NVDA,darvas_box,2024-05-23,103.74,true,confirmed,2,13.8,35.6,-0.8
NVDA,darvas_box,2024-10-21,143.65,false,marginal,8,-2.5,4.2,-8.1
NVDA,darvas_box,2024-11-06,145.55,false,marginal,8,-0.4,5.0,-9.5
NVDA,darvas_box,2025-05-29,139.16,true,confirmed,18,13.3,14.0,-4.5
NVDA,darvas_box,2025-07-28,176.72,timeout_up,marginal,20,1.7,4.4,-4.5
NVDA,darvas_box,2025-09-30,186.56,false,confirmed,16,7.7,8.9,-5.3
NVDA,darvas_box,2025-10-28,201.01,false,fakeout,7,-11.5,5.6,-15.7
NVDA,darvas_box,2026-04-15,198.87,true,confirmed,8,13.6,14.6,-2.1
NVDA,darvas_box,2026-05-11,219.44,timeout_up,marginal,4,2.7,7.8,-2.1
NVDA,bollinger_squeeze,2021-08-20,20.77,true,confirmed,5,1.4,10.7,-0.7
NVDA,bollinger_squeeze,2021-10-26,24.66,true,confirmed,6,28.4,40.2,-1.8
NVDA,bollinger_squeeze,2022-06-02,19.56,false,fakeout,1,-25.9,-1.3,-26.5
NVDA,bollinger_squeeze,2022-07-20,17.78,false,confirmed,3,3.0,8.2,-7.5
NVDA,bollinger_squeeze,2022-11-10,15.73,true,confirmed,14,8.0,11.7,-4.3
NVDA,bollinger_squeeze,2022-12-13,18.05,false,fakeout,2,-8.6,1.0,-23.2
NVDA,bollinger_squeeze,2023-03-16,25.52,true,confirmed,4,4.8,9.6,-1.6
NVDA,bollinger_squeeze,2023-05-01,28.88,false,confirmed,3,38.7,45.1,-5.8
NVDA,bollinger_squeeze,2023-05-17,30.15,true,confirmed,6,41.4,43.5,-1.2
NVDA,bollinger_squeeze,2023-07-13,45.94,false,fakeout,14,-7.8,4.6,-9.0
NVDA,bollinger_squeeze,2023-08-29,48.75,false,fakeout,6,-12.9,2.3,-16.0
NVDA,bollinger_squeeze,2024-01-08,52.22,true,confirmed,5,30.6,33.5,-1.1
NVDA,bollinger_squeeze,2024-10-08,132.84,true,confirmed,9,5.3,8.7,-3.1
NVDA,bollinger_squeeze,2024-11-07,148.82,false,fakeout,6,-4.3,2.7,-11.5
NVDA,bollinger_squeeze,2025-01-06,149.38,false,fakeout,1,-16.5,2.5,-24.4
NVDA,bollinger_squeeze,2025-06-25,154.28,true,confirmed,11,12.6,12.9,-1.8
NVDA,bollinger_squeeze,2025-09-30,186.56,false,confirmed,16,7.7,8.9,-5.3
NVDA,bollinger_squeeze,2025-10-28,201.01,false,fakeout,7,-11.5,5.6,-15.7
NVDA,bollinger_squeeze,2025-12-23,189.2,false,fakeout,17,-0.8,2.3,-6.1
NVDA,ttm_squeeze,2021-08-23,21.91,false,marginal,19,-3.2,4.9,-5.9
NVDA,ttm_squeeze,2025-12-22,183.68,timeout_up,marginal,20,0.6,5.4,-3.3
NVDA,volume_resistance,2021-06-02,16.74,true,confirmed,11,19.2,20.2,-1.2
NVDA,volume_resistance,2021-06-17,18.61,true,confirmed,9,-2.7,11.9,-4.5
NVDA,volume_resistance,2021-07-16,18.12,true,confirmed,4,11.2,14.2,-1.6
NVDA,volume_resistance,2021-08-23,21.91,false,marginal,19,-3.2,4.9,-5.9
NVDA,volume_resistance,2021-10-26,24.66,true,confirmed,6,28.4,40.2,-1.8
NVDA,volume_resistance,2021-11-10,29.4,true,confirmed,6,3.5,17.6,-4.8
NVDA,volume_resistance,2023-02-23,23.64,false,confirmed,5,14.9,16.6,-5.8
NVDA,volume_resistance,2023-03-17,25.7,true,confirmed,10,5.0,8.8,-2.3
NVDA,volume_resistance,2023-07-14,45.43,false,fakeout,18,-10.1,5.3,-10.6
NVDA,volume_resistance,2024-01-08,52.22,true,confirmed,5,30.6,33.5,-1.1
NVDA,volume_resistance,2024-02-22,78.49,true,confirmed,7,16.4,24.0,-1.8
NVDA,volume_resistance,2024-03-08,87.48,true,confirmed,10,-0.5,10.6,-3.8
NVDA,volume_resistance,2024-05-23,103.74,true,confirmed,2,13.8,35.6,-0.8
NVDA,volume_resistance,2024-11-20,145.83,false,fakeout,3,-10.4,4.8,-13.0
NVDA,volume_resistance,2025-10-28,201.01,false,fakeout,7,-11.5,5.6,-15.7
NVDA,volume_resistance,2026-04-30,199.57,true,confirmed,6,12.9,18.5,-2.4
NVDA,high_52w_momentum,2023-03-31,27.75,false,marginal,8,4.1,4.6,-5.6
NVDA,high_52w_momentum,2023-05-01,28.88,false,confirmed,3,38.7,45.1,-5.8
NVDA,high_52w_momentum,2023-05-16,29.19,true,confirmed,2,47.2,47.2,0.7
NVDA,high_52w_momentum,2023-06-13,40.99,true,confirmed,20,12.1,12.5,-2.2
NVDA,high_52w_momentum,2023-07-12,43.87,true,confirmed,2,-3.1,9.5,-4.0
NVDA,high_52w_momentum,2023-08-29,48.75,false,fakeout,6,-12.9,2.3,-16.0
NVDA,high_52w_momentum,2023-11-14,49.62,false,fakeout,11,-3.1,1.8,-9.4
NVDA,high_52w_momentum,2024-01-08,52.22,true,confirmed,5,30.6,33.5,-1.1
NVDA,high_52w_momentum,2024-01-24,61.32,true,confirmed,7,28.0,28.1,-1.3
NVDA,high_52w_momentum,2024-02-09,72.09,false,confirmed,6,18.9,35.0,-8.2
NVDA,high_52w_momentum,2024-02-29,79.06,true,confirmed,2,14.2,23.1,0.4
NVDA,high_52w_momentum,2024-03-22,94.24,false,fakeout,3,-15.7,2.6,-19.8
NVDA,high_52w_momentum,2024-05-21,95.33,true,confirmed,2,37.1,47.6,-2.2
NVDA,high_52w_momentum,2024-06-12,125.14,true,confirmed,4,3.2,12.4,-5.7
NVDA,high_52w_momentum,2024-10-14,138.02,false,confirmed,1,5.2,8.5,-6.8
NVDA,high_52w_momentum,2024-11-06,145.55,false,marginal,8,-0.4,5.0,-9.5
NVDA,high_52w_momentum,2025-06-25,154.28,true,confirmed,11,12.6,12.9,-1.8
NVDA,high_52w_momentum,2025-07-11,164.89,true,confirmed,12,10.8,11.5,-1.8
NVDA,high_52w_momentum,2025-07-28,176.72,timeout_up,marginal,20,1.7,4.4,-4.5
NVDA,high_52w_momentum,2025-08-12,183.13,false,fakeout,6,-3.2,0.7,-10.4
NVDA,high_52w_momentum,2025-09-22,183.59,false,marginal,3,-0.5,6.5,-5.7
NVDA,high_52w_momentum,2025-10-08,189.09,false,confirmed,5,3.2,12.2,-6.5
NVDA,high_52w_momentum,2025-10-28,201.01,false,fakeout,7,-11.5,5.6,-15.7
NVDA,high_52w_momentum,2026-04-24,208.27,false,confirmed,5,8.2,13.6,-6.5
NVDA,high_52w_momentum,2026-05-11,219.44,timeout_up,marginal,4,2.7,7.8,-2.1
AAPL,donchian_20,2021-06-14,127.19,true,confirmed,15,11.6,13.0,-1.5
AAPL,donchian_20,2021-06-29,132.89,true,confirmed,9,6.3,10.0,-0.4
AAPL,donchian_20,2021-08-16,147.53,timeout_down,marginal,20,-2.0,4.1,-4.4
AAPL,donchian_20,2021-09-07,152.96,false,fakeout,3,-9.9,0.2,-11.8
AAPL,donchian_20,2021-10-19,145.22,timeout_up,fakeout,20,1.7,3.0,-1.6
AAPL,donchian_20,2021-11-17,150.06,true,confirmed,9,12.2,18.7,-0.3
AAPL,donchian_20,2021-12-07,167.35,timeout_up,marginal,20,2.2,6.9,-2.2
AAPL,donchian_20,2022-03-23,166.62,timeout_down,marginal,20,-2.2,5.5,-3.9
AAPL,donchian_20,2022-07-14,145.55,true,confirmed,11,13.6,15.3,-1.2
AAPL,donchian_20,2022-07-29,159.31,true,confirmed,13,0.8,8.5,-1.8
AAPL,donchian_20,2022-08-15,170.02,false,fakeout,9,-11.2,1.7,-11.8
AAPL,donchian_20,2022-10-28,152.89,false,fakeout,3,-7.2,-0.2,-13.6
AAPL,donchian_20,2023-01-23,138.76,true,confirmed,9,5.4,11.5,-1.6
AAPL,donchian_20,2023-03-20,155.01,timeout_up,marginal,20,5.8,6.4,-0.9
AAPL,donchian_20,2023-04-19,165.08,timeout_up,marginal,20,3.2,4.2,-2.9
AAPL,donchian_20,2023-05-05,170.93,timeout_up,marginal,20,3.6,6.7,-1.7
AAPL,donchian_20,2023-05-30,174.85,timeout_up,marginal,20,6.7,7.1,-0.3
AAPL,donchian_20,2023-06-15,183.44,timeout_up,marginal,20,4.3,4.6,-1.8
AAPL,donchian_20,2023-07-19,192.4,false,fakeout,12,-9.4,1.1,-9.4
AAPL,donchian_20,2023-09-01,187.09,false,fakeout,3,-8.3,0.3,-11.5
AAPL,donchian_20,2023-10-11,177.55,false,fakeout,8,1.7,2.0,-7.9
AAPL,donchian_20,2023-11-08,180.61,timeout_up,marginal,20,6.4,6.8,-0.6
AAPL,donchian_20,2023-12-05,191.26,false,fakeout,19,-6.0,3.2,-6.5
AAPL,donchian_20,2024-05-03,181.56,timeout_up,marginal,20,6.0,6.5,-1.6
AAPL,donchian_20,2024-05-21,190.7,true,confirmed,15,9.0,14.5,-3.0
AAPL,donchian_20,2024-06-11,205.37,true,confirmed,16,9.9,12.5,-0.3
AAPL,donchian_20,2024-07-02,218.38,timeout_up,marginal,20,0.8,7.7,-2.6
AAPL,donchian_20,2024-10-15,232.11,false,fakeout,13,-4.0,1.3,-6.0
AAPL,donchian_20,2024-11-26,233.57,true,confirmed,15,10.2,10.7,-0.5
AAPL,donchian_20,2024-12-16,249.45,false,fakeout,16,-9.1,3.6,-9.2
AAPL,donchian_20,2025-07-01,207.0,timeout_up,marginal,20,0.6,4.0,-0.3
AAPL,donchian_20,2025-08-07,219.16,true,confirmed,18,9.1,9.8,-0.4
AAPL,donchian_20,2025-09-03,237.8,false,confirmed,5,7.1,8.5,-5.3
AAPL,donchian_20,2025-09-19,244.81,timeout_up,marginal,20,2.8,5.6,-0.6
AAPL,donchian_20,2025-10-20,261.5,timeout_up,marginal,20,2.1,5.8,-2.6
AAPL,donchian_20,2025-12-01,282.58,false,fakeout,13,-3.5,1.9,-5.7
AAPL,donchian_20,2026-02-04,275.98,false,fakeout,6,-5.8,1.6,-7.5
AAPL,donchian_20,2026-04-15,266.18,true,confirmed,15,12.3,13.0,-1.9
AAPL,donchian_20,2026-05-01,279.88,true,confirmed,10,7.3,8.3,-1.9
AAPL,darvas_box,2021-08-16,147.53,timeout_down,marginal,20,-2.0,4.1,-4.4
AAPL,darvas_box,2021-11-18,154.34,true,confirmed,12,8.4,15.4,-1.0
AAPL,darvas_box,2021-12-07,167.35,timeout_up,marginal,20,2.2,6.9,-2.2
AAPL,darvas_box,2023-03-20,155.01,timeout_up,marginal,20,5.8,6.4,-0.9
AAPL,darvas_box,2023-04-19,165.08,timeout_up,marginal,20,3.2,4.2,-2.9
AAPL,darvas_box,2023-05-18,172.63,timeout_up,marginal,20,5.6,6.8,-2.6
AAPL,darvas_box,2023-06-15,183.44,timeout_up,marginal,20,4.3,4.6,-1.8
AAPL,darvas_box,2023-07-19,192.4,false,fakeout,12,-9.4,1.1,-9.4
AAPL,darvas_box,2023-12-05,191.26,false,fakeout,19,-6.0,3.2,-6.5
AAPL,darvas_box,2024-06-11,205.37,true,confirmed,16,9.9,12.5,-0.3
AAPL,darvas_box,2024-07-02,218.38,timeout_up,marginal,20,0.8,7.7,-2.6
AAPL,darvas_box,2024-11-29,235.82,true,confirmed,17,6.3,9.6,-0.1
AAPL,darvas_box,2025-08-07,219.16,true,confirmed,18,9.1,9.8,-0.4
AAPL,darvas_box,2025-09-03,237.8,false,confirmed,5,7.1,8.5,-5.3
AAPL,darvas_box,2025-09-19,244.81,timeout_up,marginal,20,2.8,5.6,-0.6
AAPL,darvas_box,2025-10-20,261.5,timeout_up,marginal,20,2.1,5.8,-2.6
AAPL,darvas_box,2025-11-26,277.04,timeout_down,fakeout,20,-1.5,4.0,-3.8
AAPL,darvas_box,2026-05-08,293.05,timeout_up,fakeout,5,2.5,3.5,-1.0
AAPL,bollinger_squeeze,2021-06-14,127.19,true,confirmed,15,11.6,13.0,-1.5
AAPL,bollinger_squeeze,2021-08-16,147.53,timeout_down,marginal,20,-2.0,4.1,-4.4
AAPL,bollinger_squeeze,2021-09-07,152.96,false,fakeout,3,-9.9,0.2,-11.8
AAPL,bollinger_squeeze,2021-10-19,145.22,timeout_up,fakeout,20,1.7,3.0,-1.6
AAPL,bollinger_squeeze,2021-11-17,150.06,true,confirmed,9,12.2,18.7,-0.3
AAPL,bollinger_squeeze,2022-10-25,149.55,false,fakeout,2,-1.3,3.4,-11.6
AAPL,bollinger_squeeze,2023-01-23,138.76,true,confirmed,9,5.4,11.5,-1.6
AAPL,bollinger_squeeze,2023-03-20,155.01,timeout_up,marginal,20,5.8,6.4,-0.9
AAPL,bollinger_squeeze,2023-05-05,170.93,timeout_up,marginal,20,3.6,6.7,-1.7
AAPL,bollinger_squeeze,2023-06-01,177.6,timeout_up,marginal,20,7.7,8.0,-1.5
AAPL,bollinger_squeeze,2023-06-30,191.29,timeout_up,fakeout,20,1.3,2.2,-3.8
AAPL,bollinger_squeeze,2023-12-08,193.52,false,fakeout,15,-5.4,2.0,-7.9
AAPL,bollinger_squeeze,2024-05-03,181.56,timeout_up,marginal,20,6.0,6.5,-1.6
AAPL,bollinger_squeeze,2024-06-11,205.37,true,confirmed,16,9.9,12.5,-0.3
AAPL,bollinger_squeeze,2024-09-30,231.27,false,fakeout,5,0.2,1.9,-5.0
AAPL,bollinger_squeeze,2024-10-15,232.11,false,fakeout,13,-4.0,1.3,-6.0
AAPL,bollinger_squeeze,2024-11-26,233.57,true,confirmed,15,10.2,10.7,-0.5
AAPL,bollinger_squeeze,2025-07-01,207.0,timeout_up,marginal,20,0.6,4.0,-0.3
AAPL,bollinger_squeeze,2025-08-07,219.16,true,confirmed,18,9.1,9.8,-0.4
AAPL,bollinger_squeeze,2025-09-04,239.1,false,marginal,4,7.2,7.9,-5.8
AAPL,bollinger_squeeze,2025-09-19,244.81,timeout_up,marginal,20,2.8,5.6,-0.6
AAPL,bollinger_squeeze,2025-10-27,268.05,timeout_up,fakeout,20,2.7,3.2,-1.2
AAPL,bollinger_squeeze,2025-11-24,275.41,timeout_down,marginal,20,-1.3,4.6,-3.3
AAPL,bollinger_squeeze,2026-04-15,266.18,true,confirmed,15,12.3,13.0,-1.9
AAPL,ttm_squeeze,2021-06-09,123.92,true,confirmed,15,12.7,14.0,-0.9
AAPL,ttm_squeeze,2021-08-13,145.55,timeout_up,marginal,20,0.3,5.5,-3.1
AAPL,ttm_squeeze,2021-11-18,154.34,true,confirmed,12,8.4,15.4,-1.0
AAPL,ttm_squeeze,2024-10-18,233.25,false,fakeout,10,-4.1,0.8,-6.5
AAPL,ttm_squeeze,2025-07-01,207.0,timeout_up,marginal,20,0.6,4.0,-0.3
AAPL,ttm_squeeze,2025-12-01,282.58,false,fakeout,13,-3.5,1.9,-5.7
AAPL,volume_resistance,2021-11-18,154.34,true,confirmed,12,8.4,15.4,-1.0
AAPL,volume_resistance,2021-12-17,167.31,timeout_down,marginal,20,-0.8,6.9,-2.2
AAPL,volume_resistance,2023-05-04,163.27,true,confirmed,17,9.3,9.8,2.9
AAPL,volume_resistance,2023-12-15,195.36,false,fakeout,10,-7.5,0.1,-8.8
AAPL,volume_resistance,2024-06-10,191.46,true,confirmed,2,20.6,20.7,0.3
AAPL,volume_resistance,2024-12-20,252.87,false,fakeout,10,-12.1,2.2,-13.8
AAPL,volume_resistance,2025-08-07,219.16,true,confirmed,18,9.1,9.8,-0.4
AAPL,volume_resistance,2025-09-19,244.81,timeout_up,marginal,20,2.8,5.6,-0.6
AAPL,volume_resistance,2025-10-20,261.5,timeout_up,marginal,20,2.1,5.8,-2.6
AAPL,high_52w_momentum,2023-05-18,172.63,timeout_up,marginal,20,5.6,6.8,-2.6
AAPL,high_52w_momentum,2023-06-09,178.46,timeout_up,marginal,20,3.9,7.5,0.0
AAPL,high_52w_momentum,2023-06-27,185.46,timeout_up,marginal,20,3.4,5.4,-0.8
AAPL,high_52w_momentum,2023-07-17,191.31,false,fakeout,14,-7.4,2.2,-8.9
AAPL,high_52w_momentum,2023-12-13,195.74,false,fakeout,12,-6.1,0.8,-9.0
AAPL,high_52w_momentum,2024-06-11,205.37,true,confirmed,16,9.9,12.5,-0.3
AAPL,high_52w_momentum,2024-07-01,214.89,true,confirmed,9,0.9,9.4,-1.0
AAPL,high_52w_momentum,2024-10-18,233.25,false,fakeout,10,-4.1,0.8,-6.5
AAPL,high_52w_momentum,2024-11-29,235.82,true,confirmed,17,6.3,9.6,-0.1
AAPL,high_52w_momentum,2024-12-16,249.45,false,fakeout,16,-9.1,3.6,-9.2
AAPL,high_52w_momentum,2025-10-20,261.5,timeout_up,marginal,20,2.1,5.8,-2.6
AAPL,high_52w_momentum,2025-11-11,274.74,timeout_up,marginal,20,1.3,4.9,-3.6
AAPL,high_52w_momentum,2025-11-26,277.04,timeout_down,fakeout,20,-1.5,4.0,-3.8
AAPL,high_52w_momentum,2026-05-06,287.25,timeout_up,marginal,7,4.5,5.6,-0.6
MSFT,donchian_20,2021-06-07,244.11,true,confirmed,19,9.4,10.1,-0.5
MSFT,donchian_20,2021-06-22,255.36,timeout_up,marginal,20,6.0,7.0,-0.4
MSFT,donchian_20,2021-07-13,270.24,timeout_up,fakeout,20,1.9,3.8,-2.3
MSFT,donchian_20,2021-08-13,281.66,timeout_up,marginal,20,1.6,4.6,-1.2
MSFT,donchian_20,2021-10-18,296.11,true,confirmed,9,9.4,10.3,-0.4
MSFT,donchian_20,2021-11-02,321.01,timeout_down,marginal,20,-0.7,5.2,-1.3
MSFT,donchian_20,2021-11-19,331.23,false,fakeout,9,-6.8,1.9,-7.5
MSFT,donchian_20,2022-03-22,294.14,false,fakeout,14,-5.8,3.9,-8.5
MSFT,donchian_20,2022-07-28,268.02,timeout_up,marginal,20,1.1,6.4,-1.5
MSFT,donchian_20,2022-08-12,283.04,false,fakeout,7,-8.5,0.8,-13.5
MSFT,donchian_20,2022-10-25,243.56,false,fakeout,1,-2.0,-1.1,-14.9
MSFT,donchian_20,2022-11-23,241.25,false,marginal,20,-3.8,6.6,-5.5
MSFT,donchian_20,2022-12-13,250.35,false,fakeout,3,-7.2,2.2,-14.6
MSFT,donchian_20,2023-01-26,241.66,true,confirmed,8,0.7,11.6,-2.3
MSFT,donchian_20,2023-03-16,269.81,timeout_up,marginal,20,3.6,5.7,-2.4
MSFT,donchian_20,2023-03-31,281.63,timeout_up,marginal,20,6.0,7.2,-4.5
MSFT,donchian_20,2023-04-26,288.54,true,confirmed,16,6.5,9.5,-0.0
MSFT,donchian_20,2023-05-17,307.41,true,confirmed,20,10.9,11.4,-0.4
MSFT,donchian_20,2023-06-15,340.79,false,fakeout,6,-0.7,1.0,-6.1
MSFT,donchian_20,2023-07-18,351.94,false,fakeout,3,-10.5,0.8,-11.2
MSFT,donchian_20,2023-09-05,327.24,false,fakeout,12,-6.0,2.2,-7.2
MSFT,donchian_20,2023-10-25,334.22,true,confirmed,12,11.1,11.7,-4.0
MSFT,donchian_20,2023-11-10,362.67,timeout_up,marginal,20,0.6,4.2,-1.6
MSFT,donchian_20,2023-11-28,376.22,false,fakeout,4,-2.3,0.4,-5.2
MSFT,donchian_20,2024-01-10,376.29,true,confirmed,14,8.2,8.6,-0.6
MSFT,donchian_20,2024-01-29,402.78,timeout_down,fakeout,20,-0.4,2.7,-3.1
MSFT,donchian_20,2024-03-14,418.79,timeout_down,fakeout,20,-0.8,1.3,-2.9
MSFT,donchian_20,2024-05-15,417.44,timeout_up,marginal,20,4.4,4.8,-4.4
MSFT,donchian_20,2024-06-12,435.18,timeout_up,marginal,20,2.8,6.2,-1.0
MSFT,donchian_20,2024-07-01,450.64,false,fakeout,13,-7.4,2.5,-8.6
MSFT,donchian_20,2024-09-12,422.06,timeout_down,fakeout,20,-2.6,3.5,-4.4
MSFT,donchian_20,2024-12-02,426.85,timeout_down,marginal,20,-2.2,5.8,-2.4
MSFT,donchian_20,2025-01-22,441.92,false,fakeout,3,-6.6,0.5,-9.4
MSFT,donchian_20,2025-04-30,392.26,true,confirmed,1,16.3,17.2,7.5
MSFT,donchian_20,2025-05-15,450.51,timeout_up,marginal,20,4.8,6.0,-1.0
MSFT,donchian_20,2025-06-03,460.3,true,confirmed,18,6.1,8.2,0.0
MSFT,donchian_20,2025-06-23,483.19,timeout_up,marginal,20,4.0,5.9,0.2
MSFT,donchian_20,2025-07-09,500.6,true,confirmed,16,4.3,10.3,-1.1
MSFT,donchian_20,2025-07-31,530.42,false,fakeout,14,-4.3,0.9,-6.4
MSFT,donchian_20,2025-09-19,515.79,timeout_down,fakeout,20,-0.8,2.5,-2.5
MSFT,donchian_20,2025-10-06,526.38,timeout_down,marginal,20,-2.2,4.8,-4.3
MSFT,donchian_20,2025-10-27,529.32,false,fakeout,8,-10.7,4.2,-11.8
MSFT,donchian_20,2026-04-15,411.22,timeout_down,marginal,20,-1.5,5.5,-3.2
MSFT,darvas_box,2021-08-13,281.66,timeout_up,marginal,20,1.6,4.6,-1.2
MSFT,darvas_box,2021-10-18,296.11,true,confirmed,9,9.4,10.3,-0.4
MSFT,darvas_box,2021-11-16,327.16,false,fakeout,12,-1.3,3.2,-6.2
MSFT,darvas_box,2023-02-02,257.83,false,marginal,13,-3.3,4.6,-6.9
MSFT,darvas_box,2023-03-16,269.81,timeout_up,marginal,20,3.6,5.7,-2.4
MSFT,darvas_box,2023-04-26,288.54,true,confirmed,16,6.5,9.5,-0.0
MSFT,darvas_box,2023-06-15,340.79,false,fakeout,6,-0.7,1.0,-6.1
MSFT,darvas_box,2023-07-18,351.94,false,fakeout,3,-10.5,0.8,-11.2
MSFT,darvas_box,2023-11-02,341.73,true,confirmed,10,7.7,10.6,-0.3
MSFT,darvas_box,2024-01-11,378.12,true,confirmed,19,9.3,9.4,0.0
MSFT,darvas_box,2024-02-09,413.43,false,fakeout,6,-3.6,0.0,-5.4
MSFT,darvas_box,2024-03-14,418.79,timeout_down,fakeout,20,-0.8,1.3,-2.9
MSFT,darvas_box,2024-05-22,424.78,false,marginal,6,4.5,4.7,-6.0
MSFT,darvas_box,2024-06-12,435.18,timeout_up,marginal,20,2.8,6.2,-1.0
MSFT,darvas_box,2025-05-19,456.22,timeout_up,marginal,20,4.2,4.8,-2.2
MSFT,darvas_box,2025-07-09,500.6,true,confirmed,16,4.3,10.3,-1.1
MSFT,darvas_box,2025-07-31,530.42,false,fakeout,14,-4.3,0.9,-6.4
MSFT,bollinger_squeeze,2021-06-10,247.41,true,confirmed,16,8.0,9.1,-1.1
MSFT,bollinger_squeeze,2021-08-16,283.34,timeout_up,marginal,20,2.0,4.0,-1.8
MSFT,bollinger_squeeze,2022-07-28,268.02,timeout_up,marginal,20,1.1,6.4,-1.5
MSFT,bollinger_squeeze,2023-02-02,257.83,false,marginal,13,-3.3,4.6,-6.9
MSFT,bollinger_squeeze,2023-03-16,269.81,timeout_up,marginal,20,3.6,5.7,-2.4
MSFT,bollinger_squeeze,2023-04-26,288.54,true,confirmed,16,6.5,9.5,-0.0
MSFT,bollinger_squeeze,2023-05-25,319.08,timeout_up,marginal,20,0.8,7.8,-1.0
MSFT,bollinger_squeeze,2023-07-18,351.94,false,fakeout,3,-10.5,0.8,-11.2
MSFT,bollinger_squeeze,2023-09-05,327.24,false,fakeout,12,-6.0,2.2,-7.2
MSFT,bollinger_squeeze,2023-11-01,339.52,true,confirmed,10,9.7,11.3,-0.4
MSFT,bollinger_squeeze,2024-01-10,376.29,true,confirmed,14,8.2,8.6,-0.6
MSFT,bollinger_squeeze,2024-03-14,418.79,timeout_down,fakeout,20,-0.8,1.3,-2.9
MSFT,bollinger_squeeze,2024-10-29,426.96,false,fakeout,2,-0.7,1.5,-6.1
MSFT,bollinger_squeeze,2024-12-04,433.23,false,marginal,19,-3.2,4.3,-5.2
MSFT,bollinger_squeeze,2025-01-22,441.92,false,fakeout,3,-6.6,0.5,-9.4
MSFT,bollinger_squeeze,2025-06-09,470.02,timeout_up,marginal,20,6.5,7.2,-1.2
MSFT,bollinger_squeeze,2025-06-26,494.58,timeout_up,marginal,20,3.3,4.2,-1.8
MSFT,bollinger_squeeze,2025-07-31,530.42,false,fakeout,14,-4.3,0.9,-6.4
MSFT,bollinger_squeeze,2025-09-19,515.79,timeout_down,fakeout,20,-0.8,2.5,-2.5
MSFT,bollinger_squeeze,2025-10-06,526.38,timeout_down,marginal,20,-2.2,4.8,-4.3
MSFT,bollinger_squeeze,2025-10-27,529.32,false,fakeout,8,-10.7,4.2,-11.8
MSFT,ttm_squeeze,2021-12-27,330.59,false,fakeout,7,-15.8,0.5,-19.4
MSFT,ttm_squeeze,2022-07-28,268.02,timeout_up,marginal,20,1.1,6.4,-1.5
MSFT,ttm_squeeze,2023-07-18,351.94,false,fakeout,3,-10.5,0.8,-11.2
MSFT,ttm_squeeze,2023-08-30,322.57,false,fakeout,18,-4.6,3.7,-5.9
MSFT,ttm_squeeze,2023-11-01,339.52,true,confirmed,10,9.7,11.3,-0.4
MSFT,ttm_squeeze,2024-01-11,378.12,true,confirmed,19,9.3,9.4,0.0
MSFT,ttm_squeeze,2024-03-14,418.79,timeout_down,fakeout,20,-0.8,1.3,-2.9
MSFT,ttm_squeeze,2025-10-28,539.83,false,fakeout,4,-11.8,0.8,-14.1
MSFT,volume_resistance,2021-10-27,311.41,true,confirmed,18,4.8,8.4,-0.6
MSFT,volume_resistance,2021-11-30,319.14,timeout_up,marginal,20,3.4,4.1,-4.0
MSFT,volume_resistance,2022-11-30,248.61,false,fakeout,5,-5.5,3.4,-8.3
MSFT,volume_resistance,2023-02-07,260.72,false,fakeout,9,-4.9,3.4,-8.0
MSFT,volume_resistance,2023-03-17,272.97,timeout_up,marginal,20,3.4,4.5,-3.5
MSFT,volume_resistance,2023-04-26,288.54,true,confirmed,16,6.5,9.5,-0.0
MSFT,volume_resistance,2023-05-25,319.08,timeout_up,marginal,20,0.8,7.8,-1.0
MSFT,volume_resistance,2023-06-16,335.14,timeout_up,marginal,20,5.0,7.1,-4.5
MSFT,volume_resistance,2023-07-18,351.94,false,fakeout,3,-10.5,0.8,-11.2
MSFT,volume_resistance,2023-11-20,371.05,timeout_down,fakeout,20,-1.1,1.8,-3.9
MSFT,volume_resistance,2024-01-31,390.85,timeout_up,marginal,20,4.2,5.8,0.1
MSFT,volume_resistance,2024-03-14,418.79,timeout_down,fakeout,20,-0.8,1.3,-2.9
MSFT,volume_resistance,2024-06-21,443.78,timeout_down,marginal,20,-1.5,4.1,-4.0
MSFT,volume_resistance,2025-05-30,457.7,true,confirmed,18,8.0,8.8,-0.8
MSFT,volume_resistance,2025-06-20,474.64,timeout_up,marginal,20,6.8,7.8,-1.0
MSFT,high_52w_momentum,2023-04-26,288.54,true,confirmed,16,6.5,9.5,-0.0
MSFT,high_52w_momentum,2023-05-17,307.41,true,confirmed,20,10.9,11.4,-0.4
MSFT,high_52w_momentum,2023-06-02,328.36,timeout_up,marginal,20,0.8,4.8,-3.8
MSFT,high_52w_momentum,2023-07-18,351.94,false,fakeout,3,-10.5,0.8,-11.2
MSFT,high_52w_momentum,2023-11-07,353.71,timeout_up,marginal,20,2.5,6.8,-0.0
MSFT,high_52w_momentum,2023-11-22,371.45,timeout_down,fakeout,20,-1.1,1.7,-4.0
MSFT,high_52w_momentum,2024-01-10,376.29,true,confirmed,14,8.2,8.6,-0.6
MSFT,high_52w_momentum,2024-01-29,402.78,timeout_down,fakeout,20,-0.4,2.7,-3.1
MSFT,high_52w_momentum,2024-03-14,418.79,timeout_down,fakeout,20,-0.8,1.3,-2.9
MSFT,high_52w_momentum,2024-06-11,426.91,true,confirmed,16,5.1,8.2,0.1
MSFT,high_52w_momentum,2024-06-27,446.81,false,fakeout,18,-6.1,3.4,-7.9
MSFT,high_52w_momentum,2025-06-05,464.98,timeout_up,marginal,20,6.4,7.1,-0.2
MSFT,high_52w_momentum,2025-06-23,483.19,timeout_up,marginal,20,4.0,5.9,0.2
MSFT,high_52w_momentum,2025-07-09,500.6,true,confirmed,16,4.3,10.3,-1.1
MSFT,high_52w_momentum,2025-07-25,510.74,true,confirmed,4,-1.1,8.1,-2.0
MSFT,high_52w_momentum,2025-10-28,539.83,false,fakeout,4,-11.8,0.8,-14.1
AMZN,donchian_20,2021-06-10,167.48,true,confirmed,17,11.0,12.3,-0.5
AMZN,donchian_20,2021-07-06,183.79,false,fakeout,18,-8.4,2.6,-10.2
AMZN,donchian_20,2021-08-30,171.08,timeout_down,fakeout,20,-3.1,3.8,-3.8
AMZN,donchian_20,2021-10-18,172.34,false,marginal,9,2.9,4.6,-5.0
AMZN,donchian_20,2021-11-05,175.95,false,marginal,19,-2.6,6.9,-5.1
AMZN,donchian_20,2022-03-18,161.25,false,fakeout,16,-5.2,5.9,-7.2
AMZN,donchian_20,2022-07-19,118.21,true,confirmed,8,22.5,24.0,-3.1
AMZN,donchian_20,2022-08-03,139.52,false,fakeout,15,-9.1,5.1,-9.2
AMZN,donchian_20,2023-01-13,98.12,false,confirmed,3,1.4,16.2,-6.7
AMZN,donchian_20,2023-02-01,105.15,true,confirmed,1,-12.4,8.4,-14.0
AMZN,donchian_20,2023-03-31,103.29,false,marginal,7,-1.2,7.3,-5.4
AMZN,donchian_20,2023-04-19,104.3,true,confirmed,16,10.7,11.1,-3.0
AMZN,donchian_20,2023-05-11,112.18,true,confirmed,11,10.0,13.6,-2.6
AMZN,donchian_20,2023-05-26,120.11,true,confirmed,17,7.6,9.5,-0.8
AMZN,donchian_20,2023-06-22,130.15,timeout_down,marginal,20,-0.1,5.0,-3.3
AMZN,donchian_20,2023-07-13,134.3,false,marginal,9,3.2,6.9,-6.1
AMZN,donchian_20,2023-08-04,139.57,false,fakeout,10,-1.0,2.1,-6.4
AMZN,donchian_20,2023-09-11,143.1,false,fakeout,6,-10.4,1.9,-14.0
AMZN,donchian_20,2023-11-01,137.0,true,confirmed,17,6.6,8.9,-0.4
AMZN,donchian_20,2023-12-18,154.07,false,fakeout,11,-0.4,2.0,-6.5
AMZN,donchian_20,2024-01-26,159.12,true,confirmed,5,9.8,10.8,-2.7
AMZN,donchian_20,2024-02-29,176.76,timeout_up,fakeout,20,2.0,2.8,-3.0
AMZN,donchian_20,2024-04-11,189.05,false,fakeout,5,0.2,1.4,-12.0
AMZN,donchian_20,2024-06-21,189.08,timeout_down,marginal,20,-3.5,6.4,-4.7
AMZN,donchian_20,2024-09-11,184.52,timeout_up,marginal,20,0.4,5.9,-2.3
AMZN,donchian_20,2024-10-30,192.73,true,confirmed,6,6.8,12.0,-3.9
AMZN,donchian_20,2024-12-04,218.16,timeout_up,marginal,20,2.8,6.8,-0.4
AMZN,donchian_20,2025-01-22,235.01,false,fakeout,20,-5.2,3.2,-5.6
AMZN,donchian_20,2025-05-12,208.64,false,marginal,9,4.3,4.4,-5.2
AMZN,donchian_20,2025-06-09,216.98,timeout_up,fakeout,20,2.6,3.4,-4.5
AMZN,donchian_20,2025-06-27,223.3,timeout_up,marginal,20,4.2,5.7,-2.4
AMZN,donchian_20,2025-07-21,229.3,false,fakeout,9,1.0,3.2,-7.8
AMZN,donchian_20,2025-09-04,235.68,false,fakeout,13,-5.6,1.3,-8.2
AMZN,donchian_20,2025-10-28,229.25,true,confirmed,3,0.2,12.8,-6.1
AMZN,donchian_20,2026-01-06,240.93,false,fakeout,10,-3.3,3.3,-5.8
AMZN,donchian_20,2026-04-08,221.25,true,confirmed,2,24.3,25.9,0.9
AMZN,donchian_20,2026-04-24,263.99,timeout_up,marginal,15,0.1,5.5,-3.0
AMZN,darvas_box,2021-11-18,184.8,false,fakeout,5,-8.0,1.8,-10.6
AMZN,darvas_box,2023-05-17,115.5,true,confirmed,11,10.1,11.2,-1.5
AMZN,darvas_box,2023-06-22,130.15,timeout_down,marginal,20,-0.1,5.0,-3.3
AMZN,darvas_box,2023-07-13,134.3,false,marginal,9,3.2,6.9,-6.1
AMZN,darvas_box,2023-08-04,139.57,false,fakeout,10,-1.0,2.1,-6.4
AMZN,darvas_box,2023-09-13,144.85,false,fakeout,4,-9.0,0.7,-15.1
AMZN,darvas_box,2023-11-20,146.13,timeout_up,marginal,20,5.2,6.2,-3.2
AMZN,darvas_box,2023-12-15,149.97,timeout_up,marginal,20,1.2,4.8,-3.9
AMZN,darvas_box,2024-01-25,157.75,true,confirmed,6,10.9,11.4,-1.9
AMZN,darvas_box,2024-02-09,174.45,timeout_down,fakeout,20,-1.4,3.3,-5.0
AMZN,darvas_box,2024-02-29,176.76,timeout_up,fakeout,20,2.0,2.8,-3.0
AMZN,darvas_box,2024-04-03,182.41,false,marginal,16,-1.9,4.0,-8.8
AMZN,darvas_box,2024-06-26,193.61,false,fakeout,15,-7.1,3.9,-8.7
AMZN,darvas_box,2024-11-06,207.09,false,marginal,11,6.5,7.3,-5.5
AMZN,darvas_box,2024-12-04,218.16,timeout_up,marginal,20,2.8,6.8,-0.4
AMZN,darvas_box,2025-01-22,235.01,false,fakeout,20,-5.2,3.2,-5.6
AMZN,darvas_box,2025-06-27,223.3,timeout_up,marginal,20,4.2,5.7,-2.4
AMZN,darvas_box,2025-09-09,238.24,false,fakeout,3,-6.9,-0.2,-9.3
AMZN,darvas_box,2025-10-31,244.22,false,marginal,11,-4.2,5.9,-11.9
AMZN,darvas_box,2026-04-24,263.99,timeout_up,marginal,15,0.1,5.5,-3.0
AMZN,bollinger_squeeze,2021-06-10,167.48,true,confirmed,17,11.0,12.3,-0.5
AMZN,bollinger_squeeze,2021-08-31,173.54,false,fakeout,19,-4.9,2.3,-5.2
AMZN,bollinger_squeeze,2022-07-20,122.77,false,confirmed,4,15.7,19.4,-6.7
AMZN,bollinger_squeeze,2023-01-11,95.09,true,confirmed,11,3.3,19.9,-3.8
AMZN,bollinger_squeeze,2023-03-16,100.04,timeout_up,marginal,20,2.5,4.2,-4.3
AMZN,bollinger_squeeze,2023-04-21,106.96,false,confirmed,7,8.7,10.9,-5.4
AMZN,bollinger_squeeze,2023-05-10,110.19,true,confirmed,12,12.8,15.6,-0.9
AMZN,bollinger_squeeze,2023-07-13,134.3,false,marginal,9,3.2,6.9,-6.1
AMZN,bollinger_squeeze,2023-08-04,139.57,false,fakeout,10,-1.0,2.1,-6.4
AMZN,bollinger_squeeze,2023-09-11,143.1,false,fakeout,6,-10.4,1.9,-14.0
AMZN,bollinger_squeeze,2023-12-15,149.97,timeout_up,marginal,20,1.2,4.8,-3.9
AMZN,bollinger_squeeze,2024-02-02,171.81,timeout_up,marginal,20,3.4,4.8,-3.5
AMZN,bollinger_squeeze,2024-03-01,178.22,timeout_up,fakeout,20,1.5,2.7,-3.8
AMZN,bollinger_squeeze,2024-04-05,185.07,false,fakeout,10,0.6,2.5,-10.1
AMZN,bollinger_squeeze,2024-06-26,193.61,false,fakeout,15,-7.1,3.9,-8.7
AMZN,bollinger_squeeze,2024-09-11,184.52,timeout_up,marginal,20,0.4,5.9,-2.3
AMZN,bollinger_squeeze,2024-11-01,197.93,true,confirmed,8,6.5,9.1,-1.8
AMZN,bollinger_squeeze,2024-12-04,218.16,timeout_up,marginal,20,2.8,6.8,-0.4
AMZN,bollinger_squeeze,2025-01-21,230.71,timeout_down,marginal,20,-1.8,5.1,-3.0
AMZN,bollinger_squeeze,2025-06-09,216.98,timeout_up,fakeout,20,2.6,3.4,-4.5
AMZN,bollinger_squeeze,2025-06-27,223.3,timeout_up,marginal,20,4.2,5.7,-2.4
AMZN,bollinger_squeeze,2025-07-24,232.23,false,fakeout,6,-4.4,1.9,-9.0
AMZN,bollinger_squeeze,2025-09-04,235.68,false,fakeout,13,-5.6,1.3,-8.2
AMZN,bollinger_squeeze,2025-10-31,244.22,false,marginal,11,-4.2,5.9,-11.9
AMZN,bollinger_squeeze,2026-01-06,240.93,false,fakeout,10,-3.3,3.3,-5.8
AMZN,bollinger_squeeze,2026-04-08,221.25,true,confirmed,2,24.3,25.9,0.9
AMZN,ttm_squeeze,2021-06-09,164.06,true,confirmed,18,13.7,14.6,0.0
AMZN,ttm_squeeze,2022-07-20,122.77,false,confirmed,4,15.7,19.4,-6.7
AMZN,ttm_squeeze,2023-04-27,109.82,false,marginal,2,4.7,8.0,-7.9
AMZN,ttm_squeeze,2023-07-13,134.3,false,marginal,9,3.2,6.9,-6.1
AMZN,ttm_squeeze,2023-12-19,153.79,false,fakeout,10,1.0,2.2,-6.3
AMZN,ttm_squeeze,2024-04-01,180.97,false,marginal,18,-0.0,4.9,-8.1
AMZN,ttm_squeeze,2024-10-29,190.83,true,confirmed,6,8.9,13.1,-2.9
AMZN,ttm_squeeze,2025-01-21,230.71,timeout_down,marginal,20,-1.8,5.1,-3.0
AMZN,ttm_squeeze,2025-10-21,222.03,true,confirmed,8,0.2,16.5,-2.5
AMZN,ttm_squeeze,2026-04-07,213.77,true,confirmed,2,28.0,30.3,2.7
AMZN,volume_resistance,2021-07-06,183.79,false,fakeout,18,-8.4,2.6,-10.2
AMZN,volume_resistance,2021-11-18,184.8,false,fakeout,5,-8.0,1.8,-10.6
AMZN,volume_resistance,2022-07-29,134.95,true,confirmed,12,-3.1,8.6,-3.3
AMZN,volume_resistance,2023-08-04,139.57,false,fakeout,10,-1.0,2.1,-6.4
AMZN,volume_resistance,2024-02-01,159.28,true,confirmed,1,11.9,12.2,4.1
AMZN,volume_resistance,2024-03-15,174.42,true,confirmed,18,5.3,8.8,-0.5
AMZN,volume_resistance,2024-06-26,193.61,false,fakeout,15,-7.1,3.9,-8.7
AMZN,volume_resistance,2024-11-01,197.93,true,confirmed,8,6.5,9.1,-1.8
AMZN,volume_resistance,2024-12-20,224.92,timeout_up,marginal,20,4.7,4.7,-3.9
AMZN,volume_resistance,2025-01-27,235.42,false,fakeout,17,-9.6,3.0,-13.3
AMZN,volume_resistance,2025-06-27,223.3,timeout_up,marginal,20,4.2,5.7,-2.4
AMZN,volume_resistance,2025-07-31,234.11,false,fakeout,1,-1.1,-0.0,-9.7
AMZN,volume_resistance,2025-10-31,244.22,false,marginal,11,-4.2,5.9,-11.9
AMZN,volume_resistance,2026-04-29,263.04,timeout_up,marginal,12,0.4,5.9,-2.6
AMZN,high_52w_momentum,2023-09-11,143.1,false,fakeout,6,-10.4,1.9,-14.0
AMZN,high_52w_momentum,2023-11-14,145.8,timeout_up,fakeout,20,2.1,2.5,-4.3
AMZN,high_52w_momentum,2023-12-13,148.84,timeout_up,marginal,20,3.9,5.6,-3.2
AMZN,high_52w_momentum,2024-01-11,155.18,true,confirmed,15,12.4,12.8,-3.4
AMZN,high_52w_momentum,2024-01-29,161.26,true,confirmed,9,7.6,9.4,-4.0
AMZN,high_52w_momentum,2024-02-22,174.58,timeout_up,fakeout,20,2.0,3.9,-1.8
AMZN,high_52w_momentum,2024-03-14,178.75,timeout_up,marginal,20,4.1,6.2,-2.9
AMZN,high_52w_momentum,2024-04-01,180.97,false,marginal,18,-0.0,4.9,-8.1
AMZN,high_52w_momentum,2024-05-09,189.5,false,fakeout,12,-2.7,0.2,-8.2
AMZN,high_52w_momentum,2024-06-26,193.61,false,fakeout,15,-7.1,3.9,-8.7
AMZN,high_52w_momentum,2024-11-06,207.09,false,marginal,11,6.5,7.3,-5.5
AMZN,high_52w_momentum,2024-12-04,218.16,timeout_up,marginal,20,2.8,6.8,-0.4
AMZN,high_52w_momentum,2025-01-22,235.01,false,fakeout,20,-5.2,3.2,-5.6
AMZN,high_52w_momentum,2026-04-22,255.36,true,confirmed,8,3.4,9.1,-0.9
META,donchian_20,2021-05-27,330.16,timeout_up,fakeout,20,2.6,3.7,-2.8
META,donchian_20,2021-06-23,337.94,timeout_up,marginal,20,3.1,5.3,-1.8
META,donchian_20,2021-07-23,366.91,false,fakeout,6,-2.8,2.1,-6.0
META,donchian_20,2021-08-27,369.73,false,fakeout,15,-5.1,3.1,-8.6
META,donchian_20,2021-11-15,344.85,false,fakeout,10,-4.0,1.8,-13.8
META,donchian_20,2021-12-27,343.48,false,fakeout,7,-13.3,1.9,-16.5
META,donchian_20,2022-03-24,217.86,false,fakeout,16,-16.1,7.9,-16.5
META,donchian_20,2022-07-19,174.41,false,marginal,4,2.1,4.6,-11.9
META,donchian_20,2022-12-01,119.5,false,fakeout,3,-0.1,3.5,-6.6
META,donchian_20,2023-01-03,123.77,true,confirmed,7,22.8,23.1,-0.2
META,donchian_20,2023-01-20,138.28,true,confirmed,5,24.0,41.5,-0.5
META,donchian_20,2023-03-14,192.51,true,confirmed,13,10.3,11.8,-1.6
META,donchian_20,2023-03-31,210.29,true,confirmed,18,14.7,15.1,-2.3
META,donchian_20,2023-04-27,236.7,timeout_up,marginal,20,5.9,7.2,-3.7
META,donchian_20,2023-05-18,244.93,true,confirmed,7,13.8,16.6,-1.4
META,donchian_20,2023-06-15,279.64,true,confirmed,17,10.2,12.2,-2.0
META,donchian_20,2023-07-05,292.08,true,confirmed,10,6.8,10.8,-2.5
META,donchian_20,2023-07-28,322.95,false,fakeout,8,-12.3,0.1,-15.7
META,donchian_20,2023-09-11,305.17,false,marginal,12,3.5,4.2,-6.8
META,donchian_20,2023-10-06,312.97,false,marginal,13,-0.3,4.8,-11.4
META,donchian_20,2023-11-10,326.21,timeout_down,marginal,20,-1.1,4.3,-4.6
META,donchian_20,2023-12-18,341.94,true,confirmed,15,9.1,9.4,-1.3
META,donchian_20,2024-01-10,367.59,true,confirmed,12,26.9,31.2,-3.2
META,donchian_20,2024-01-29,397.9,true,confirmed,4,21.6,23.4,-3.5
META,donchian_20,2024-03-01,498.92,false,marginal,6,-2.2,4.2,-5.2
META,donchian_20,2024-06-05,491.73,true,confirmed,20,9.2,9.4,-1.0
META,donchian_20,2024-06-27,516.57,false,fakeout,2,-10.4,4.5,-14.8
META,donchian_20,2024-08-13,525.5,false,fakeout,17,-3.2,3.0,-6.2
META,donchian_20,2024-09-19,556.42,timeout_up,marginal,20,3.2,7.8,-0.9
META,donchian_20,2024-10-04,593.08,false,fakeout,13,-4.8,1.2,-5.8
META,donchian_20,2024-12-03,610.71,false,marginal,13,-2.3,4.0,-5.4
META,donchian_20,2025-01-23,633.91,true,confirmed,5,7.4,16.4,-1.8
META,donchian_20,2025-02-12,722.48,false,fakeout,6,-18.6,2.1,-19.1
META,donchian_20,2025-05-02,595.16,true,confirmed,7,12.4,12.8,-1.7
META,donchian_20,2025-06-02,668.81,true,confirmed,17,7.3,11.6,-0.9
META,donchian_20,2025-06-24,710.53,timeout_up,marginal,20,0.2,5.0,-2.9
META,donchian_20,2025-07-31,771.63,false,fakeout,14,-2.9,2.9,-5.5
META,donchian_20,2025-09-16,777.17,false,fakeout,8,-9.0,1.5,-11.3
META,donchian_20,2025-10-27,749.57,false,fakeout,3,-18.3,1.1,-22.6
META,donchian_20,2025-12-04,660.43,timeout_down,marginal,20,-0.3,7.5,-3.5
META,donchian_20,2026-01-26,671.78,true,confirmed,3,-4.9,10.7,-6.6
META,donchian_20,2026-04-14,662.49,false,fakeout,12,-9.0,4.4,-10.5
META,darvas_box,2021-07-23,366.91,false,fakeout,6,-2.8,2.1,-6.0
META,darvas_box,2021-08-30,377.7,false,fakeout,13,-10.5,1.0,-11.0
META,darvas_box,2023-03-15,196.21,true,confirmed,14,11.4,11.8,-2.1
META,darvas_box,2023-03-31,210.29,true,confirmed,18,14.7,15.1,-2.3
META,darvas_box,2023-04-27,236.7,timeout_up,marginal,20,5.9,7.2,-3.7
META,darvas_box,2023-05-18,244.93,true,confirmed,7,13.8,16.6,-1.4
META,darvas_box,2023-06-15,279.64,true,confirmed,17,10.2,12.2,-2.0
META,darvas_box,2023-07-05,292.08,true,confirmed,10,6.8,10.8,-2.5
META,darvas_box,2023-07-28,322.95,false,fakeout,8,-12.3,0.1,-15.7
META,darvas_box,2023-10-11,325.27,false,fakeout,7,-2.5,0.8,-14.8
META,darvas_box,2023-11-14,333.69,false,fakeout,13,-0.5,2.0,-6.7
META,darvas_box,2023-12-18,341.94,true,confirmed,15,9.1,9.4,-1.3
META,darvas_box,2024-01-10,367.59,true,confirmed,12,26.9,31.2,-3.2
META,darvas_box,2024-02-22,482.86,timeout_up,marginal,20,4.4,7.7,-2.1
META,darvas_box,2024-04-05,523.79,false,fakeout,6,-14.3,0.8,-21.4
META,darvas_box,2024-07-05,536.81,false,fakeout,4,-9.6,0.5,-18.0
META,darvas_box,2024-09-19,556.42,timeout_up,marginal,20,3.2,7.8,-0.9
META,darvas_box,2024-12-03,610.71,false,marginal,13,-2.3,4.0,-5.4
META,darvas_box,2025-01-24,644.9,true,confirmed,4,3.2,14.4,-3.5
META,darvas_box,2025-06-24,710.53,timeout_up,marginal,20,0.2,5.0,-2.9
META,darvas_box,2025-07-31,771.63,false,fakeout,14,-2.9,2.9,-5.5
META,bollinger_squeeze,2021-06-23,337.94,timeout_up,marginal,20,3.1,5.3,-1.8
META,bollinger_squeeze,2021-07-23,366.91,false,fakeout,6,-2.8,2.1,-6.0
META,bollinger_squeeze,2021-08-27,369.73,false,fakeout,15,-5.1,3.1,-8.6
META,bollinger_squeeze,2022-07-20,181.66,false,fakeout,2,-4.5,0.4,-15.4
META,bollinger_squeeze,2023-01-03,123.77,true,confirmed,7,22.8,23.1,-0.2
META,bollinger_squeeze,2023-01-27,150.56,true,confirmed,4,11.7,29.9,-3.2
META,bollinger_squeeze,2023-03-14,192.51,true,confirmed,13,10.3,11.8,-1.6
META,bollinger_squeeze,2023-04-27,236.7,timeout_up,marginal,20,5.9,7.2,-3.7
META,bollinger_squeeze,2023-05-26,260.0,true,confirmed,13,9.5,10.6,-1.4
META,bollinger_squeeze,2023-07-12,306.93,false,marginal,7,-1.3,5.5,-6.8
META,bollinger_squeeze,2023-07-28,322.95,false,fakeout,8,-12.3,0.1,-15.7
META,bollinger_squeeze,2023-09-14,309.29,false,marginal,5,4.0,6.0,-8.0
META,bollinger_squeeze,2023-10-06,312.97,false,marginal,13,-0.3,4.8,-11.4
META,bollinger_squeeze,2023-12-19,347.63,true,confirmed,20,9.4,9.7,-3.0
META,bollinger_squeeze,2024-03-01,498.92,false,marginal,6,-2.2,4.2,-5.2
META,bollinger_squeeze,2024-04-05,523.79,false,fakeout,6,-14.3,0.8,-21.4
META,bollinger_squeeze,2024-06-05,491.73,true,confirmed,20,9.2,9.4,-1.0
META,bollinger_squeeze,2024-07-05,536.81,false,fakeout,4,-9.6,0.5,-18.0
META,bollinger_squeeze,2024-08-09,514.79,timeout_down,marginal,20,-2.5,5.1,-3.8
META,bollinger_squeeze,2024-09-19,556.42,timeout_up,marginal,20,3.2,7.8,-0.9
META,bollinger_squeeze,2024-12-03,610.71,false,marginal,13,-2.3,4.0,-5.4
META,bollinger_squeeze,2025-01-23,633.91,true,confirmed,5,7.4,16.4,-1.8
META,bollinger_squeeze,2025-06-06,695.54,timeout_up,marginal,20,3.4,7.3,-2.7
META,bollinger_squeeze,2025-06-27,731.91,false,fakeout,14,-2.2,1.9,-5.7
META,bollinger_squeeze,2025-07-31,771.63,false,fakeout,14,-2.9,2.9,-5.5
META,bollinger_squeeze,2025-09-16,777.17,false,fakeout,8,-9.0,1.5,-11.3
META,bollinger_squeeze,2025-10-27,749.57,false,fakeout,3,-18.3,1.1,-22.6
META,bollinger_squeeze,2025-12-05,672.3,false,marginal,5,-1.8,5.6,-5.2
META,bollinger_squeeze,2026-01-29,737.68,false,fakeout,3,-12.2,-0.8,-14.9
META,ttm_squeeze,2021-06-24,340.51,true,confirmed,20,7.8,9.4,-2.5
META,ttm_squeeze,2021-08-27,369.73,false,fakeout,15,-5.1,3.1,-8.6
META,ttm_squeeze,2023-01-04,126.38,true,confirmed,6,48.2,54.8,-2.2
META,ttm_squeeze,2023-10-10,319.33,false,fakeout,11,-0.9,2.7,-13.2
META,ttm_squeeze,2024-04-08,515.75,false,fakeout,7,-10.3,1.3,-20.2
META,ttm_squeeze,2024-06-06,490.44,true,confirmed,19,7.3,10.0,-0.7
META,ttm_squeeze,2024-07-05,536.81,false,fakeout,4,-9.6,0.5,-18.0
META,ttm_squeeze,2025-01-21,614.0,true,confirmed,5,14.2,20.2,0.5
META,ttm_squeeze,2025-09-16,777.17,false,fakeout,8,-9.0,1.5,-11.3
META,volume_resistance,2021-04-29,326.94,false,fakeout,7,1.0,1.3,-9.5
META,volume_resistance,2021-06-28,352.87,false,marginal,14,3.4,5.5,-5.9
META,volume_resistance,2021-07-23,366.91,false,fakeout,6,-2.8,2.1,-6.0
META,volume_resistance,2023-02-01,151.93,true,confirmed,1,14.0,28.8,9.5
META,volume_resistance,2023-03-16,203.33,false,confirmed,2,8.1,8.4,-5.5
META,volume_resistance,2023-04-26,207.77,true,confirmed,1,19.0,21.1,9.8
META,volume_resistance,2023-06-16,278.81,true,confirmed,16,11.0,12.5,-1.7
META,volume_resistance,2023-07-06,289.72,true,confirmed,5,7.3,11.7,-1.7
META,volume_resistance,2023-07-21,291.97,true,confirmed,4,-3.7,10.9,-6.8
META,volume_resistance,2024-02-01,391.71,true,confirmed,1,27.4,27.9,14.7
META,volume_resistance,2024-07-05,536.81,false,fakeout,4,-9.6,0.5,-18.0
META,volume_resistance,2024-09-20,558.66,timeout_up,marginal,20,2.7,7.4,-1.3
META,volume_resistance,2025-01-24,644.9,true,confirmed,4,3.2,14.4,-3.5
META,volume_resistance,2025-06-20,680.75,true,confirmed,6,4.5,9.6,-0.5
META,volume_resistance,2025-07-31,771.63,false,fakeout,14,-2.9,2.9,-5.5
META,high_52w_momentum,2023-04-27,236.7,timeout_up,marginal,20,5.9,7.2,-3.7
META,high_52w_momentum,2023-05-18,244.93,true,confirmed,7,13.8,16.6,-1.4
META,high_52w_momentum,2023-06-14,271.22,true,confirmed,13,13.0,15.7,-0.7
META,high_52w_momentum,2023-07-05,292.08,true,confirmed,10,6.8,10.8,-2.5
META,high_52w_momentum,2023-07-28,322.95,false,fakeout,8,-12.3,0.1,-15.7
META,high_52w_momentum,2023-10-11,325.27,false,fakeout,7,-2.5,0.8,-14.8
META,high_52w_momentum,2023-11-10,326.21,timeout_down,marginal,20,-1.1,4.3,-4.6
META,high_52w_momentum,2023-12-18,341.94,true,confirmed,15,9.1,9.4,-1.3
META,high_52w_momentum,2024-01-08,355.87,true,confirmed,9,26.8,35.5,-0.9
META,high_52w_momentum,2024-01-24,387.66,true,confirmed,7,24.6,25.5,-1.3
META,high_52w_momentum,2024-02-15,480.26,true,confirmed,15,0.1,8.3,-4.5
META,high_52w_momentum,2024-03-07,508.74,false,fakeout,2,3.0,3.6,-7.1
META,high_52w_momentum,2024-04-05,523.79,false,fakeout,6,-14.3,0.8,-21.4
META,high_52w_momentum,2024-07-05,536.81,false,fakeout,4,-9.6,0.5,-18.0
META,high_52w_momentum,2024-09-19,556.42,timeout_up,marginal,20,3.2,7.8,-0.9
META,high_52w_momentum,2024-10-04,593.08,false,fakeout,13,-4.8,1.2,-5.8
META,high_52w_momentum,2024-12-06,620.78,false,fakeout,10,-0.9,2.3,-6.9
META,high_52w_momentum,2025-01-23,633.91,true,confirmed,5,7.4,16.4,-1.8
META,high_52w_momentum,2025-02-07,711.66,false,fakeout,10,-16.3,3.7,-17.9
META,high_52w_momentum,2025-06-30,736.36,false,fakeout,11,-5.2,-0.0,-6.3
META,high_52w_momentum,2025-07-31,771.63,false,fakeout,14,-2.9,2.9,-5.5
TSLA,donchian_20,2021-06-23,218.86,false,marginal,10,-1.1,6.6,-5.5
TSLA,donchian_20,2021-08-02,236.56,false,fakeout,11,3.0,3.0,-8.6
TSLA,donchian_20,2021-08-30,243.64,true,confirmed,19,6.4,9.3,-3.0
TSLA,donchian_20,2021-09-24,258.13,true,confirmed,15,17.5,17.5,-1.4
TSLA,donchian_20,2021-10-14,272.77,true,confirmed,5,30.0,52.0,0.5
TSLA,donchian_20,2021-10-29,371.33,true,confirmed,1,2.1,11.6,-12.2
TSLA,donchian_20,2022-01-03,399.93,false,fakeout,1,-22.4,0.7,-34.0
TSLA,donchian_20,2022-03-21,307.05,true,confirmed,1,11.6,25.2,0.1
TSLA,donchian_20,2022-07-21,271.71,false,confirmed,3,11.5,15.8,-5.7
TSLA,donchian_20,2023-01-23,143.75,true,confirmed,3,37.3,51.4,-4.0
TSLA,donchian_20,2023-02-08,201.29,false,confirmed,3,-14.1,8.1,-14.3
TSLA,donchian_20,2023-03-31,207.46,false,fakeout,1,-22.0,-2.3,-26.6
TSLA,donchian_20,2023-05-19,180.14,true,confirmed,5,52.4,52.5,-1.1
TSLA,donchian_20,2023-06-06,221.31,true,confirmed,3,25.0,28.4,0.8
TSLA,donchian_20,2023-07-03,279.82,false,fakeout,4,-6.7,7.0,-9.2
TSLA,donchian_20,2023-09-11,273.58,false,fakeout,8,-5.1,2.0,-14.3
TSLA,donchian_20,2023-11-28,246.72,false,marginal,3,6.0,6.7,-7.5
TSLA,donchian_20,2023-12-27,261.44,false,fakeout,2,-29.9,1.4,-31.1
TSLA,donchian_20,2024-04-29,194.05,false,fakeout,1,-8.9,-1.6,-13.6
TSLA,donchian_20,2024-06-26,196.37,true,confirmed,3,12.2,38.0,-1.2
TSLA,donchian_20,2024-09-05,230.17,false,confirmed,1,4.6,15.1,-8.5
TSLA,donchian_20,2024-09-23,250.0,false,fakeout,13,-12.5,5.9,-14.5
TSLA,donchian_20,2024-10-25,269.19,false,confirmed,2,31.0,34.3,-11.3
TSLA,donchian_20,2024-11-11,350.0,false,confirmed,1,14.6,17.1,-11.7
TSLA,donchian_20,2024-12-05,369.49,true,confirmed,2,11.2,32.2,0.4
TSLA,donchian_20,2025-05-09,298.26,true,confirmed,1,3.5,23.3,-8.4
TSLA,donchian_20,2025-05-27,362.89,false,fakeout,4,-9.7,1.3,-24.7
TSLA,donchian_20,2025-08-11,339.03,false,marginal,7,2.3,5.7,-7.2
TSLA,donchian_20,2025-08-26,351.67,false,confirmed,3,25.9,26.5,-7.4
TSLA,donchian_20,2025-09-11,368.81,true,confirmed,2,18.1,27.6,0.4
TSLA,donchian_20,2025-10-01,459.46,false,fakeout,1,0.4,2.5,-10.4
TSLA,donchian_20,2025-11-03,468.37,false,fakeout,1,-8.4,-0.2,-18.3
TSLA,donchian_20,2025-12-12,458.96,true,confirmed,6,-2.6,8.7,-7.5
TSLA,donchian_20,2026-04-17,400.62,false,confirmed,4,5.4,13.2,-9.1
TSLA,donchian_20,2026-05-07,411.79,true,confirmed,2,2.5,10.1,1.1
TSLA,darvas_box,2021-08-30,243.64,true,confirmed,19,6.4,9.3,-3.0
TSLA,darvas_box,2021-09-24,258.13,true,confirmed,15,17.5,17.5,-1.4
TSLA,darvas_box,2021-10-13,270.36,true,confirmed,4,31.7,53.3,0.3
TSLA,darvas_box,2023-06-06,221.31,true,confirmed,3,25.0,28.4,0.8
TSLA,darvas_box,2023-07-03,279.82,false,fakeout,4,-6.7,7.0,-9.2
TSLA,darvas_box,2024-11-06,288.53,true,confirmed,2,28.1,30.1,-1.0
TSLA,darvas_box,2024-12-05,369.49,true,confirmed,2,11.2,32.2,0.4
TSLA,darvas_box,2025-09-11,368.81,true,confirmed,2,18.1,27.6,0.4
TSLA,darvas_box,2025-10-01,459.46,false,fakeout,1,0.4,2.5,-10.4
TSLA,darvas_box,2025-12-15,475.31,false,fakeout,11,-7.6,4.9,-10.7
TSLA,bollinger_squeeze,2021-06-23,218.86,false,marginal,10,-1.1,6.6,-5.5
TSLA,bollinger_squeeze,2021-07-30,229.07,false,marginal,12,3.6,6.2,-5.6
TSLA,bollinger_squeeze,2021-09-24,258.13,true,confirmed,15,17.5,17.5,-1.4
TSLA,bollinger_squeeze,2021-10-15,281.01,true,confirmed,6,22.6,47.5,1.0
TSLA,bollinger_squeeze,2022-03-21,307.05,true,confirmed,1,11.6,25.2,0.1
TSLA,bollinger_squeeze,2022-07-21,271.71,false,confirmed,3,11.5,15.8,-5.7
TSLA,bollinger_squeeze,2023-03-31,207.46,false,fakeout,1,-22.0,-2.3,-26.6
TSLA,bollinger_squeeze,2023-05-19,180.14,true,confirmed,5,52.4,52.5,-1.1
TSLA,bollinger_squeeze,2023-06-09,244.4,true,confirmed,6,10.4,16.3,-1.5
TSLA,bollinger_squeeze,2023-09-11,273.58,false,fakeout,8,-5.1,2.0,-14.3
TSLA,bollinger_squeeze,2023-11-15,242.84,false,marginal,2,3.4,4.5,-6.7
TSLA,bollinger_squeeze,2023-12-14,251.05,false,fakeout,12,-12.4,5.6,-15.5
TSLA,bollinger_squeeze,2024-04-29,194.05,false,fakeout,1,-8.9,-1.6,-13.6
TSLA,bollinger_squeeze,2024-06-17,187.44,true,confirmed,8,32.6,44.6,-4.2
TSLA,bollinger_squeeze,2024-09-19,243.92,true,confirmed,7,-9.4,8.6,-12.4
TSLA,bollinger_squeeze,2024-12-06,389.22,true,confirmed,3,1.3,25.5,-4.2
TSLA,bollinger_squeeze,2025-09-11,368.81,true,confirmed,2,18.1,27.6,0.4
TSLA,bollinger_squeeze,2025-11-03,468.37,false,fakeout,1,-8.4,-0.2,-18.3
TSLA,ttm_squeeze,2021-06-22,207.9,true,confirmed,2,5.1,12.2,-0.5
TSLA,ttm_squeeze,2021-08-03,236.58,false,marginal,10,3.7,4.3,-8.6
TSLA,ttm_squeeze,2022-07-21,271.71,false,confirmed,3,11.5,15.8,-5.7
TSLA,ttm_squeeze,2023-12-19,257.22,false,fakeout,9,-17.5,3.1,-19.3
TSLA,ttm_squeeze,2024-06-26,196.37,true,confirmed,3,12.2,38.0,-1.2
TSLA,ttm_squeeze,2024-09-11,228.13,true,confirmed,8,5.7,16.1,-2.0
TSLA,ttm_squeeze,2025-04-25,284.95,true,confirmed,11,19.1,24.6,-5.0
TSLA,volume_resistance,2021-08-02,236.56,false,fakeout,11,3.0,3.0,-8.6
TSLA,volume_resistance,2021-09-17,253.16,false,confirmed,1,11.0,11.0,-5.4
TSLA,volume_resistance,2021-10-04,260.51,true,confirmed,10,54.6,54.8,-1.1
TSLA,volume_resistance,2021-10-21,298.0,true,confirmed,2,22.6,39.1,-0.3
TSLA,volume_resistance,2021-11-09,341.17,true,confirmed,6,4.4,17.4,-7.1
TSLA,volume_resistance,2024-07-01,209.86,true,confirmed,1,6.1,29.1,2.3
TSLA,volume_resistance,2024-10-25,269.19,false,confirmed,2,31.0,34.3,-11.3
TSLA,volume_resistance,2024-11-11,350.0,false,confirmed,1,14.6,17.1,-11.7
TSLA,volume_resistance,2024-12-17,479.86,false,fakeout,1,-11.1,1.8,-22.3
TSLA,volume_resistance,2025-09-12,395.94,true,confirmed,3,4.4,18.9,1.6
TSLA,high_52w_momentum,2024-10-25,269.19,false,confirmed,2,31.0,34.3,-11.3
TSLA,high_52w_momentum,2024-11-11,350.0,false,confirmed,1,14.6,17.1,-11.7
TSLA,high_52w_momentum,2024-12-02,357.09,true,confirmed,4,13.1,36.8,-2.5
TSLA,high_52w_momentum,2024-12-17,479.86,false,fakeout,1,-11.1,1.8,-22.3
TSLA,high_52w_momentum,2025-12-16,489.88,false,fakeout,8,-10.5,1.8,-13.4
AVGO,donchian_20,2021-05-28,42.73,timeout_up,fakeout,20,0.9,1.6,-2.6
AVGO,donchian_20,2021-06-29,43.51,timeout_up,fakeout,20,0.1,3.5,-4.5
AVGO,donchian_20,2021-08-27,45.22,timeout_up,fakeout,20,2.5,3.0,-1.6
AVGO,donchian_20,2021-09-15,46.48,false,fakeout,12,-4.2,0.2,-6.6
AVGO,donchian_20,2021-10-19,46.88,true,confirmed,13,11.4,11.6,-0.4
AVGO,donchian_20,2021-11-03,49.82,timeout_up,marginal,20,1.9,6.4,-0.3
AVGO,donchian_20,2021-11-18,52.8,false,confirmed,5,10.5,12.2,-5.5
AVGO,donchian_20,2021-12-07,54.23,true,confirmed,3,9.6,15.5,-1.3
AVGO,donchian_20,2021-12-22,60.57,false,fakeout,11,-18.6,3.4,-18.9
AVGO,donchian_20,2022-03-16,56.12,timeout_down,marginal,20,-1.7,7.0,-3.9
AVGO,donchian_20,2022-07-21,48.58,true,confirmed,17,7.9,8.3,-2.2
AVGO,donchian_20,2022-08-12,52.38,false,fakeout,6,-5.2,0.4,-13.9
AVGO,donchian_20,2022-11-08,45.62,true,confirmed,4,7.5,14.6,-2.7
AVGO,donchian_20,2022-11-23,50.49,true,confirmed,13,4.5,9.7,-3.5
AVGO,donchian_20,2022-12-12,52.67,true,confirmed,18,4.7,9.0,-2.0
AVGO,donchian_20,2023-01-06,56.14,false,marginal,2,2.2,4.2,-6.5
AVGO,donchian_20,2023-02-01,57.51,false,fakeout,14,-0.7,2.4,-5.1
AVGO,donchian_20,2023-03-03,60.37,timeout_up,fakeout,20,2.1,3.2,-4.1
AVGO,donchian_20,2023-05-17,63.18,true,confirmed,6,34.4,40.2,-0.2
AVGO,donchian_20,2023-07-12,85.98,timeout_down,fakeout,20,-4.4,3.7,-4.6
AVGO,donchian_20,2023-08-31,89.16,false,fakeout,1,-9.5,-2.3,-13.4
AVGO,donchian_20,2023-10-11,84.95,false,marginal,11,4.2,5.9,-6.4
AVGO,donchian_20,2023-11-10,93.01,false,confirmed,14,7.5,8.6,-5.7
AVGO,donchian_20,2023-12-11,99.98,true,confirmed,3,5.5,12.3,-0.5
AVGO,donchian_20,2024-01-19,118.19,timeout_up,marginal,20,2.8,7.0,-3.0
AVGO,donchian_20,2024-02-22,127.34,true,confirmed,7,3.7,10.2,-7.7
AVGO,donchian_20,2024-05-14,135.24,false,confirmed,12,8.4,9.1,-5.6
AVGO,donchian_20,2024-06-11,143.18,true,confirmed,2,17.1,26.7,1.1
AVGO,donchian_20,2024-08-15,163.32,false,fakeout,8,0.9,3.8,-18.8
AVGO,donchian_20,2024-09-23,170.58,timeout_up,marginal,20,4.1,7.8,-4.1
AVGO,donchian_20,2024-10-08,178.26,false,fakeout,12,-3.8,3.1,-7.4
AVGO,donchian_20,2024-12-11,180.7,true,confirmed,2,23.3,37.5,-3.9
AVGO,donchian_20,2025-04-24,186.64,true,confirmed,6,22.5,25.7,-2.2
AVGO,donchian_20,2025-05-12,219.8,true,confirmed,11,10.4,19.8,0.0
AVGO,donchian_20,2025-05-28,237.51,true,confirmed,5,13.1,13.7,-1.9
AVGO,donchian_20,2025-06-26,268.63,true,confirmed,20,7.4,8.3,-2.8
AVGO,donchian_20,2025-07-17,284.82,true,confirmed,15,8.7,10.8,-4.7
AVGO,donchian_20,2025-08-12,311.05,false,confirmed,5,18.1,19.2,-9.9
AVGO,donchian_20,2025-09-05,332.98,true,confirmed,3,1.2,11.7,-2.9
AVGO,donchian_20,2025-10-28,371.48,false,marginal,5,3.2,4.1,-11.8
AVGO,donchian_20,2025-11-26,395.98,false,fakeout,4,-11.3,4.3,-19.2
AVGO,donchian_20,2026-04-09,354.91,true,confirmed,4,16.2,23.3,1.7
AVGO,donchian_20,2026-05-14,439.79,timeout_down,fakeout,1,-3.3,-1.6,-4.5
AVGO,darvas_box,2021-08-27,45.22,timeout_up,fakeout,20,2.5,3.0,-1.6
AVGO,darvas_box,2021-09-15,46.48,false,fakeout,12,-4.2,0.2,-6.6
AVGO,darvas_box,2021-10-19,46.88,true,confirmed,13,11.4,11.6,-0.4
AVGO,darvas_box,2021-12-07,54.23,true,confirmed,3,9.6,15.5,-1.3
AVGO,darvas_box,2022-12-12,52.67,true,confirmed,18,4.7,9.0,-2.0
AVGO,darvas_box,2023-01-06,56.14,false,marginal,2,2.2,4.2,-6.5
AVGO,darvas_box,2023-02-01,57.51,false,fakeout,14,-0.7,2.4,-5.1
AVGO,darvas_box,2023-03-03,60.37,timeout_up,fakeout,20,2.1,3.2,-4.1
AVGO,darvas_box,2023-05-17,63.18,true,confirmed,6,34.4,40.2,-0.2
AVGO,darvas_box,2023-07-25,88.69,false,fakeout,11,-6.8,0.3,-11.5
AVGO,darvas_box,2023-11-10,93.01,false,confirmed,14,7.5,8.6,-5.7
AVGO,darvas_box,2023-12-11,99.98,true,confirmed,3,5.5,12.3,-0.5
AVGO,darvas_box,2024-01-19,118.19,timeout_up,marginal,20,2.8,7.0,-3.0
AVGO,darvas_box,2024-02-22,127.34,true,confirmed,7,3.7,10.2,-7.7
AVGO,darvas_box,2024-05-15,140.74,false,confirmed,10,16.9,20.9,-9.3
AVGO,darvas_box,2024-06-11,143.18,true,confirmed,2,17.1,26.7,1.1
AVGO,darvas_box,2024-10-08,178.26,false,fakeout,12,-3.8,3.1,-7.4
AVGO,darvas_box,2024-12-13,221.73,true,confirmed,1,1.7,12.0,-3.2
AVGO,darvas_box,2025-05-27,233.76,true,confirmed,5,12.6,14.8,-0.5
AVGO,darvas_box,2025-06-26,268.63,true,confirmed,20,7.4,8.3,-2.8
AVGO,darvas_box,2025-08-12,311.05,false,confirmed,5,18.1,19.2,-9.9
AVGO,darvas_box,2025-09-05,332.98,true,confirmed,3,1.2,11.7,-2.9
AVGO,darvas_box,2025-10-29,384.44,false,fakeout,2,3.0,3.6,-14.7
AVGO,darvas_box,2025-11-26,395.98,false,fakeout,4,-11.3,4.3,-19.2
AVGO,darvas_box,2026-04-22,422.65,false,marginal,4,0.6,4.7,-6.6
AVGO,darvas_box,2026-05-08,430.0,false,fakeout,2,-1.1,2.9,-5.9
AVGO,bollinger_squeeze,2021-06-29,43.51,timeout_up,fakeout,20,0.1,3.5,-4.5
AVGO,bollinger_squeeze,2021-08-27,45.22,timeout_up,fakeout,20,2.5,3.0,-1.6
AVGO,bollinger_squeeze,2021-12-07,54.23,true,confirmed,3,9.6,15.5,-1.3
AVGO,bollinger_squeeze,2022-03-16,56.12,timeout_down,marginal,20,-1.7,7.0,-3.9
AVGO,bollinger_squeeze,2022-07-27,49.53,timeout_up,marginal,20,0.6,6.2,-1.4
AVGO,bollinger_squeeze,2022-12-12,52.67,true,confirmed,18,4.7,9.0,-2.0
AVGO,bollinger_squeeze,2023-01-06,56.14,false,marginal,2,2.2,4.2,-6.5
AVGO,bollinger_squeeze,2023-02-07,58.63,false,marginal,9,2.9,4.8,-6.9
AVGO,bollinger_squeeze,2023-03-03,60.37,timeout_up,fakeout,20,2.1,3.2,-4.1
AVGO,bollinger_squeeze,2023-05-17,63.18,true,confirmed,6,34.4,40.2,-0.2
AVGO,bollinger_squeeze,2023-07-17,87.95,false,fakeout,17,-6.2,1.4,-9.5
AVGO,bollinger_squeeze,2023-08-31,89.16,false,fakeout,1,-9.5,-2.3,-13.4
AVGO,bollinger_squeeze,2023-10-11,84.95,false,marginal,11,4.2,5.9,-6.4
AVGO,bollinger_squeeze,2023-11-10,93.01,false,confirmed,14,7.5,8.6,-5.7
AVGO,bollinger_squeeze,2023-12-11,99.98,true,confirmed,3,5.5,12.3,-0.5
AVGO,bollinger_squeeze,2024-01-19,118.19,timeout_up,marginal,20,2.8,7.0,-3.0
AVGO,bollinger_squeeze,2024-02-22,127.34,true,confirmed,7,3.7,10.2,-7.7
AVGO,bollinger_squeeze,2024-05-15,140.74,false,confirmed,10,16.9,20.9,-9.3
AVGO,bollinger_squeeze,2024-06-12,146.56,true,confirmed,1,14.1,23.8,4.9
AVGO,bollinger_squeeze,2024-10-09,183.41,false,fakeout,4,-3.4,0.2,-10.0
AVGO,bollinger_squeeze,2024-12-11,180.7,true,confirmed,2,23.3,37.5,-3.9
AVGO,bollinger_squeeze,2025-06-26,268.63,true,confirmed,20,7.4,8.3,-2.8
AVGO,bollinger_squeeze,2025-07-30,300.89,false,marginal,2,-0.8,4.9,-6.9
AVGO,bollinger_squeeze,2025-09-05,332.98,true,confirmed,3,1.2,11.7,-2.9
AVGO,bollinger_squeeze,2025-10-28,371.48,false,marginal,5,3.2,4.1,-11.8
AVGO,bollinger_squeeze,2025-11-26,395.98,false,fakeout,4,-11.3,4.3,-19.2
AVGO,bollinger_squeeze,2026-04-08,350.63,true,confirmed,3,21.3,24.8,0.2
AVGO,bollinger_squeeze,2026-05-14,439.79,timeout_down,fakeout,1,-3.3,-1.6,-4.5
AVGO,ttm_squeeze,2021-07-13,44.13,false,fakeout,4,-0.4,2.2,-5.5
AVGO,ttm_squeeze,2021-08-06,44.26,timeout_up,marginal,20,2.5,4.6,-4.7
AVGO,ttm_squeeze,2022-03-22,56.89,false,marginal,14,-2.2,5.6,-6.3
AVGO,ttm_squeeze,2022-05-17,56.6,false,fakeout,1,-13.4,-1.2,-15.7
AVGO,ttm_squeeze,2023-01-11,55.16,timeout_up,marginal,20,3.7,6.7,-3.3
AVGO,ttm_squeeze,2023-02-06,57.37,timeout_up,marginal,20,4.0,7.1,-4.9
AVGO,ttm_squeeze,2023-05-16,61.64,true,confirmed,5,38.2,43.7,0.5
AVGO,ttm_squeeze,2023-10-09,83.14,true,confirmed,4,2.9,8.2,-4.4
AVGO,ttm_squeeze,2025-10-27,360.6,false,marginal,9,4.4,6.7,-9.1
AVGO,volume_resistance,2021-08-30,45.49,timeout_down,fakeout,20,-0.9,2.4,-2.2
AVGO,volume_resistance,2021-11-22,50.82,true,confirmed,13,17.5,18.1,-1.8
AVGO,volume_resistance,2021-12-09,53.59,true,confirmed,1,6.8,16.9,3.8
AVGO,volume_resistance,2022-11-30,52.14,false,marginal,4,2.1,6.3,-6.3
AVGO,volume_resistance,2022-12-15,52.8,true,confirmed,15,4.7,8.7,-2.3
AVGO,volume_resistance,2023-03-03,60.37,timeout_up,fakeout,20,2.1,3.2,-4.1
AVGO,volume_resistance,2023-05-23,65.97,true,confirmed,3,23.4,34.3,-1.5
AVGO,volume_resistance,2023-11-10,93.01,false,confirmed,14,7.5,8.6,-5.7
AVGO,volume_resistance,2023-12-11,99.98,true,confirmed,3,5.5,12.3,-0.5
AVGO,volume_resistance,2024-01-19,118.19,timeout_up,marginal,20,2.8,7.0,-3.0
AVGO,volume_resistance,2024-02-22,127.34,true,confirmed,7,3.7,10.2,-7.7
AVGO,volume_resistance,2024-03-08,127.71,false,marginal,5,2.5,7.7,-8.0
AVGO,volume_resistance,2024-06-12,146.56,true,confirmed,1,14.1,23.8,4.9
AVGO,volume_resistance,2024-12-13,221.73,true,confirmed,1,1.7,12.0,-3.2
AVGO,volume_resistance,2025-07-31,292.03,true,confirmed,9,5.1,8.1,-4.1
AVGO,volume_resistance,2025-09-05,332.98,true,confirmed,3,1.2,11.7,-2.9
AVGO,volume_resistance,2025-12-11,404.74,false,fakeout,1,-13.2,-6.0,-20.9
AVGO,high_52w_momentum,2023-03-03,60.37,timeout_up,fakeout,20,2.1,3.2,-4.1
AVGO,high_52w_momentum,2023-03-20,61.42,timeout_down,fakeout,20,-1.1,1.5,-3.7
AVGO,high_52w_momentum,2023-05-17,63.18,true,confirmed,6,34.4,40.2,-0.2
AVGO,high_52w_momentum,2023-06-12,82.2,timeout_up,marginal,20,4.6,5.5,-3.8
AVGO,high_52w_momentum,2023-07-11,85.21,timeout_up,marginal,20,0.1,4.7,-1.0
AVGO,high_52w_momentum,2023-08-01,88.88,false,fakeout,3,-3.3,-0.8,-11.7
AVGO,high_52w_momentum,2023-08-31,89.16,false,fakeout,1,-9.5,-2.3,-13.4
AVGO,high_52w_momentum,2023-11-10,93.01,false,confirmed,14,7.5,8.6,-5.7
AVGO,high_52w_momentum,2023-12-11,99.98,true,confirmed,3,5.5,12.3,-0.5
AVGO,high_52w_momentum,2024-01-18,111.63,true,confirmed,4,10.6,13.3,1.1
AVGO,high_52w_momentum,2024-02-07,122.67,true,confirmed,16,11.9,14.4,-4.3
AVGO,high_52w_momentum,2024-02-26,127.75,true,confirmed,5,3.7,9.9,-8.0
AVGO,high_52w_momentum,2024-05-15,140.74,false,confirmed,10,16.9,20.9,-9.3
AVGO,high_52w_momentum,2024-06-10,141.16,true,confirmed,3,21.5,28.5,-1.7
AVGO,high_52w_momentum,2024-10-09,183.41,false,fakeout,4,-3.4,0.2,-10.0
AVGO,high_52w_momentum,2024-12-16,246.58,false,fakeout,1,-8.0,-0.8,-13.0
AVGO,high_52w_momentum,2025-06-02,246.71,true,confirmed,16,6.7,11.9,-3.1
AVGO,high_52w_momentum,2025-06-24,262.27,true,confirmed,16,7.6,10.1,-0.4
AVGO,high_52w_momentum,2025-07-15,279.34,true,confirmed,12,11.4,11.6,-2.8
AVGO,high_52w_momentum,2025-07-30,300.89,false,marginal,2,-0.8,4.9,-6.9
AVGO,high_52w_momentum,2025-09-05,332.98,true,confirmed,3,1.2,11.7,-2.9
AVGO,high_52w_momentum,2025-10-28,371.48,false,marginal,5,3.2,4.1,-11.8
AVGO,high_52w_momentum,2025-11-26,395.98,false,fakeout,4,-11.3,4.3,-19.2
AVGO,high_52w_momentum,2026-04-22,422.65,false,marginal,4,0.6,4.7,-6.6
AVGO,high_52w_momentum,2026-05-08,430.0,false,fakeout,2,-1.1,2.9,-5.9
AMD,donchian_20,2021-06-17,84.56,true,confirmed,9,1.6,12.9,-2.8
AMD,donchian_20,2021-07-02,94.7,false,confirmed,3,14.7,16.5,-11.0
AMD,donchian_20,2021-07-28,97.93,true,confirmed,2,10.6,25.1,-1.4
AMD,donchian_20,2021-10-13,109.16,true,confirmed,5,28.1,42.6,0.4
AMD,donchian_20,2021-11-03,130.53,true,confirmed,2,15.4,26.0,0.2
AMD,donchian_20,2021-11-29,161.91,false,fakeout,2,-5.4,1.6,-19.3
AMD,donchian_20,2022-03-29,123.23,false,fakeout,2,-31.1,2.0,-31.8
AMD,donchian_20,2022-05-17,102.47,false,fakeout,1,-12.9,6.9,-16.2
AMD,donchian_20,2022-06-02,108.59,false,fakeout,3,-32.2,0.9,-33.1
AMD,donchian_20,2022-07-20,89.43,false,confirmed,4,9.9,17.0,-5.3
AMD,donchian_20,2022-08-04,103.91,false,fakeout,2,-20.8,-0.0,-24.4
AMD,donchian_20,2022-11-10,68.47,true,confirmed,2,0.2,15.7,-0.3
AMD,donchian_20,2023-01-23,76.53,false,confirmed,2,0.3,16.2,-5.9
AMD,donchian_20,2023-03-15,89.68,true,confirmed,2,2.7,14.2,-0.7
AMD,donchian_20,2023-05-10,97.02,true,confirmed,6,24.8,34.8,-3.7
AMD,donchian_20,2023-05-25,120.35,true,confirmed,2,-10.7,10.4,-10.9
AMD,donchian_20,2023-11-03,112.25,true,confirmed,7,5.6,12.0,-1.8
AMD,donchian_20,2023-11-22,122.51,false,confirmed,7,14.2,17.1,-5.0
AMD,donchian_20,2023-12-08,128.92,true,confirmed,2,15.8,17.2,-0.5
AMD,donchian_20,2023-12-27,146.07,false,confirmed,3,21.3,26.6,-8.4
AMD,donchian_20,2024-01-16,158.74,true,confirmed,3,8.1,16.5,-2.7
AMD,donchian_20,2024-02-29,192.53,true,confirmed,2,-6.3,18.1,-10.7
AMD,donchian_20,2024-05-16,162.62,timeout_down,marginal,20,-1.8,7.3,-3.5
AMD,donchian_20,2024-07-05,171.9,true,confirmed,3,-22.9,8.9,-24.2
AMD,donchian_20,2024-09-25,162.02,false,fakeout,19,-5.6,7.4,-7.1
AMD,donchian_20,2025-03-24,113.85,false,fakeout,3,-24.2,1.8,-32.8
AMD,donchian_20,2025-05-05,100.59,true,confirmed,5,16.6,21.8,-3.7
AMD,donchian_20,2025-06-10,123.24,false,confirmed,3,17.0,19.9,-6.6
AMD,donchian_20,2025-07-15,155.61,true,confirmed,9,12.4,17.3,-4.0
AMD,donchian_20,2025-08-13,184.42,false,fakeout,3,-15.6,0.6,-19.1
AMD,donchian_20,2025-10-02,169.73,true,confirmed,2,50.1,57.4,-3.9
AMD,donchian_20,2025-10-24,252.92,false,fakeout,9,-19.4,5.6,-22.9
AMD,donchian_20,2026-01-21,249.8,false,fakeout,7,-18.6,6.9,-23.7
AMD,donchian_20,2026-03-25,220.27,false,confirmed,1,38.6,40.8,-12.4
AMD,donchian_20,2026-04-10,245.04,true,confirmed,4,85.8,86.2,-1.2
AMD,donchian_20,2026-04-30,354.49,true,confirmed,4,19.6,32.4,-4.5
AMD,darvas_box,2021-07-28,97.93,true,confirmed,2,10.6,25.1,-1.4
AMD,darvas_box,2021-10-26,122.93,true,confirmed,7,22.0,31.7,-3.9
AMD,darvas_box,2021-11-24,157.8,false,fakeout,4,-7.4,4.2,-17.2
AMD,darvas_box,2023-03-15,89.68,true,confirmed,2,2.7,14.2,-0.7
AMD,darvas_box,2023-05-17,103.75,true,confirmed,6,19.7,28.0,-0.3
AMD,darvas_box,2023-11-22,122.51,false,confirmed,7,14.2,17.1,-5.0
AMD,darvas_box,2024-01-16,158.74,true,confirmed,3,8.1,16.5,-2.7
AMD,darvas_box,2024-02-29,192.53,true,confirmed,2,-6.3,18.1,-10.7
AMD,darvas_box,2025-06-10,123.24,false,confirmed,3,17.0,19.9,-6.6
AMD,darvas_box,2025-07-15,155.61,true,confirmed,9,12.4,17.3,-4.0
AMD,darvas_box,2025-08-13,184.42,false,fakeout,3,-15.6,0.6,-19.1
AMD,darvas_box,2025-10-06,203.71,true,confirmed,2,27.5,31.1,2.7
AMD,darvas_box,2026-04-16,278.26,true,confirmed,4,61.6,68.6,-2.2
AMD,bollinger_squeeze,2021-06-02,81.97,true,confirmed,19,14.6,15.1,-3.7
AMD,bollinger_squeeze,2021-06-17,84.56,true,confirmed,9,1.6,12.9,-2.8
AMD,bollinger_squeeze,2021-07-28,97.93,true,confirmed,2,10.6,25.1,-1.4
AMD,bollinger_squeeze,2021-10-13,109.16,true,confirmed,5,28.1,42.6,0.4
AMD,bollinger_squeeze,2022-05-17,102.47,false,fakeout,1,-12.9,6.9,-16.2
AMD,bollinger_squeeze,2022-06-02,108.59,false,fakeout,3,-32.2,0.9,-33.1
AMD,bollinger_squeeze,2022-07-20,89.43,false,confirmed,4,9.9,17.0,-5.3
AMD,bollinger_squeeze,2022-11-07,63.08,false,confirmed,2,11.4,25.6,-5.2
AMD,bollinger_squeeze,2023-01-12,70.8,true,confirmed,6,15.1,25.6,-5.0
AMD,bollinger_squeeze,2023-03-15,89.68,true,confirmed,2,2.7,14.2,-0.7
AMD,bollinger_squeeze,2023-05-10,97.02,true,confirmed,6,24.8,34.8,-3.7
AMD,bollinger_squeeze,2023-12-07,128.37,true,confirmed,3,13.9,17.7,-1.2
AMD,bollinger_squeeze,2024-01-16,158.74,true,confirmed,3,8.1,16.5,-2.7
AMD,bollinger_squeeze,2024-02-29,192.53,true,confirmed,2,-6.3,18.1,-10.7
AMD,bollinger_squeeze,2024-07-05,171.9,true,confirmed,3,-22.9,8.9,-24.2
AMD,bollinger_squeeze,2024-09-26,167.49,false,fakeout,3,-8.4,3.9,-10.1
AMD,bollinger_squeeze,2025-03-24,113.85,false,fakeout,3,-24.2,1.8,-32.8
AMD,bollinger_squeeze,2025-06-09,121.73,false,confirmed,4,13.7,21.4,-5.5
AMD,bollinger_squeeze,2025-10-02,169.73,true,confirmed,2,50.1,57.4,-3.9
AMD,bollinger_squeeze,2026-01-16,231.83,true,confirmed,2,-12.4,15.2,-17.7
AMD,bollinger_squeeze,2026-03-25,220.27,false,confirmed,1,38.6,40.8,-12.4
AMD,bollinger_squeeze,2026-04-16,278.26,true,confirmed,4,61.6,68.6,-2.2
AMD,ttm_squeeze,2021-10-12,105.04,true,confirmed,4,41.8,48.2,1.2
AMD,ttm_squeeze,2022-11-04,62.19,true,confirmed,4,18.4,27.4,-3.8
AMD,ttm_squeeze,2024-02-29,192.53,true,confirmed,2,-6.3,18.1,-10.7
AMD,ttm_squeeze,2024-07-08,178.69,false,fakeout,7,-24.6,4.8,-31.8
AMD,ttm_squeeze,2025-10-01,164.01,true,confirmed,3,61.2,62.8,-0.5
AMD,ttm_squeeze,2026-03-25,220.27,false,confirmed,1,38.6,40.8,-12.4
AMD,volume_resistance,2021-06-30,93.93,false,confirmed,5,9.6,12.6,-10.3
AMD,volume_resistance,2021-07-28,97.93,true,confirmed,2,10.6,25.1,-1.4
AMD,volume_resistance,2021-11-04,137.5,true,confirmed,2,4.7,19.6,-2.2
AMD,volume_resistance,2023-02-01,84.64,false,marginal,11,-5.0,5.1,-10.3
AMD,volume_resistance,2023-03-16,96.6,false,fakeout,14,-5.0,6.0,-6.3
AMD,volume_resistance,2023-06-13,124.53,false,fakeout,4,-6.9,2.6,-14.0
AMD,volume_resistance,2023-12-07,128.37,true,confirmed,3,13.9,17.7,-1.2
AMD,volume_resistance,2024-01-16,158.74,true,confirmed,3,8.1,16.5,-2.7
AMD,volume_resistance,2024-02-29,192.53,true,confirmed,2,-6.3,18.1,-10.7
AMD,volume_resistance,2024-07-10,183.96,false,fakeout,4,-30.1,1.7,-33.8
AMD,volume_resistance,2025-05-14,117.72,false,marginal,5,0.7,5.7,-8.5
AMD,volume_resistance,2025-06-16,126.39,true,confirmed,5,26.7,26.9,-0.5
AMD,volume_resistance,2025-07-15,155.61,true,confirmed,9,12.4,17.3,-4.0
AMD,volume_resistance,2025-08-06,163.12,true,confirmed,2,-0.8,14.4,-4.0
AMD,volume_resistance,2025-10-06,203.71,true,confirmed,2,27.5,31.1,2.7
AMD,volume_resistance,2025-11-12,258.89,false,fakeout,2,-14.5,0.3,-25.0
AMD,volume_resistance,2026-04-16,278.26,true,confirmed,4,61.6,68.6,-2.2
AMD,volume_resistance,2026-05-05,355.26,true,confirmed,1,19.4,32.1,12.9
AMD,high_52w_momentum,2023-05-25,120.35,true,confirmed,2,-10.7,10.4,-10.9
AMD,high_52w_momentum,2023-06-12,129.19,false,fakeout,1,-11.3,2.8,-17.1
AMD,high_52w_momentum,2023-12-11,134.41,true,confirmed,11,10.5,12.4,-1.9
AMD,high_52w_momentum,2023-12-27,146.07,false,confirmed,3,21.3,26.6,-8.4
AMD,high_52w_momentum,2024-01-16,158.74,true,confirmed,3,8.1,16.5,-2.7
AMD,high_52w_momentum,2024-02-22,181.86,false,confirmed,3,-1.7,25.0,-5.2
AMD,high_52w_momentum,2025-07-28,173.66,false,fakeout,7,-5.9,7.5,-9.1
AMD,high_52w_momentum,2025-08-13,184.42,false,fakeout,3,-15.6,0.6,-19.1
AMD,high_52w_momentum,2025-10-08,235.56,false,confirmed,2,8.8,13.4,-9.5
AMD,high_52w_momentum,2025-10-24,252.92,false,fakeout,9,-19.4,5.6,-22.9
AMD,high_52w_momentum,2026-04-16,278.26,true,confirmed,4,61.6,68.6,-2.2
AMD,high_52w_momentum,2026-05-01,360.54,false,confirmed,1,17.6,30.1,-6.1
NFLX,donchian_20,2021-06-24,51.81,timeout_down,marginal,20,-0.5,7.6,-2.6
NFLX,donchian_20,2021-07-14,54.79,false,fakeout,4,-6.5,1.8,-7.9
NFLX,donchian_20,2021-08-19,54.37,true,confirmed,9,8.4,13.2,-0.8
NFLX,donchian_20,2021-09-07,60.67,false,marginal,5,4.6,5.6,-6.4
NFLX,donchian_20,2021-10-05,63.48,true,confirmed,18,6.8,8.8,-2.8
NFLX,donchian_20,2021-10-21,65.32,timeout_up,marginal,20,4.4,7.3,-1.7
NFLX,donchian_20,2021-11-17,69.17,false,fakeout,3,-14.5,0.4,-15.5
NFLX,donchian_20,2022-06-02,20.51,false,fakeout,3,-12.3,1.1,-19.9
NFLX,donchian_20,2022-07-19,20.16,true,confirmed,2,21.9,25.0,-0.8
NFLX,donchian_20,2022-08-08,23.35,false,fakeout,15,-6.5,7.9,-8.1
NFLX,donchian_20,2022-09-19,24.36,false,fakeout,4,0.6,2.8,-13.1
NFLX,donchian_20,2022-10-19,27.24,true,confirmed,4,12.4,14.8,-7.4
NFLX,donchian_20,2022-12-01,31.69,false,fakeout,10,-7.0,5.0,-13.7
NFLX,donchian_20,2023-01-20,34.25,true,confirmed,10,1.6,10.8,-0.5
NFLX,donchian_20,2023-03-30,33.84,false,fakeout,13,-2.5,3.4,-6.6
NFLX,donchian_20,2023-05-18,37.13,true,confirmed,7,16.3,20.8,-4.6
NFLX,donchian_20,2023-06-09,42.0,timeout_up,marginal,20,4.8,7.4,-2.0
NFLX,donchian_20,2023-07-18,47.48,false,fakeout,2,-10.8,2.1,-13.3
NFLX,donchian_20,2023-09-05,44.87,false,fakeout,6,-16.0,0.6,-17.3
NFLX,donchian_20,2023-10-19,40.18,true,confirmed,11,16.2,16.3,-1.5
NFLX,donchian_20,2023-11-03,43.24,true,confirmed,9,5.0,11.6,-0.6
NFLX,donchian_20,2023-11-20,47.45,false,marginal,10,4.3,4.6,-6.1
NFLX,donchian_20,2023-12-18,48.61,timeout_down,fakeout,20,-0.2,3.6,-5.0
NFLX,donchian_20,2024-01-24,54.49,true,confirmed,16,8.0,9.6,0.7
NFLX,donchian_20,2024-02-15,59.35,timeout_up,marginal,20,2.1,5.2,-4.4
NFLX,donchian_20,2024-03-20,62.77,timeout_down,fakeout,20,-2.7,1.8,-4.2
NFLX,donchian_20,2024-05-20,64.08,timeout_up,marginal,20,7.0,7.2,-2.2
NFLX,donchian_20,2024-06-14,66.94,timeout_down,marginal,20,-2.0,4.2,-3.8
NFLX,donchian_20,2024-07-05,69.07,false,fakeout,4,-11.2,0.7,-11.9
NFLX,donchian_20,2024-08-19,68.85,timeout_up,fakeout,20,2.7,3.3,-4.0
NFLX,donchian_20,2024-09-24,72.23,false,marginal,17,5.8,7.0,-6.1
NFLX,donchian_20,2024-10-09,72.74,false,marginal,6,7.3,7.4,-6.8
NFLX,donchian_20,2024-11-06,78.02,true,confirmed,8,17.6,18.8,-0.0
NFLX,donchian_20,2024-11-21,89.75,timeout_up,marginal,20,1.3,4.9,-4.3
NFLX,donchian_20,2024-12-11,93.66,false,fakeout,5,-10.3,-0.1,-11.5
NFLX,donchian_20,2025-01-22,95.4,true,confirmed,13,7.4,11.6,-0.0
NFLX,donchian_20,2025-02-06,101.57,false,fakeout,12,-12.3,4.8,-15.5
NFLX,donchian_20,2025-04-22,104.03,true,confirmed,5,14.6,15.0,-0.8
NFLX,donchian_20,2025-05-15,117.8,timeout_up,marginal,20,2.9,7.2,-0.5
NFLX,donchian_20,2025-06-02,121.9,true,confirmed,18,6.1,10.0,-3.1
NFLX,donchian_20,2025-06-24,127.91,false,fakeout,17,-8.0,4.9,-8.2
NFLX,donchian_20,2025-09-04,125.75,false,fakeout,5,-7.6,0.8,-9.8
NFLX,donchian_20,2026-02-27,96.24,false,marginal,14,-2.9,4.1,-5.8
NFLX,donchian_20,2026-04-10,103.01,false,fakeout,5,-15.1,5.8,-15.8
NFLX,darvas_box,2021-10-05,63.48,true,confirmed,18,6.8,8.8,-2.8
NFLX,darvas_box,2021-10-21,65.32,timeout_up,marginal,20,4.4,7.3,-1.7
NFLX,darvas_box,2021-11-17,69.17,false,fakeout,3,-14.5,0.4,-15.5
NFLX,darvas_box,2022-08-04,22.99,true,confirmed,5,0.1,9.6,-4.9
NFLX,darvas_box,2022-10-19,27.24,true,confirmed,4,12.4,14.8,-7.4
NFLX,darvas_box,2022-11-15,31.02,false,marginal,2,2.5,7.3,-11.0
NFLX,darvas_box,2022-12-01,31.69,false,fakeout,10,-7.0,5.0,-13.7
NFLX,darvas_box,2023-01-13,33.28,false,confirmed,3,7.7,14.0,-5.8
NFLX,darvas_box,2023-05-26,37.89,true,confirmed,5,10.1,18.4,1.8
NFLX,darvas_box,2023-07-18,47.48,false,fakeout,2,-10.8,2.1,-13.3
NFLX,darvas_box,2023-12-18,48.61,timeout_down,fakeout,20,-0.2,3.6,-5.0
NFLX,darvas_box,2024-01-24,54.49,true,confirmed,16,8.0,9.6,0.7
NFLX,darvas_box,2024-02-15,59.35,timeout_up,marginal,20,2.1,5.2,-4.4
NFLX,darvas_box,2024-03-20,62.77,timeout_down,fakeout,20,-2.7,1.8,-4.2
NFLX,darvas_box,2024-04-05,63.62,false,fakeout,6,-8.9,0.4,-14.8
NFLX,darvas_box,2024-05-20,64.08,timeout_up,marginal,20,7.0,7.2,-2.2
NFLX,darvas_box,2024-06-14,66.94,timeout_down,marginal,20,-2.0,4.2,-3.8
NFLX,darvas_box,2024-07-05,69.07,false,fakeout,4,-11.2,0.7,-11.9
NFLX,darvas_box,2024-08-20,69.85,false,fakeout,12,-1.2,1.3,-5.4
NFLX,darvas_box,2024-09-24,72.23,false,marginal,17,5.8,7.0,-6.1
NFLX,darvas_box,2024-10-09,72.74,false,marginal,6,7.3,7.4,-6.8
NFLX,darvas_box,2024-11-06,78.02,true,confirmed,8,17.6,18.8,-0.0
NFLX,darvas_box,2024-12-04,91.11,timeout_down,fakeout,20,-3.3,3.4,-3.7
NFLX,darvas_box,2025-01-22,95.4,true,confirmed,13,7.4,11.6,-0.0
NFLX,darvas_box,2025-04-24,109.69,true,confirmed,15,8.3,10.4,-1.3
NFLX,darvas_box,2025-05-15,117.8,timeout_up,marginal,20,2.9,7.2,-0.5
NFLX,darvas_box,2025-06-24,127.91,false,fakeout,17,-8.0,4.9,-8.2
NFLX,bollinger_squeeze,2021-06-23,51.27,true,confirmed,14,-0.2,8.7,-1.4
NFLX,bollinger_squeeze,2021-08-19,54.37,true,confirmed,9,8.4,13.2,-0.8
NFLX,bollinger_squeeze,2021-10-05,63.48,true,confirmed,18,6.8,8.8,-2.8
NFLX,bollinger_squeeze,2022-06-02,20.51,false,fakeout,3,-12.3,1.1,-19.9
NFLX,bollinger_squeeze,2022-07-19,20.16,true,confirmed,2,21.9,25.0,-0.8
NFLX,bollinger_squeeze,2022-09-19,24.36,false,fakeout,4,0.6,2.8,-13.1
NFLX,bollinger_squeeze,2022-10-19,27.24,true,confirmed,4,12.4,14.8,-7.4
NFLX,bollinger_squeeze,2023-01-23,35.74,false,fakeout,20,-5.6,6.2,-5.9
NFLX,bollinger_squeeze,2023-03-30,33.84,false,fakeout,13,-2.5,3.4,-6.6
NFLX,bollinger_squeeze,2023-05-11,34.48,true,confirmed,5,21.8,23.5,-4.4
NFLX,bollinger_squeeze,2023-05-30,39.3,true,confirmed,8,9.4,14.2,-1.0
NFLX,bollinger_squeeze,2023-07-18,47.48,false,fakeout,2,-10.8,2.1,-13.3
NFLX,bollinger_squeeze,2023-10-19,40.18,true,confirmed,11,16.2,16.3,-1.5
NFLX,bollinger_squeeze,2024-01-24,54.49,true,confirmed,16,8.0,9.6,0.7
NFLX,bollinger_squeeze,2024-02-27,60.17,timeout_up,marginal,20,4.6,5.4,-1.9
NFLX,bollinger_squeeze,2024-06-14,66.94,timeout_down,marginal,20,-2.0,4.2,-3.8
NFLX,bollinger_squeeze,2024-08-14,66.17,timeout_up,marginal,20,3.8,7.5,-0.3
NFLX,bollinger_squeeze,2024-09-24,72.23,false,marginal,17,5.8,7.0,-6.1
NFLX,bollinger_squeeze,2024-10-18,76.39,true,confirmed,18,7.9,10.1,-2.6
NFLX,bollinger_squeeze,2025-01-22,95.4,true,confirmed,13,7.4,11.6,-0.0
NFLX,bollinger_squeeze,2025-06-24,127.91,false,fakeout,17,-8.0,4.9,-8.2
NFLX,bollinger_squeeze,2025-09-04,125.75,false,fakeout,5,-7.6,0.8,-9.8
NFLX,bollinger_squeeze,2026-04-09,102.05,false,fakeout,6,-13.5,6.8,-15.0
NFLX,ttm_squeeze,2021-06-23,51.27,true,confirmed,14,-0.2,8.7,-1.4
NFLX,ttm_squeeze,2021-08-19,54.37,true,confirmed,9,8.4,13.2,-0.8
NFLX,ttm_squeeze,2022-07-15,18.91,true,confirmed,3,31.8,33.1,-0.4
NFLX,ttm_squeeze,2022-09-20,24.28,false,fakeout,3,-0.8,3.1,-12.8
NFLX,ttm_squeeze,2022-10-19,27.24,true,confirmed,4,12.4,14.8,-7.4
NFLX,ttm_squeeze,2024-01-24,54.49,true,confirmed,16,8.0,9.6,0.7
NFLX,ttm_squeeze,2024-08-13,64.8,true,confirmed,5,5.2,9.8,0.1
NFLX,ttm_squeeze,2024-09-24,72.23,false,marginal,17,5.8,7.0,-6.1
NFLX,volume_resistance,2021-09-01,58.21,timeout_up,marginal,20,4.9,6.3,-2.4
NFLX,volume_resistance,2021-10-05,63.48,true,confirmed,18,6.8,8.8,-2.8
NFLX,volume_resistance,2021-10-20,62.51,true,confirmed,3,10.6,12.1,0.6
NFLX,volume_resistance,2022-07-20,21.64,true,confirmed,13,11.4,16.4,-2.3
NFLX,volume_resistance,2022-10-19,27.24,true,confirmed,4,12.4,14.8,-7.4
NFLX,volume_resistance,2022-12-01,31.69,false,fakeout,10,-7.0,5.0,-13.7
NFLX,volume_resistance,2023-01-20,34.25,true,confirmed,10,1.6,10.8,-0.5
NFLX,volume_resistance,2023-05-18,37.13,true,confirmed,7,16.3,20.8,-4.6
NFLX,volume_resistance,2023-06-07,39.98,true,confirmed,4,9.6,12.8,-0.9
NFLX,volume_resistance,2023-07-18,47.48,false,fakeout,2,-10.8,2.1,-13.3
NFLX,volume_resistance,2023-12-18,48.61,timeout_down,fakeout,20,-0.2,3.6,-5.0
NFLX,volume_resistance,2024-01-24,54.49,true,confirmed,16,8.0,9.6,0.7
NFLX,volume_resistance,2024-03-15,60.59,timeout_up,marginal,20,0.2,5.5,-0.7
NFLX,volume_resistance,2024-04-18,61.06,false,fakeout,1,-0.0,2.2,-11.2
NFLX,volume_resistance,2024-06-14,66.94,timeout_down,marginal,20,-2.0,4.2,-3.8
NFLX,volume_resistance,2024-10-18,76.39,true,confirmed,18,7.9,10.1,-2.6
NFLX,volume_resistance,2024-11-25,86.56,true,confirmed,8,7.7,8.8,-0.8
NFLX,volume_resistance,2024-12-20,90.9,false,confirmed,12,8.3,9.9,-9.4
NFLX,volume_resistance,2025-01-22,95.4,true,confirmed,13,7.4,11.6,-0.0
NFLX,volume_resistance,2025-06-20,123.14,true,confirmed,5,0.2,8.9,-2.7
NFLX,volume_resistance,2026-04-16,107.79,false,fakeout,1,-19.3,-8.4,-21.1
NFLX,high_52w_momentum,2023-05-18,37.13,true,confirmed,7,16.3,20.8,-4.6
NFLX,high_52w_momentum,2023-06-05,40.35,true,confirmed,6,10.5,11.8,-1.8
NFLX,high_52w_momentum,2023-07-05,44.59,true,confirmed,10,-3.6,8.8,-7.6
NFLX,high_52w_momentum,2023-11-22,47.8,false,marginal,7,2.8,4.8,-6.8
NFLX,high_52w_momentum,2023-12-13,48.0,timeout_up,marginal,20,2.5,4.9,-3.8
NFLX,high_52w_momentum,2024-01-24,54.49,true,confirmed,16,8.0,9.6,0.7
NFLX,high_52w_momentum,2024-02-14,57.93,timeout_up,marginal,20,5.8,7.8,-2.1
NFLX,high_52w_momentum,2024-03-01,61.93,timeout_down,fakeout,20,-0.8,2.4,-4.4
NFLX,high_52w_momentum,2024-03-19,62.07,timeout_down,fakeout,20,-1.1,2.9,-3.1
NFLX,high_52w_momentum,2024-04-05,63.62,false,fakeout,6,-8.9,0.4,-14.8
NFLX,high_52w_momentum,2024-05-29,65.46,timeout_up,marginal,20,4.5,5.4,-4.3
NFLX,high_52w_momentum,2024-06-14,66.94,timeout_down,marginal,20,-2.0,4.2,-3.8
NFLX,high_52w_momentum,2024-07-05,69.07,false,fakeout,4,-11.2,0.7,-11.9
NFLX,high_52w_momentum,2024-08-30,70.14,false,fakeout,4,1.1,3.4,-5.8
NFLX,high_52w_momentum,2024-09-17,70.69,timeout_down,marginal,20,-0.1,4.1,-2.7
NFLX,high_52w_momentum,2024-10-09,72.74,false,marginal,6,7.3,7.4,-6.8
NFLX,high_52w_momentum,2024-11-06,78.02,true,confirmed,8,17.6,18.8,-0.0
NFLX,high_52w_momentum,2024-11-21,89.75,timeout_up,marginal,20,1.3,4.9,-4.3
NFLX,high_52w_momentum,2024-12-11,93.66,false,fakeout,5,-10.3,-0.1,-11.5
NFLX,high_52w_momentum,2025-01-22,95.4,true,confirmed,13,7.4,11.6,-0.0
NFLX,high_52w_momentum,2025-02-06,101.57,false,fakeout,12,-12.3,4.8,-15.5
NFLX,high_52w_momentum,2025-04-28,111.04,true,confirmed,17,9.1,9.1,-1.3
NFLX,high_52w_momentum,2025-05-15,117.8,timeout_up,marginal,20,2.9,7.2,-0.5
NFLX,high_52w_momentum,2025-06-02,121.9,true,confirmed,18,6.1,10.0,-3.1
NFLX,high_52w_momentum,2025-06-23,125.35,false,fakeout,20,-5.1,7.0,-5.3
COST,donchian_20,2021-05-03,359.37,timeout_down,fakeout,20,-0.3,2.7,-2.2
COST,donchian_20,2021-06-22,371.55,timeout_up,marginal,20,5.8,6.6,-0.4
COST,donchian_20,2021-07-08,385.74,true,confirmed,20,9.1,9.1,-0.6
COST,donchian_20,2021-07-23,401.16,true,confirmed,20,8.6,9.0,-0.7
COST,donchian_20,2021-08-11,421.72,timeout_up,marginal,20,4.9,5.7,-0.7
COST,donchian_20,2021-09-02,437.54,timeout_down,fakeout,20,-2.7,2.1,-4.4
COST,donchian_20,2021-10-21,452.98,true,confirmed,10,11.1,11.4,0.3
COST,donchian_20,2021-11-16,500.76,timeout_up,marginal,20,7.4,7.6,-2.4
COST,donchian_20,2021-12-15,537.61,false,fakeout,4,-8.6,1.1,-10.1
COST,donchian_20,2022-03-17,526.34,true,confirmed,15,6.8,10.8,-0.6
COST,donchian_20,2022-04-07,578.96,false,fakeout,10,-17.1,0.2,-17.8
COST,donchian_20,2022-07-06,469.84,true,confirmed,12,11.2,12.4,-1.8
COST,donchian_20,2022-07-21,504.95,timeout_up,marginal,20,6.1,6.8,-3.9
COST,donchian_20,2022-08-16,528.33,false,fakeout,9,-8.1,2.1,-9.0
COST,donchian_20,2022-10-24,474.78,timeout_up,marginal,20,5.5,6.8,-4.3
COST,donchian_20,2022-11-10,491.1,false,fakeout,16,-5.9,5.7,-8.3
COST,donchian_20,2022-11-30,516.1,false,fakeout,1,-15.3,-3.7,-16.1
COST,donchian_20,2023-01-23,471.47,timeout_up,marginal,20,2.0,7.8,-1.6
COST,donchian_20,2023-04-20,484.72,timeout_down,fakeout,20,-1.3,1.5,-3.7
COST,donchian_20,2023-05-26,487.35,timeout_up,marginal,20,4.5,5.0,-1.1
COST,donchian_20,2023-06-14,506.5,timeout_up,fakeout,20,3.7,3.7,-2.0
COST,donchian_20,2023-06-30,517.24,timeout_up,marginal,20,4.1,6.1,-2.6
COST,donchian_20,2023-07-20,535.09,timeout_down,fakeout,20,-1.8,2.5,-2.1
COST,donchian_20,2023-09-14,543.62,timeout_down,fakeout,20,-0.2,2.0,-3.9
COST,donchian_20,2023-11-10,556.53,true,confirmed,20,8.1,8.3,-0.8
COST,donchian_20,2023-12-05,583.75,true,confirmed,8,9.5,13.0,-0.2
COST,donchian_20,2023-12-27,657.63,timeout_up,marginal,20,3.0,4.8,-3.9
COST,donchian_20,2024-01-12,673.85,timeout_up,marginal,20,5.9,6.7,-1.1
COST,donchian_20,2024-01-30,691.11,timeout_up,marginal,20,6.9,7.5,-1.2
COST,donchian_20,2024-02-23,728.86,timeout_down,marginal,20,-0.4,6.7,-3.6
COST,donchian_20,2024-05-03,735.93,true,confirmed,9,9.6,11.3,0.3
COST,donchian_20,2024-05-24,801.06,timeout_up,marginal,20,5.7,7.9,-2.7
COST,donchian_20,2024-06-17,858.61,timeout_down,fakeout,20,-2.5,3.3,-3.4
COST,donchian_20,2024-07-05,876.18,false,fakeout,5,-7.0,1.2,-9.2
COST,donchian_20,2024-08-12,855.54,timeout_up,marginal,20,3.6,6.4,-0.9
COST,donchian_20,2024-08-27,900.44,timeout_down,fakeout,20,-0.1,1.6,-4.4
COST,donchian_20,2024-11-07,906.63,true,confirmed,18,8.6,9.2,-0.9
COST,donchian_20,2024-11-22,956.31,timeout_down,marginal,20,-1.5,4.6,-2.8
COST,donchian_20,2025-01-27,957.54,true,confirmed,7,9.5,11.8,-1.2
COST,donchian_20,2025-02-13,1069.44,false,fakeout,9,-16.1,0.1,-18.1
COST,donchian_20,2025-05-02,1002.66,timeout_up,marginal,20,4.8,5.2,-2.5
COST,donchian_20,2025-05-19,1028.55,false,fakeout,19,-5.5,3.2,-5.6
COST,donchian_20,2025-08-11,984.57,false,fakeout,11,-1.0,1.1,-5.6
COST,donchian_20,2026-01-08,912.74,true,confirmed,8,9.5,9.6,-0.4
COST,donchian_20,2026-02-06,999.71,timeout_up,fakeout,20,0.4,2.7,-4.1
COST,donchian_20,2026-04-02,1013.49,timeout_down,fakeout,20,-0.2,2.1,-4.8
COST,donchian_20,2026-05-13,1033.08,timeout_up,fakeout,2,1.5,2.4,-0.7
COST,darvas_box,2021-07-20,394.35,true,confirmed,19,8.9,9.2,-1.0
COST,darvas_box,2021-09-02,437.54,timeout_down,fakeout,20,-2.7,2.1,-4.4
COST,darvas_box,2021-10-21,452.98,true,confirmed,10,11.1,11.4,0.3
COST,darvas_box,2021-11-16,500.76,timeout_up,marginal,20,7.4,7.6,-2.4
COST,darvas_box,2021-12-15,537.61,false,fakeout,4,-8.6,1.1,-10.1
COST,darvas_box,2022-03-30,548.89,false,marginal,20,-2.4,6.2,-5.2
COST,darvas_box,2022-08-16,528.33,false,fakeout,9,-8.1,2.1,-9.0
COST,darvas_box,2023-06-28,511.88,timeout_up,marginal,20,5.4,7.2,-1.5
COST,darvas_box,2023-07-14,525.24,timeout_up,marginal,20,3.0,4.5,-0.1
COST,darvas_box,2023-10-02,549.92,false,fakeout,4,-2.9,1.0,-5.4
COST,darvas_box,2023-11-10,556.53,true,confirmed,20,8.1,8.3,-0.8
COST,darvas_box,2023-12-05,583.75,true,confirmed,8,9.5,13.0,-0.2
COST,darvas_box,2023-12-27,657.63,timeout_up,marginal,20,3.0,4.8,-3.9
COST,darvas_box,2024-01-30,691.11,timeout_up,marginal,20,6.9,7.5,-1.2
COST,darvas_box,2024-02-22,725.37,timeout_up,marginal,20,1.1,7.2,-3.2
COST,darvas_box,2024-05-10,778.76,true,confirmed,19,7.8,8.0,-2.0
COST,darvas_box,2024-07-05,876.18,false,fakeout,5,-7.0,1.2,-9.2
COST,darvas_box,2024-08-27,900.44,timeout_down,fakeout,20,-0.1,1.6,-4.4
COST,darvas_box,2024-11-08,936.26,timeout_up,marginal,20,4.7,5.7,-4.1
COST,darvas_box,2024-12-03,974.3,false,fakeout,17,-7.4,2.7,-8.2
COST,darvas_box,2025-02-04,1013.7,timeout_up,marginal,20,2.6,5.6,-0.2
COST,darvas_box,2026-02-06,999.71,timeout_up,fakeout,20,0.4,2.7,-4.1
COST,darvas_box,2026-04-08,1028.78,false,fakeout,4,-3.2,0.5,-6.2
COST,darvas_box,2026-05-14,1041.25,timeout_up,fakeout,1,0.7,1.6,-0.2
COST,bollinger_squeeze,2021-06-22,371.55,timeout_up,marginal,20,5.8,6.6,-0.4
COST,bollinger_squeeze,2022-03-17,526.34,true,confirmed,15,6.8,10.8,-0.6
COST,bollinger_squeeze,2022-07-15,498.74,timeout_up,marginal,20,2.9,5.9,-2.7
COST,bollinger_squeeze,2022-10-24,474.78,timeout_up,marginal,20,5.5,6.8,-4.3
COST,bollinger_squeeze,2022-11-15,503.87,false,fakeout,11,-8.2,3.1,-10.6
COST,bollinger_squeeze,2023-04-20,484.72,timeout_down,fakeout,20,-1.3,1.5,-3.7
COST,bollinger_squeeze,2023-06-30,517.24,timeout_up,marginal,20,4.1,6.1,-2.6
COST,bollinger_squeeze,2024-03-04,749.84,false,fakeout,5,-6.3,3.7,-6.7
COST,bollinger_squeeze,2024-05-03,735.93,true,confirmed,9,9.6,11.3,0.3
COST,bollinger_squeeze,2024-07-05,876.18,false,fakeout,5,-7.0,1.2,-9.2
COST,bollinger_squeeze,2024-09-12,906.52,false,fakeout,14,-2.3,1.0,-5.2
COST,bollinger_squeeze,2024-11-07,906.63,true,confirmed,18,8.6,9.2,-0.9
COST,bollinger_squeeze,2025-05-30,1034.36,false,fakeout,11,-4.8,2.6,-6.4
COST,bollinger_squeeze,2025-08-11,984.57,false,fakeout,11,-1.0,1.1,-5.6
COST,bollinger_squeeze,2026-02-13,1017.0,false,fakeout,14,-1.6,1.0,-5.7
COST,bollinger_squeeze,2026-04-08,1028.78,false,fakeout,4,-3.2,0.5,-6.2
COST,bollinger_squeeze,2026-05-13,1033.08,timeout_up,fakeout,2,1.5,2.4,-0.7
COST,ttm_squeeze,2021-06-04,367.14,timeout_up,fakeout,20,2.9,3.4,-2.7
COST,ttm_squeeze,2021-06-23,371.35,timeout_up,marginal,20,6.5,6.8,-0.2
COST,ttm_squeeze,2021-10-19,443.34,true,confirmed,12,13.0,13.3,0.2
COST,ttm_squeeze,2022-03-03,507.55,true,confirmed,19,8.0,10.0,-4.0
COST,ttm_squeeze,2022-10-24,474.78,timeout_up,marginal,20,5.5,6.8,-4.3
COST,ttm_squeeze,2023-04-24,490.32,timeout_down,fakeout,20,-3.6,0.3,-4.8
COST,ttm_squeeze,2024-05-03,735.93,true,confirmed,9,9.6,11.3,0.3
COST,ttm_squeeze,2024-10-28,882.67,true,confirmed,9,8.0,9.7,-2.5
COST,ttm_squeeze,2025-04-29,984.87,timeout_up,marginal,20,2.3,5.0,-1.5
COST,ttm_squeeze,2025-05-16,1020.09,timeout_down,marginal,20,-4.0,4.0,-4.3
COST,ttm_squeeze,2026-04-02,1013.49,timeout_down,fakeout,20,-0.2,2.1,-4.8
COST,ttm_squeeze,2026-05-08,1008.79,timeout_up,marginal,5,4.0,4.8,-2.3
COST,volume_resistance,2021-11-04,490.21,true,confirmed,16,2.6,8.8,-3.0
COST,volume_resistance,2021-11-29,527.53,false,fakeout,3,1.8,2.1,-7.4
COST,volume_resistance,2021-12-17,520.62,false,fakeout,15,-10.9,4.4,-11.1
COST,volume_resistance,2022-04-07,578.96,false,fakeout,10,-17.1,0.2,-17.8
COST,volume_resistance,2023-07-07,504.44,true,confirmed,12,5.1,8.8,0.0
COST,volume_resistance,2023-12-14,608.28,true,confirmed,2,10.5,11.3,1.5
COST,volume_resistance,2024-05-31,801.21,timeout_up,marginal,20,4.4,7.9,-0.3
COST,volume_resistance,2024-06-21,839.22,timeout_down,marginal,20,-0.1,5.7,-2.7
COST,volume_resistance,2024-11-08,936.26,timeout_up,marginal,20,4.7,5.7,-4.1
COST,volume_resistance,2024-11-25,953.21,timeout_down,marginal,20,-0.2,4.9,-2.5
COST,volume_resistance,2024-12-13,981.45,false,fakeout,6,-6.7,1.9,-8.8
COST,volume_resistance,2025-02-28,1041.38,false,fakeout,5,-11.3,1.7,-15.9
COST,volume_resistance,2025-05-30,1034.36,false,fakeout,11,-4.8,2.6,-6.4
COST,volume_resistance,2026-01-21,980.1,false,marginal,7,0.6,4.8,-5.2
COST,volume_resistance,2026-02-27,1009.33,timeout_down,fakeout,20,-2.7,1.0,-5.0
COST,high_52w_momentum,2022-04-06,556.81,false,fakeout,12,-11.4,4.7,-12.3
COST,high_52w_momentum,2023-07-21,535.96,timeout_down,fakeout,20,-2.3,2.4,-2.6
COST,high_52w_momentum,2023-10-02,549.92,false,fakeout,4,-2.9,1.0,-5.4
COST,high_52w_momentum,2023-10-17,552.84,false,fakeout,6,3.1,3.2,-5.9
COST,high_52w_momentum,2023-11-10,556.53,true,confirmed,20,8.1,8.3,-0.8
COST,high_52w_momentum,2023-12-04,577.71,true,confirmed,9,10.1,14.1,-0.3
COST,high_52w_momentum,2023-12-27,657.63,timeout_up,marginal,20,3.0,4.8,-3.9
COST,high_52w_momentum,2024-01-12,673.85,timeout_up,marginal,20,5.9,6.7,-1.1
COST,high_52w_momentum,2024-01-30,691.11,timeout_up,marginal,20,6.9,7.5,-1.2
COST,high_52w_momentum,2024-02-15,715.6,true,confirmed,14,0.2,8.6,-1.9
COST,high_52w_momentum,2024-03-04,749.84,false,fakeout,5,-6.3,3.7,-6.7
COST,high_52w_momentum,2024-05-10,778.76,true,confirmed,19,7.8,8.0,-2.0
COST,high_52w_momentum,2024-05-28,804.46,timeout_up,marginal,20,5.4,7.5,-3.1
COST,high_52w_momentum,2024-06-14,846.5,timeout_down,marginal,20,-0.6,4.8,-2.0
COST,high_52w_momentum,2024-07-05,876.18,false,fakeout,5,-7.0,1.2,-9.2
COST,high_52w_momentum,2024-08-26,884.21,timeout_up,fakeout,20,1.0,3.5,-2.7
COST,high_52w_momentum,2024-09-12,906.52,false,fakeout,14,-2.3,1.0,-5.2
COST,high_52w_momentum,2024-11-21,948.02,timeout_down,marginal,20,-0.2,5.5,-1.3
COST,high_52w_momentum,2024-12-10,985.47,false,fakeout,8,-5.7,1.5,-9.2
COST,high_52w_momentum,2025-02-10,1054.6,false,fakeout,18,-12.4,1.5,-13.3
INTC,donchian_20,2021-06-14,53.25,false,fakeout,4,-2.3,0.4,-5.8
INTC,donchian_20,2021-09-13,50.65,timeout_down,fakeout,20,-2.8,0.8,-4.9
INTC,donchian_20,2021-10-19,50.85,false,fakeout,3,-7.7,1.6,-13.3
INTC,donchian_20,2021-12-07,48.76,false,marginal,5,2.5,6.8,-6.9
INTC,donchian_20,2022-03-24,48.24,false,fakeout,6,-9.8,1.7,-11.8
INTC,donchian_20,2022-07-19,37.88,false,fakeout,8,-9.1,1.1,-13.6
INTC,donchian_20,2022-10-28,27.66,false,confirmed,3,0.2,9.3,-6.5
INTC,donchian_20,2023-01-12,29.21,false,fakeout,3,-7.1,2.9,-11.6
INTC,donchian_20,2023-03-16,29.46,false,confirmed,2,5.7,12.1,-7.3
INTC,donchian_20,2023-03-31,31.89,false,fakeout,13,-7.3,3.6,-12.7
INTC,donchian_20,2023-06-12,32.41,true,confirmed,3,2.8,12.2,-5.1
INTC,donchian_20,2023-07-28,36.09,false,fakeout,3,-9.4,1.0,-12.7
INTC,donchian_20,2023-09-01,36.01,true,confirmed,6,-3.1,9.5,-8.1
INTC,donchian_20,2023-11-01,36.68,true,confirmed,10,20.3,22.0,-1.0
INTC,donchian_20,2023-11-16,42.78,false,confirmed,13,6.5,9.0,-5.0
INTC,donchian_20,2023-12-22,47.37,false,marginal,7,2.3,6.8,-5.7
INTC,donchian_20,2024-03-04,45.14,false,fakeout,1,-3.7,2.2,-11.1
INTC,donchian_20,2024-07-05,31.82,true,confirmed,2,-32.9,16.1,-36.2
INTC,donchian_20,2024-08-30,22.04,false,confirmed,1,6.4,11.9,-16.0
INTC,donchian_20,2024-09-25,23.54,false,fakeout,4,-6.6,4.8,-8.3
INTC,donchian_20,2024-11-06,25.05,false,fakeout,10,-17.0,5.5,-17.5
INTC,donchian_20,2025-01-17,21.49,false,confirmed,5,27.5,28.2,-12.6
INTC,donchian_20,2025-02-12,22.48,true,confirmed,1,5.4,22.6,-14.2
INTC,donchian_20,2025-05-12,22.18,false,fakeout,5,-0.5,3.2,-12.9
INTC,donchian_20,2025-06-24,22.55,timeout_up,marginal,20,4.2,6.6,-4.6
INTC,donchian_20,2025-07-10,23.82,false,fakeout,4,-17.0,0.0,-20.4
INTC,donchian_20,2025-08-14,23.86,true,confirmed,3,0.9,11.2,-4.5
INTC,donchian_20,2025-09-18,30.57,false,confirmed,2,20.5,29.7,-6.0
INTC,donchian_20,2025-10-28,41.53,false,fakeout,4,-13.7,1.2,-20.8
INTC,donchian_20,2025-12-02,43.47,false,fakeout,2,-15.1,1.3,-19.6
INTC,donchian_20,2026-01-07,42.63,true,confirmed,4,13.2,28.1,-4.6
INTC,donchian_20,2026-04-02,50.38,true,confirmed,3,97.7,99.4,-1.0
INTC,donchian_20,2026-04-24,82.54,true,confirmed,3,31.8,60.8,-2.1
INTC,darvas_box,2023-03-29,30.76,false,fakeout,17,-5.3,7.4,-9.5
INTC,darvas_box,2023-06-13,33.23,true,confirmed,3,-0.1,9.4,-7.5
INTC,darvas_box,2023-09-07,37.55,false,fakeout,8,-6.0,5.0,-11.9
INTC,darvas_box,2023-11-15,40.07,true,confirmed,3,11.3,15.9,0.5
INTC,darvas_box,2023-12-15,45.55,true,confirmed,6,-0.2,11.1,-2.0
INTC,darvas_box,2025-02-18,27.39,false,fakeout,1,-5.4,-3.6,-29.6
INTC,darvas_box,2025-08-15,24.56,false,confirmed,1,0.9,8.0,-7.2
INTC,darvas_box,2025-09-18,30.57,false,confirmed,2,20.5,29.7,-6.0
INTC,darvas_box,2025-10-28,41.53,false,fakeout,4,-13.7,1.2,-20.8
INTC,darvas_box,2025-12-02,43.47,false,fakeout,2,-15.1,1.3,-19.6
INTC,darvas_box,2026-01-09,45.55,true,confirmed,4,10.3,19.9,-7.2
INTC,darvas_box,2026-04-08,58.95,true,confirmed,3,91.7,92.5,-0.9
INTC,darvas_box,2026-04-24,82.54,true,confirmed,3,31.8,60.8,-2.1
INTC,bollinger_squeeze,2021-09-13,50.65,timeout_down,fakeout,20,-2.8,0.8,-4.9
INTC,bollinger_squeeze,2021-10-21,51.58,false,fakeout,1,-10.7,-6.5,-14.5
INTC,bollinger_squeeze,2021-12-07,48.76,false,marginal,5,2.5,6.8,-6.9
INTC,bollinger_squeeze,2022-01-03,49.35,false,fakeout,14,-8.0,5.8,-13.0
INTC,bollinger_squeeze,2022-07-19,37.88,false,fakeout,8,-9.1,1.1,-13.6
INTC,bollinger_squeeze,2022-10-28,27.66,false,confirmed,3,0.2,9.3,-6.5
INTC,bollinger_squeeze,2023-06-12,32.41,true,confirmed,3,2.8,12.2,-5.1
INTC,bollinger_squeeze,2023-07-28,36.09,false,fakeout,3,-9.4,1.0,-12.7
INTC,bollinger_squeeze,2023-09-01,36.01,true,confirmed,6,-3.1,9.5,-8.1
INTC,bollinger_squeeze,2023-12-26,49.83,false,fakeout,4,-1.9,1.5,-10.4
INTC,bollinger_squeeze,2024-03-04,45.14,false,fakeout,1,-3.7,2.2,-11.1
INTC,bollinger_squeeze,2024-07-05,31.82,true,confirmed,2,-32.9,16.1,-36.2
INTC,bollinger_squeeze,2024-08-30,22.04,false,confirmed,1,6.4,11.9,-16.0
INTC,bollinger_squeeze,2024-09-23,22.56,true,confirmed,3,1.2,9.3,-4.0
INTC,bollinger_squeeze,2024-11-06,25.05,false,fakeout,10,-17.0,5.5,-17.5
INTC,bollinger_squeeze,2025-01-17,21.49,false,confirmed,5,27.5,28.2,-12.6
INTC,bollinger_squeeze,2025-02-12,22.48,true,confirmed,1,5.4,22.6,-14.2
INTC,bollinger_squeeze,2025-05-12,22.18,false,fakeout,5,-0.5,3.2,-12.9
INTC,bollinger_squeeze,2025-06-24,22.55,timeout_up,marginal,20,4.2,6.6,-4.6
INTC,bollinger_squeeze,2025-09-18,30.57,false,confirmed,2,20.5,29.7,-6.0
INTC,bollinger_squeeze,2025-10-27,39.54,false,fakeout,6,-9.5,7.4,-16.8
INTC,bollinger_squeeze,2025-12-02,43.47,false,fakeout,2,-15.1,1.3,-19.6
INTC,bollinger_squeeze,2026-01-07,42.63,true,confirmed,4,13.2,28.1,-4.6
INTC,bollinger_squeeze,2026-04-02,50.38,true,confirmed,3,97.7,99.4,-1.0
INTC,ttm_squeeze,2021-10-19,50.85,false,fakeout,3,-7.7,1.6,-13.3
INTC,ttm_squeeze,2021-12-08,48.0,false,confirmed,8,4.4,8.5,-5.4
INTC,ttm_squeeze,2021-12-23,47.59,true,confirmed,8,1.2,9.7,-2.8
INTC,ttm_squeeze,2023-07-19,33.77,timeout_down,marginal,20,-2.3,7.9,-3.6
INTC,ttm_squeeze,2024-03-04,45.14,false,fakeout,1,-3.7,2.2,-11.1
INTC,ttm_squeeze,2024-07-08,33.78,true,confirmed,7,-40.8,9.3,-43.2
INTC,ttm_squeeze,2024-11-06,25.05,false,fakeout,10,-17.0,5.5,-17.5
INTC,ttm_squeeze,2025-05-05,20.27,true,confirmed,5,0.1,12.9,-4.7
INTC,ttm_squeeze,2025-09-18,30.57,false,confirmed,2,20.5,29.7,-6.0
INTC,ttm_squeeze,2026-04-02,50.38,true,confirmed,3,97.7,99.4,-1.0
INTC,volume_resistance,2021-10-21,51.58,false,fakeout,1,-10.7,-6.5,-14.5
INTC,volume_resistance,2023-03-29,30.76,false,fakeout,17,-5.3,7.4,-9.5
INTC,volume_resistance,2023-06-16,35.64,false,fakeout,2,-5.1,2.0,-13.7
INTC,volume_resistance,2023-09-07,37.55,false,fakeout,8,-6.0,5.0,-11.9
INTC,volume_resistance,2023-11-16,42.78,false,confirmed,13,6.5,9.0,-5.0
INTC,volume_resistance,2023-12-15,45.55,true,confirmed,6,-0.2,11.1,-2.0
INTC,volume_resistance,2024-07-17,34.24,false,fakeout,5,-41.8,5.3,-45.0
INTC,volume_resistance,2024-11-06,25.05,false,fakeout,10,-17.0,5.5,-17.5
INTC,volume_resistance,2025-02-18,27.39,false,fakeout,1,-5.4,-3.6,-29.6
INTC,volume_resistance,2025-08-15,24.56,false,confirmed,1,0.9,8.0,-7.2
INTC,volume_resistance,2025-09-18,30.57,false,confirmed,2,20.5,29.7,-6.0
INTC,volume_resistance,2025-10-24,38.28,true,confirmed,2,-9.9,11.0,-14.1
INTC,volume_resistance,2025-12-02,43.47,false,fakeout,2,-15.1,1.3,-19.6
INTC,volume_resistance,2026-01-09,45.55,true,confirmed,4,10.3,19.9,-7.2
INTC,volume_resistance,2026-04-08,58.95,true,confirmed,3,91.7,92.5,-0.9
INTC,volume_resistance,2026-04-24,82.54,true,confirmed,3,31.8,60.8,-2.1
INTC,high_52w_momentum,2023-09-05,36.11,true,confirmed,5,-2.8,9.2,-8.4
INTC,high_52w_momentum,2023-11-14,38.89,true,confirmed,2,13.1,15.0,0.4
INTC,high_52w_momentum,2023-12-14,44.58,true,confirmed,7,4.2,13.5,0.1
INTC,high_52w_momentum,2025-09-18,30.57,false,confirmed,2,20.5,29.7,-6.0
INTC,high_52w_momentum,2025-10-08,37.43,false,confirmed,4,2.5,13.5,-7.3
INTC,high_52w_momentum,2025-10-23,38.16,true,confirmed,3,-11.9,11.3,-12.3
INTC,high_52w_momentum,2025-12-02,43.47,false,fakeout,2,-15.1,1.3,-19.6
INTC,high_52w_momentum,2026-01-09,45.55,true,confirmed,4,10.3,19.9,-7.2
INTC,high_52w_momentum,2026-04-09,61.72,true,confirmed,5,77.6,85.5,-1.6
INTC,high_52w_momentum,2026-04-24,82.54,true,confirmed,3,31.8,60.8,-2.1
INTC,high_52w_momentum,2026-05-11,129.44,false,fakeout,1,-16.0,-1.3,-18.9
PYPL,donchian_20,2021-06-10,268.04,true,confirmed,10,11.4,11.6,-1.5
PYPL,donchian_20,2021-07-07,295.55,false,fakeout,16,-7.3,4.4,-9.3
PYPL,donchian_20,2021-07-23,306.89,false,fakeout,4,-11.5,0.5,-13.6
PYPL,donchian_20,2021-08-30,286.94,false,fakeout,14,-9.1,2.9,-9.3
PYPL,donchian_20,2022-03-18,118.14,false,fakeout,1,-15.3,3.5,-16.5
PYPL,donchian_20,2022-07-20,79.81,true,confirmed,5,23.9,28.4,-4.4
PYPL,donchian_20,2023-01-12,79.36,true,confirmed,14,1.3,11.1,-4.9
PYPL,donchian_20,2023-02-01,82.47,false,fakeout,6,-10.6,6.9,-12.4
PYPL,donchian_20,2023-04-17,76.92,false,fakeout,4,-19.5,0.8,-20.7
PYPL,donchian_20,2023-06-15,65.5,true,confirmed,17,11.6,12.0,-1.0
PYPL,donchian_20,2023-07-10,68.91,true,confirmed,7,-7.0,10.5,-10.2
PYPL,donchian_20,2023-07-31,75.42,false,fakeout,3,-18.7,0.6,-24.4
PYPL,donchian_20,2023-09-14,64.1,false,fakeout,4,-12.5,2.0,-13.3
PYPL,donchian_20,2023-11-15,57.94,false,confirmed,4,6.2,10.1,-5.1
PYPL,donchian_20,2023-12-13,61.4,false,fakeout,13,-1.2,3.9,-6.9
PYPL,donchian_20,2024-01-19,65.47,false,fakeout,4,-10.1,3.6,-15.3
PYPL,donchian_20,2024-03-13,62.12,true,confirmed,9,5.4,9.2,-0.4
PYPL,donchian_20,2024-04-30,67.56,false,fakeout,6,-10.1,-0.0,-10.4
PYPL,donchian_20,2024-06-06,66.66,false,fakeout,4,-11.8,1.9,-14.9
PYPL,donchian_20,2024-07-16,61.48,false,confirmed,6,5.3,8.9,-7.8
PYPL,donchian_20,2024-07-31,65.43,false,confirmed,2,7.1,11.4,-10.8
PYPL,donchian_20,2024-08-15,67.58,true,confirmed,10,3.2,9.5,-1.2
PYPL,donchian_20,2024-09-19,77.16,timeout_up,marginal,20,2.9,5.7,-2.7
PYPL,donchian_20,2024-10-08,80.73,false,fakeout,15,-2.4,3.1,-5.8
PYPL,donchian_20,2024-10-28,83.15,false,marginal,1,5.0,6.2,-8.5
PYPL,donchian_20,2024-12-04,88.85,false,marginal,12,-1.9,4.8,-5.4
PYPL,donchian_20,2025-05-05,68.18,true,confirmed,5,4.1,8.2,-1.2
PYPL,donchian_20,2025-06-10,74.36,false,fakeout,3,1.3,3.5,-9.7
PYPL,donchian_20,2025-07-02,75.9,false,fakeout,6,-9.9,4.2,-10.3
PYPL,donchian_20,2025-07-24,77.41,false,fakeout,3,-13.2,2.2,-14.5
PYPL,donchian_20,2025-10-06,70.91,true,confirmed,3,-4.1,11.1,-8.2
PYPL,donchian_20,2026-04-13,47.51,true,confirmed,5,-5.1,10.1,-6.3
PYPL,darvas_box,2021-07-23,306.89,false,fakeout,4,-11.5,0.5,-13.6
PYPL,darvas_box,2022-08-16,101.54,false,fakeout,3,-4.3,-1.1,-12.0
PYPL,darvas_box,2024-01-19,65.47,false,fakeout,4,-10.1,3.6,-15.3
PYPL,darvas_box,2024-08-20,71.51,false,fakeout,13,1.7,3.5,-6.6
PYPL,darvas_box,2024-09-19,77.16,timeout_up,marginal,20,2.9,5.7,-2.7
PYPL,darvas_box,2024-10-08,80.73,false,fakeout,15,-2.4,3.1,-5.8
PYPL,darvas_box,2024-10-28,83.15,false,marginal,1,5.0,6.2,-8.5
PYPL,darvas_box,2024-12-04,88.85,false,marginal,12,-1.9,4.8,-5.4
PYPL,darvas_box,2025-07-02,75.9,false,fakeout,6,-9.9,4.2,-10.3
PYPL,darvas_box,2025-07-24,77.41,false,fakeout,3,-13.2,2.2,-14.5
PYPL,bollinger_squeeze,2021-07-23,306.89,false,fakeout,4,-11.5,0.5,-13.6
PYPL,bollinger_squeeze,2021-08-30,286.94,false,fakeout,14,-9.1,2.9,-9.3
PYPL,bollinger_squeeze,2022-03-18,118.14,false,fakeout,1,-15.3,3.5,-16.5
PYPL,bollinger_squeeze,2022-06-02,87.85,false,fakeout,6,-19.2,1.1,-23.5
PYPL,bollinger_squeeze,2022-07-19,77.33,true,confirmed,2,31.3,32.5,-1.3
PYPL,bollinger_squeeze,2022-08-03,97.4,false,marginal,14,-4.6,5.2,-7.3
PYPL,bollinger_squeeze,2023-01-04,77.28,true,confirmed,20,11.9,14.1,-4.8
PYPL,bollinger_squeeze,2023-02-01,82.47,false,fakeout,6,-10.6,6.9,-12.4
PYPL,bollinger_squeeze,2023-04-17,76.92,false,fakeout,4,-19.5,0.8,-20.7
PYPL,bollinger_squeeze,2023-06-20,68.52,true,confirmed,19,7.7,8.9,-4.7
PYPL,bollinger_squeeze,2023-07-13,72.01,false,fakeout,15,-13.3,5.7,-14.4
PYPL,bollinger_squeeze,2023-11-15,57.94,false,confirmed,4,6.2,10.1,-5.1
PYPL,bollinger_squeeze,2023-12-01,59.33,timeout_up,marginal,20,3.0,7.5,-3.9
PYPL,bollinger_squeeze,2024-01-19,65.47,false,fakeout,4,-10.1,3.6,-15.3
PYPL,bollinger_squeeze,2024-03-13,62.12,true,confirmed,9,5.4,9.2,-0.4
PYPL,bollinger_squeeze,2024-06-06,66.66,false,fakeout,4,-11.8,1.9,-14.9
PYPL,bollinger_squeeze,2024-07-16,61.48,false,confirmed,6,5.3,8.9,-7.8
PYPL,bollinger_squeeze,2024-09-19,77.16,timeout_up,marginal,20,2.9,5.7,-2.7
PYPL,bollinger_squeeze,2024-10-28,83.15,false,marginal,1,5.0,6.2,-8.5
PYPL,bollinger_squeeze,2025-01-17,91.32,false,fakeout,6,-14.4,0.4,-18.0
PYPL,bollinger_squeeze,2025-06-10,74.36,false,fakeout,3,1.3,3.5,-9.7
PYPL,bollinger_squeeze,2025-10-06,70.91,true,confirmed,3,-4.1,11.1,-8.2
PYPL,bollinger_squeeze,2026-04-13,47.51,true,confirmed,5,-5.1,10.1,-6.3
PYPL,ttm_squeeze,2022-07-19,77.33,true,confirmed,2,31.3,32.5,-1.3
PYPL,ttm_squeeze,2023-04-18,76.01,false,fakeout,5,-20.4,0.1,-20.5
PYPL,ttm_squeeze,2024-03-13,62.12,true,confirmed,9,5.4,9.2,-0.4
PYPL,ttm_squeeze,2025-10-06,70.91,true,confirmed,3,-4.1,11.1,-8.2
PYPL,ttm_squeeze,2026-04-14,47.97,true,confirmed,5,-5.3,9.0,-7.5
PYPL,volume_resistance,2021-06-18,281.87,true,confirmed,16,4.0,8.6,-2.3
PYPL,volume_resistance,2022-08-03,97.4,false,marginal,14,-4.6,5.2,-7.3
PYPL,volume_resistance,2023-08-02,72.81,false,fakeout,1,-13.4,-8.6,-21.7
PYPL,volume_resistance,2024-01-19,65.47,false,fakeout,4,-10.1,3.6,-15.3
PYPL,volume_resistance,2024-08-20,71.51,false,fakeout,13,1.7,3.5,-6.6
PYPL,volume_resistance,2025-07-28,77.8,false,fakeout,1,-11.2,-6.3,-14.9
PYPL,high_52w_momentum,2024-08-15,67.58,true,confirmed,10,3.2,9.5,-1.2
PYPL,high_52w_momentum,2024-09-19,77.16,timeout_up,marginal,20,2.9,5.7,-2.7
PYPL,high_52w_momentum,2024-10-07,79.83,timeout_down,marginal,20,-2.7,4.3,-4.7
PYPL,high_52w_momentum,2024-10-25,81.27,false,marginal,2,6.2,7.6,-6.4
PYPL,high_52w_momentum,2024-11-11,86.48,false,marginal,6,2.1,7.7,-5.1
PYPL,high_52w_momentum,2024-12-04,88.85,false,marginal,12,-1.9,4.8,-5.4
PYPL,high_52w_momentum,2025-01-17,91.32,false,fakeout,6,-14.4,0.4,-18.0
SBUX,donchian_20,2021-07-01,100.92,true,confirmed,14,7.1,11.4,0.3
SBUX,donchian_20,2021-07-22,109.13,false,fakeout,13,-6.4,3.0,-7.0
SBUX,donchian_20,2021-09-09,106.12,false,fakeout,7,-5.5,1.7,-7.8
SBUX,donchian_20,2021-11-05,104.44,false,fakeout,4,-2.6,0.5,-6.8
SBUX,donchian_20,2022-07-19,74.96,true,confirmed,19,8.9,9.6,-3.1
SBUX,donchian_20,2022-08-03,79.25,timeout_down,fakeout,20,-3.1,3.6,-4.7
SBUX,donchian_20,2022-09-14,84.66,false,fakeout,6,-6.3,0.5,-10.3
SBUX,donchian_20,2022-11-04,83.89,true,confirmed,5,13.4,15.6,-2.8
SBUX,donchian_20,2022-11-30,93.87,false,fakeout,15,-2.4,3.3,-5.9
SBUX,donchian_20,2023-01-06,98.0,timeout_down,fakeout,20,-1.6,3.9,-3.4
SBUX,donchian_20,2023-01-26,99.9,false,fakeout,6,-6.1,1.9,-6.8
SBUX,donchian_20,2023-04-11,97.61,true,confirmed,13,0.9,9.2,-1.8
SBUX,donchian_20,2023-04-26,102.9,false,fakeout,5,-10.2,3.6,-10.6
SBUX,donchian_20,2023-07-21,95.39,false,fakeout,19,-4.9,1.6,-6.3
SBUX,donchian_20,2023-11-02,93.28,true,confirmed,10,-0.3,8.2,-2.0
SBUX,donchian_20,2024-06-03,78.02,false,fakeout,18,-6.4,1.6,-7.1
SBUX,donchian_20,2024-08-13,91.16,false,fakeout,17,3.0,3.6,-5.4
SBUX,donchian_20,2024-09-12,94.95,false,fakeout,8,-5.4,0.2,-5.6
SBUX,donchian_20,2024-11-11,95.93,timeout_down,fakeout,20,-1.5,3.6,-4.1
SBUX,donchian_20,2025-01-17,91.54,true,confirmed,7,19.5,19.9,0.3
SBUX,donchian_20,2025-02-04,106.43,timeout_up,marginal,20,1.5,6.8,-0.7
SBUX,donchian_20,2025-02-28,112.04,false,fakeout,4,-15.6,1.4,-18.2
SBUX,donchian_20,2025-05-13,84.05,true,confirmed,20,10.6,11.2,-4.4
SBUX,donchian_20,2025-06-04,85.84,true,confirmed,5,7.2,8.9,-1.4
SBUX,donchian_20,2025-12-18,88.33,false,marginal,3,4.7,5.3,-7.2
SBUX,donchian_20,2026-01-14,90.04,true,confirmed,9,6.2,15.0,-0.6
SBUX,donchian_20,2026-03-10,100.18,false,fakeout,6,-3.5,1.7,-15.1
SBUX,donchian_20,2026-04-17,99.42,true,confirmed,16,7.4,8.9,-3.5
SBUX,darvas_box,2021-07-22,109.13,false,fakeout,13,-6.4,3.0,-7.0
SBUX,darvas_box,2022-08-12,80.65,false,fakeout,11,0.9,2.3,-7.5
SBUX,darvas_box,2022-09-14,84.66,false,fakeout,6,-6.3,0.5,-10.3
SBUX,darvas_box,2022-11-10,88.42,true,confirmed,15,5.7,9.6,-1.2
SBUX,darvas_box,2023-01-06,98.0,timeout_down,fakeout,20,-1.6,3.9,-3.4
SBUX,darvas_box,2023-01-26,99.9,false,fakeout,6,-6.1,1.9,-6.8
SBUX,darvas_box,2023-04-26,102.9,false,fakeout,5,-10.2,3.6,-10.6
SBUX,darvas_box,2024-08-27,94.3,false,fakeout,4,-3.0,0.9,-8.5
SBUX,darvas_box,2024-09-12,94.95,false,fakeout,8,-5.4,0.2,-5.6
SBUX,darvas_box,2024-11-11,95.93,timeout_down,fakeout,20,-1.5,3.6,-4.1
SBUX,darvas_box,2025-01-29,104.48,timeout_up,marginal,20,6.0,7.1,-2.8
SBUX,darvas_box,2026-01-14,90.04,true,confirmed,9,6.2,15.0,-0.6
SBUX,darvas_box,2026-04-29,104.89,timeout_up,fakeout,12,1.8,3.2,-2.4
SBUX,bollinger_squeeze,2021-07-02,102.31,true,confirmed,14,4.7,9.9,-0.6
SBUX,bollinger_squeeze,2021-09-10,106.61,false,fakeout,3,-6.8,0.7,-8.3
SBUX,bollinger_squeeze,2021-12-07,104.31,false,fakeout,8,-5.0,1.3,-8.3
SBUX,bollinger_squeeze,2022-07-19,74.96,true,confirmed,19,8.9,9.6,-3.1
SBUX,bollinger_squeeze,2022-09-14,84.66,false,fakeout,6,-6.3,0.5,-10.3
SBUX,bollinger_squeeze,2022-11-04,83.89,true,confirmed,5,13.4,15.6,-2.8
SBUX,bollinger_squeeze,2023-01-06,98.0,timeout_down,fakeout,20,-1.6,3.9,-3.4
SBUX,bollinger_squeeze,2023-04-03,96.79,true,confirmed,18,9.2,10.1,-1.7
SBUX,bollinger_squeeze,2023-04-27,104.08,false,fakeout,4,-12.3,2.4,-12.9
SBUX,bollinger_squeeze,2023-11-02,93.28,true,confirmed,10,-0.3,8.2,-2.0
SBUX,bollinger_squeeze,2024-02-06,89.72,timeout_down,fakeout,20,-3.6,3.0,-4.2
SBUX,bollinger_squeeze,2024-08-13,91.16,false,fakeout,17,3.0,3.6,-5.4
SBUX,bollinger_squeeze,2024-09-11,93.91,timeout_down,fakeout,20,-2.4,1.3,-4.1
SBUX,bollinger_squeeze,2024-11-11,95.93,timeout_down,fakeout,20,-1.5,3.6,-4.1
SBUX,bollinger_squeeze,2025-01-21,94.28,true,confirmed,6,15.4,16.4,-1.0
SBUX,bollinger_squeeze,2025-05-13,84.05,true,confirmed,20,10.6,11.2,-4.4
SBUX,bollinger_squeeze,2025-06-06,87.34,timeout_up,marginal,20,5.9,7.0,-0.6
SBUX,bollinger_squeeze,2025-07-22,94.45,false,fakeout,5,-5.6,2.0,-11.8
SBUX,bollinger_squeeze,2025-10-02,85.05,false,fakeout,2,-4.1,0.9,-9.6
SBUX,bollinger_squeeze,2025-12-18,88.33,false,marginal,3,4.7,5.3,-7.2
SBUX,bollinger_squeeze,2026-03-10,100.18,false,fakeout,6,-3.5,1.7,-15.1
SBUX,ttm_squeeze,2021-07-02,102.31,true,confirmed,14,4.7,9.9,-0.6
SBUX,ttm_squeeze,2021-10-20,101.72,false,fakeout,7,-0.8,3.2,-8.6
SBUX,ttm_squeeze,2021-12-08,104.3,false,fakeout,7,-4.4,1.3,-8.3
SBUX,ttm_squeeze,2022-11-08,84.71,true,confirmed,11,10.5,14.4,-1.0
SBUX,ttm_squeeze,2023-11-02,93.28,true,confirmed,10,-0.3,8.2,-2.0
SBUX,ttm_squeeze,2024-02-07,89.38,timeout_down,fakeout,20,-4.0,3.4,-4.7
SBUX,ttm_squeeze,2024-08-13,91.16,false,fakeout,17,3.0,3.6,-5.4
SBUX,ttm_squeeze,2024-11-01,94.55,timeout_up,marginal,20,3.3,5.1,-4.1
SBUX,ttm_squeeze,2024-11-22,98.63,false,fakeout,14,-14.7,0.8,-15.8
SBUX,ttm_squeeze,2025-12-19,87.25,false,confirmed,2,9.2,9.3,-6.0
SBUX,ttm_squeeze,2026-02-26,97.51,false,fakeout,14,-7.0,4.4,-7.5
SBUX,volume_resistance,2021-07-28,108.93,false,fakeout,9,-5.2,0.9,-6.8
SBUX,volume_resistance,2022-08-03,79.25,timeout_down,fakeout,20,-3.1,3.6,-4.7
SBUX,volume_resistance,2022-09-14,84.66,false,fakeout,6,-6.3,0.5,-10.3
SBUX,volume_resistance,2022-11-30,93.87,false,fakeout,15,-2.4,3.3,-5.9
SBUX,volume_resistance,2022-12-16,90.78,true,confirmed,13,6.2,8.9,-2.7
SBUX,volume_resistance,2023-01-06,98.0,timeout_down,fakeout,20,-1.6,3.9,-3.4
SBUX,volume_resistance,2023-02-02,100.26,false,fakeout,1,-3.7,0.5,-7.2
SBUX,volume_resistance,2023-04-26,102.9,false,fakeout,5,-10.2,3.6,-10.6
SBUX,volume_resistance,2024-08-13,91.16,false,fakeout,17,3.0,3.6,-5.4
SBUX,volume_resistance,2025-01-29,104.48,timeout_up,marginal,20,6.0,7.1,-2.8
SBUX,volume_resistance,2025-03-06,102.04,false,fakeout,2,-16.3,1.3,-16.9
SBUX,volume_resistance,2025-12-18,88.33,false,marginal,3,4.7,5.3,-7.2
SBUX,volume_resistance,2026-01-20,92.52,true,confirmed,6,2.9,11.9,-3.2
SBUX,volume_resistance,2026-04-29,104.89,timeout_up,fakeout,12,1.8,3.2,-2.4
SBUX,high_52w_momentum,2023-01-13,98.49,timeout_up,fakeout,20,1.7,3.4,-3.9
SBUX,high_52w_momentum,2023-01-31,100.25,false,fakeout,3,-6.6,1.5,-7.2
SBUX,high_52w_momentum,2023-04-26,102.9,false,fakeout,5,-10.2,3.6,-10.6
SBUX,high_52w_momentum,2024-11-22,98.63,false,fakeout,14,-14.7,0.8,-15.8
SBUX,high_52w_momentum,2025-02-04,106.43,timeout_up,marginal,20,1.5,6.8,-0.7
SBUX,high_52w_momentum,2025-02-20,109.65,false,fakeout,10,-12.4,3.6,-15.4
SBUX,high_52w_momentum,2026-03-11,100.85,false,fakeout,5,-4.5,1.0,-15.6
SBUX,high_52w_momentum,2026-04-29,104.89,timeout_up,fakeout,12,1.8,3.2,-2.4
PFE,donchian_20,2021-05-03,30.53,timeout_down,fakeout,20,-2.4,3.2,-3.8
PFE,donchian_20,2021-06-10,31.48,timeout_down,fakeout,20,-2.6,-0.0,-4.9
PFE,donchian_20,2021-07-16,31.23,true,confirmed,8,21.2,21.5,-1.7
PFE,donchian_20,2021-08-02,34.33,true,confirmed,6,6.4,18.0,0.3
PFE,donchian_20,2021-08-17,39.38,false,fakeout,6,-11.2,2.9,-12.3
PFE,donchian_20,2021-11-02,35.49,true,confirmed,3,21.4,23.6,-3.9
PFE,donchian_20,2021-11-17,40.08,true,confirmed,6,20.4,20.8,-1.1
PFE,donchian_20,2021-12-15,46.32,false,fakeout,13,-5.5,4.9,-8.3
PFE,donchian_20,2022-03-14,41.48,timeout_up,marginal,20,3.2,7.8,-3.6
PFE,donchian_20,2022-05-20,41.99,false,fakeout,15,-8.3,4.7,-11.8
PFE,donchian_20,2022-10-21,36.25,true,confirmed,16,8.2,11.8,-0.1
PFE,donchian_20,2022-11-14,40.05,true,confirmed,20,7.8,9.7,-3.5
PFE,donchian_20,2022-11-30,40.78,true,confirmed,10,2.4,9.6,-1.9
PFE,donchian_20,2023-04-03,33.94,false,fakeout,15,-5.5,2.1,-7.4
PFE,donchian_20,2023-06-13,33.42,false,fakeout,8,-10.5,0.2,-12.2
PFE,donchian_20,2024-01-02,25.28,false,fakeout,9,-7.5,1.0,-8.6
PFE,donchian_20,2024-03-11,24.49,false,fakeout,17,-5.6,1.1,-7.1
PFE,donchian_20,2024-05-02,23.91,true,confirmed,14,5.0,8.6,-1.1
PFE,donchian_20,2024-05-22,25.93,false,fakeout,4,-6.3,0.4,-9.2
PFE,donchian_20,2024-07-11,25.11,true,confirmed,11,1.8,11.6,0.5
PFE,donchian_20,2024-07-26,27.34,false,fakeout,6,-6.1,2.5,-9.5
PFE,donchian_20,2024-09-09,26.13,timeout_down,fakeout,20,-0.7,3.2,-4.0
PFE,donchian_20,2024-12-23,24.1,timeout_down,fakeout,20,-0.7,3.2,-3.2
PFE,donchian_20,2025-06-09,22.4,true,confirmed,19,6.6,8.3,-0.8
PFE,donchian_20,2025-07-01,23.4,timeout_down,marginal,20,-3.3,4.0,-3.3
PFE,donchian_20,2025-08-13,23.92,timeout_down,fakeout,20,-1.2,3.8,-3.4
PFE,donchian_20,2025-09-30,24.23,true,confirmed,3,-3.8,8.7,-5.2
PFE,donchian_20,2025-11-11,24.68,timeout_up,fakeout,20,1.1,3.8,-4.8
PFE,donchian_20,2025-12-15,25.57,false,fakeout,1,-3.2,0.3,-6.1
PFE,donchian_20,2026-01-22,25.25,true,confirmed,13,3.8,8.8,-1.6
PFE,donchian_20,2026-02-06,26.78,timeout_down,fakeout,20,-1.5,2.6,-3.7
PFE,donchian_20,2026-03-31,27.62,false,fakeout,16,-6.5,2.4,-6.7
PFE,darvas_box,2021-11-18,40.5,true,confirmed,6,15.7,19.5,-2.2
PFE,darvas_box,2021-12-15,46.32,false,fakeout,13,-5.5,4.9,-8.3
PFE,darvas_box,2022-11-30,40.78,true,confirmed,10,2.4,9.6,-1.9
PFE,darvas_box,2024-07-17,26.31,timeout_down,marginal,20,-2.5,6.5,-4.4
PFE,darvas_box,2025-08-21,24.47,false,fakeout,9,-6.6,1.4,-8.0
PFE,darvas_box,2025-10-01,25.87,false,fakeout,5,-10.7,1.8,-11.2
PFE,darvas_box,2026-02-06,26.78,timeout_down,fakeout,20,-1.5,2.6,-3.7
PFE,darvas_box,2026-03-31,27.62,false,fakeout,16,-6.5,2.4,-6.7
PFE,bollinger_squeeze,2021-07-15,31.03,true,confirmed,9,18.9,22.2,-1.0
PFE,bollinger_squeeze,2021-11-02,35.49,true,confirmed,3,21.4,23.6,-3.9
PFE,bollinger_squeeze,2022-03-14,41.48,timeout_up,marginal,20,3.2,7.8,-3.6
PFE,bollinger_squeeze,2022-04-07,43.79,false,fakeout,6,-11.1,2.1,-14.6
PFE,bollinger_squeeze,2022-05-17,41.09,false,fakeout,18,-5.5,7.0,-8.1
PFE,bollinger_squeeze,2022-10-28,38.25,timeout_up,marginal,20,5.4,5.9,-1.9
PFE,bollinger_squeeze,2022-12-01,41.55,timeout_up,marginal,20,0.3,7.5,-3.7
PFE,bollinger_squeeze,2023-04-03,33.94,false,fakeout,15,-5.5,2.1,-7.4
PFE,bollinger_squeeze,2023-05-23,32.89,false,fakeout,2,-2.3,1.8,-7.0
PFE,bollinger_squeeze,2023-07-24,31.12,false,fakeout,8,-0.2,0.6,-6.6
PFE,bollinger_squeeze,2024-03-11,24.49,false,fakeout,17,-5.6,1.1,-7.1
PFE,bollinger_squeeze,2024-07-11,25.11,true,confirmed,11,1.8,11.6,0.5
PFE,bollinger_squeeze,2024-07-26,27.34,false,fakeout,6,-6.1,2.5,-9.5
PFE,bollinger_squeeze,2024-09-09,26.13,timeout_down,fakeout,20,-0.7,3.2,-4.0
PFE,bollinger_squeeze,2024-12-23,24.1,timeout_down,fakeout,20,-0.7,3.2,-3.2
PFE,bollinger_squeeze,2025-01-27,24.64,false,fakeout,10,-0.4,0.8,-6.3
PFE,bollinger_squeeze,2025-06-10,22.71,timeout_up,marginal,20,6.1,7.2,-2.2
PFE,bollinger_squeeze,2025-07-02,23.67,false,fakeout,20,-6.4,2.9,-7.0
PFE,bollinger_squeeze,2025-09-30,24.23,true,confirmed,3,-3.8,8.7,-5.2
PFE,bollinger_squeeze,2025-11-11,24.68,timeout_up,fakeout,20,1.1,3.8,-4.8
PFE,bollinger_squeeze,2025-12-15,25.57,false,fakeout,1,-3.2,0.3,-6.1
PFE,bollinger_squeeze,2026-01-15,25.05,true,confirmed,17,8.3,9.7,-3.1
PFE,bollinger_squeeze,2026-02-06,26.78,timeout_down,fakeout,20,-1.5,2.6,-3.7
PFE,bollinger_squeeze,2026-03-30,27.32,false,fakeout,17,-4.6,3.5,-5.2
PFE,ttm_squeeze,2021-07-15,31.03,true,confirmed,9,18.9,22.2,-1.0
PFE,ttm_squeeze,2022-05-17,41.09,false,fakeout,18,-5.5,7.0,-8.1
PFE,ttm_squeeze,2024-07-11,25.11,true,confirmed,11,1.8,11.6,0.5
PFE,ttm_squeeze,2024-09-10,26.42,false,fakeout,18,-1.9,2.1,-5.0
PFE,ttm_squeeze,2024-12-23,24.1,timeout_down,fakeout,20,-0.7,3.2,-3.2
PFE,ttm_squeeze,2025-11-11,24.68,timeout_up,fakeout,20,1.1,3.8,-4.8
PFE,ttm_squeeze,2025-12-15,25.57,false,fakeout,1,-3.2,0.3,-6.1
PFE,ttm_squeeze,2026-01-16,24.82,true,confirmed,14,8.5,10.8,-2.2
PFE,ttm_squeeze,2026-04-01,28.09,false,fakeout,3,-6.5,0.7,-8.2
PFE,volume_resistance,2021-07-20,31.77,true,confirmed,9,23.9,24.1,-1.3
PFE,volume_resistance,2021-08-10,37.63,false,marginal,16,-3.5,7.6,-5.7
PFE,volume_resistance,2022-11-30,40.78,true,confirmed,10,2.4,9.6,-1.9
PFE,volume_resistance,2022-12-16,41.81,false,fakeout,14,-12.5,1.5,-12.5
PFE,volume_resistance,2024-05-31,25.11,false,fakeout,9,-1.5,3.7,-6.2
PFE,volume_resistance,2024-07-30,27.89,false,fakeout,4,-8.2,-0.2,-11.3
PFE,volume_resistance,2025-10-01,25.87,false,fakeout,5,-10.7,1.8,-11.2
PFE,volume_resistance,2026-01-27,26.07,timeout_up,marginal,20,2.2,5.4,-4.7
PFE,high_52w_momentum,2026-01-27,26.07,timeout_up,marginal,20,2.2,5.4,-4.7
PFE,high_52w_momentum,2026-02-11,27.28,false,fakeout,15,-3.1,0.8,-5.5
PFE,high_52w_momentum,2026-03-30,27.32,false,fakeout,17,-4.6,3.5,-5.2
MRNA,donchian_20,2021-06-02,191.6,true,confirmed,2,22.6,28.2,-1.5
MRNA,donchian_20,2021-06-29,234.46,false,confirmed,5,49.0,54.4,-8.7
MRNA,donchian_20,2021-07-15,259.67,true,confirmed,1,50.7,91.6,4.6
MRNA,donchian_20,2021-08-03,386.51,true,confirmed,1,-2.5,28.7,-9.7
MRNA,donchian_20,2021-09-09,455.92,false,fakeout,2,-32.1,2.0,-35.6
MRNA,donchian_20,2021-11-29,368.51,false,fakeout,1,-34.5,-2.9,-36.6
MRNA,donchian_20,2022-03-16,169.36,false,confirmed,1,0.2,11.0,-11.0
MRNA,donchian_20,2022-07-05,155.54,true,confirmed,2,3.4,16.2,-3.3
MRNA,donchian_20,2022-08-03,186.49,false,fakeout,4,-29.1,5.9,-29.4
MRNA,donchian_20,2022-10-26,142.0,true,confirmed,3,24.5,32.9,-4.9
MRNA,donchian_20,2022-11-11,171.2,true,confirmed,2,-3.5,10.2,-4.9
MRNA,donchian_20,2022-12-13,197.54,true,confirmed,1,-4.8,10.0,-13.2
MRNA,donchian_20,2023-04-03,159.48,false,fakeout,5,-17.6,2.4,-19.1
MRNA,donchian_20,2023-12-14,85.87,true,confirmed,6,19.0,35.1,-2.6
MRNA,donchian_20,2024-01-02,112.5,false,fakeout,2,-10.2,3.1,-14.1
MRNA,donchian_20,2024-03-08,103.03,true,confirmed,1,2.0,10.9,-5.9
MRNA,donchian_20,2024-05-02,125.59,false,confirmed,2,13.5,35.7,-7.1
MRNA,donchian_20,2024-05-20,141.01,true,confirmed,2,-5.5,20.9,-6.7
MRNA,donchian_20,2025-01-07,47.53,false,fakeout,1,-29.3,0.4,-32.8
MRNA,donchian_20,2025-07-02,30.28,true,confirmed,3,-2.4,17.5,-3.2
MRNA,donchian_20,2025-07-23,34.67,false,fakeout,4,-22.4,1.2,-27.0
MRNA,donchian_20,2025-10-01,27.6,false,fakeout,9,-10.5,6.7,-11.6
MRNA,donchian_20,2025-12-05,27.7,true,confirmed,5,28.7,30.9,-2.9
MRNA,donchian_20,2025-12-22,34.9,false,confirmed,1,48.6,58.2,-16.7
MRNA,donchian_20,2026-01-13,39.6,true,confirmed,4,2.3,39.4,-7.4
MRNA,donchian_20,2026-03-04,57.8,false,fakeout,1,-13.4,1.6,-18.4
MRNA,darvas_box,2021-07-14,246.66,true,confirmed,2,56.2,101.7,-0.5
MRNA,darvas_box,2021-08-03,386.51,true,confirmed,1,-2.5,28.7,-9.7
MRNA,darvas_box,2022-08-03,186.49,false,fakeout,4,-29.1,5.9,-29.4
MRNA,darvas_box,2022-12-13,197.54,true,confirmed,1,-4.8,10.0,-13.2
MRNA,darvas_box,2024-05-02,125.59,false,confirmed,2,13.5,35.7,-7.1
MRNA,darvas_box,2025-07-23,34.67,false,fakeout,4,-22.4,1.2,-27.0
MRNA,darvas_box,2026-01-13,39.6,true,confirmed,4,2.3,39.4,-7.4
MRNA,darvas_box,2026-03-04,57.8,false,fakeout,1,-13.4,1.6,-18.4
MRNA,bollinger_squeeze,2021-06-02,191.6,true,confirmed,2,22.6,28.2,-1.5
MRNA,bollinger_squeeze,2021-06-29,234.46,false,confirmed,5,49.0,54.4,-8.7
MRNA,bollinger_squeeze,2021-07-15,259.67,true,confirmed,1,50.7,91.6,4.6
MRNA,bollinger_squeeze,2021-09-09,455.92,false,fakeout,2,-32.1,2.0,-35.6
MRNA,bollinger_squeeze,2022-03-16,169.36,false,confirmed,1,0.2,11.0,-11.0
MRNA,bollinger_squeeze,2022-07-07,172.4,false,confirmed,5,12.6,14.5,-12.0
MRNA,bollinger_squeeze,2022-08-03,186.49,false,fakeout,4,-29.1,5.9,-29.4
MRNA,bollinger_squeeze,2022-10-17,139.25,false,confirmed,2,28.6,32.3,-15.0
MRNA,bollinger_squeeze,2022-12-13,197.54,true,confirmed,1,-4.8,10.0,-13.2
MRNA,bollinger_squeeze,2023-04-03,159.48,false,fakeout,5,-17.6,2.4,-19.1
MRNA,bollinger_squeeze,2023-12-14,85.87,true,confirmed,6,19.0,35.1,-2.6
MRNA,bollinger_squeeze,2024-01-02,112.5,false,fakeout,2,-10.2,3.1,-14.1
MRNA,bollinger_squeeze,2024-04-29,111.62,true,confirmed,3,37.3,52.7,-2.3
MRNA,bollinger_squeeze,2025-01-07,47.53,false,fakeout,1,-29.3,0.4,-32.8
MRNA,bollinger_squeeze,2025-07-02,30.28,true,confirmed,3,-2.4,17.5,-3.2
MRNA,bollinger_squeeze,2025-09-22,26.56,false,confirmed,3,2.6,10.9,-10.0
MRNA,bollinger_squeeze,2025-12-05,27.7,true,confirmed,5,28.7,30.9,-2.9
MRNA,ttm_squeeze,2021-09-09,455.92,false,fakeout,2,-32.1,2.0,-35.6
MRNA,ttm_squeeze,2022-05-31,145.33,false,marginal,2,-1.7,5.1,-20.5
MRNA,ttm_squeeze,2023-07-19,125.17,false,fakeout,5,-21.0,1.8,-24.1
MRNA,ttm_squeeze,2023-12-19,89.09,true,confirmed,3,11.9,30.2,-3.3
MRNA,ttm_squeeze,2024-04-30,110.31,true,confirmed,2,34.1,54.5,-1.2
MRNA,ttm_squeeze,2025-03-17,34.71,false,fakeout,3,-22.8,0.8,-33.3
MRNA,ttm_squeeze,2025-07-02,30.28,true,confirmed,3,-2.4,17.5,-3.2
MRNA,ttm_squeeze,2025-10-01,27.6,false,fakeout,9,-10.5,6.7,-11.6
MRNA,ttm_squeeze,2026-04-16,54.68,false,confirmed,3,-8.5,8.8,-20.1
MRNA,volume_resistance,2021-06-04,206.07,true,confirmed,1,13.7,19.2,-6.2
MRNA,volume_resistance,2021-07-15,259.67,true,confirmed,1,50.7,91.6,4.6
MRNA,volume_resistance,2021-08-09,484.47,false,fakeout,1,-9.9,2.7,-28.0
MRNA,volume_resistance,2022-08-03,186.49,false,fakeout,4,-29.1,5.9,-29.4
MRNA,volume_resistance,2022-12-13,197.54,true,confirmed,1,-4.8,10.0,-13.2
MRNA,volume_resistance,2024-01-02,112.5,false,fakeout,2,-10.2,3.1,-14.1
MRNA,volume_resistance,2024-05-02,125.59,false,confirmed,2,13.5,35.7,-7.1
MRNA,volume_resistance,2024-05-22,163.33,false,fakeout,3,-18.3,4.4,-20.1
MRNA,volume_resistance,2025-07-08,32.54,false,confirmed,9,-15.6,9.4,-18.4
MRNA,volume_resistance,2025-12-19,33.8,false,confirmed,4,47.4,47.9,-14.0
MRNA,volume_resistance,2026-01-13,39.6,true,confirmed,4,2.3,39.4,-7.4
MRNA,volume_resistance,2026-03-04,57.8,false,fakeout,1,-13.4,1.6,-18.4
MRNA,high_52w_momentum,2024-05-20,141.01,true,confirmed,2,-5.5,20.9,-6.7
MRNA,high_52w_momentum,2026-01-21,49.81,true,confirmed,1,-0.2,10.8,-26.4
MRNA,high_52w_momentum,2026-02-27,53.57,false,confirmed,1,-7.5,11.2,-10.2
